Excel_Row_Index,Geosite_Name,Geosite_Type,Geological_Domain,Administrative_Region,Latitude_WGS84,Longitude_WGS84,Elevation_m,Slope_deg,Ruggedness,Dist_to_Dam_m,Dist_to_River_m,LULC_Class,Soil_Class,Geology_Class,Domain_Geosite_Count,Region_Geosite_Count,Dist_to_Highway_m,Dist_to_Piste_m,Accessibility,Accessibility_v1,Fuzzy_Accessibility_Score,Fuzzy_Accessibility_Category
2,Eburnian-Proterozoic Unconformity,SG,Anti-Atlas ,Draâ-Tafilalet,30.54701809792364,-7.122467385495109,1500.8162841796875,5.484938621520996,131.98768615722656,7333.60986328125,0.0,5.0,3.0,49.0,32.0,105.0,0.0,2366.864,Easy,Moderate,0.9229221160638705,Easy
3, Bou Offroh ophiolit,PT,Anti-Atlas ,Draâ-Tafilalet,30.54671313620237,-6.971048117972587,1521.392822265625,3.337613821029663,136.69766235351562,21534.79296875,1183.4320068359375,5.0,3.0,,32.0,105.0,0.0,0.0,Easy,Moderate,0.9241870564425148,Easy
4,Oceanic Moho rocks,PT,Anti-Atlas ,Draâ-Tafilalet,30.490992892858085,-6.612429949729095,1377.357177734375,0.0,94.74175262451172,46135.5,3783.313720703125,5.0,3.0,56.0,32.0,105.0,0.0,1183.432,Easy,Moderate,0.9656437746932267,Easy
5,Tamaliout Folding & Thrusting ,PT,Anti-Atlas ,Draâ-Tafilalet,30.43212980063328,-6.658345105114725,1068.709228515625,2.060389995574951,83.93598937988281,39966.9765625,8517.0419921875,5.0,3.0,10.0,32.0,105.0,8368.128,5917.16,Difficult,Moderate,1.1876426841335766e-07,Difficult
6,Bleida granodiorite,PT,Anti-Atlas ,Draâ-Tafilalet,30.368905368656545,-6.46223994636819,1480.23974609375,3.011687755584717,106.47064971923828,31934.318359375,4256.6865234375,5.0,3.0,8.0,32.0,105.0,0.0,0.0,Easy,Moderate,0.9536049803419256,Easy
7,Sauropod tracksite,S & PL,Western High Atlas,Marrakech-Safi,31.1145,-8.982833333333334,1336.2041015625,4.233494281768799,196.8470153808593,29108.75390625,0.0,15.0,9.0,,8.0,41.0,0.0,2366.864,Easy,Difficult,0.8140282949253829,Easy
8,Tension joints & veins ,SG,Central High Atlas,Draâ-Tafilalet,32.59281111111111,-4.504277777777777,1747.7347412109375,0.4980932772159576,73.61725616455078,27196.919921875,0.0,10.0,3.0,71.0,119.0,105.0,0.0,0.0,Easy,Easy,0.9742620316354718,Easy
9,Fault mirror,SG,Central High Atlas,Draâ-Tafilalet,32.59246944444445,-4.504686111111111,1747.7347412109375,0.4980932772159576,73.61725616455078,27196.919921875,0.0,10.0,3.0,71.0,119.0,105.0,0.0,0.0,Easy,Easy,0.9742620316354718,Easy
10,Turbidite/tempesitie,S,Central High Atlas,Draâ-Tafilalet,32.59108611111111,-4.504991666666666,1747.7347412109375,0.4980932772159576,73.61725616455078,27196.919921875,0.0,10.0,3.0,71.0,119.0,105.0,0.0,0.0,Easy,Easy,0.9742620316354718,Easy
11,Synsedimentary Fd,SG,Central High Atlas,Draâ-Tafilalet,32.590869444444444,-4.504938888888889,1747.7347412109375,0.4980932772159576,73.61725616455078,27196.919921875,0.0,10.0,3.0,71.0,119.0,105.0,0.0,0.0,Easy,Easy,0.9742620316354718,Easy
12,Bioclastic limestone,PL,Central High Atlas,Draâ-Tafilalet,32.59060277777778,-4.505005555555556,1747.7347412109375,0.4980932772159576,73.61725616455078,27196.919921875,0.0,10.0,3.0,71.0,119.0,105.0,0.0,0.0,Easy,Easy,0.9742620316354718,Easy
13,Current ripples,S,Central High Atlas,Draâ-Tafilalet,32.590297222222226,-4.5050638888888885,1747.7347412109375,0.4980932772159576,73.61725616455078,27196.919921875,0.0,10.0,3.0,71.0,119.0,105.0,0.0,0.0,Easy,Easy,0.9742620316354718,Easy
14,Th. Burrows ,PL,Central High Atlas,Draâ-Tafilalet,32.59028055555556,-4.504902777777778,1747.7347412109375,0.4980932772159576,73.61725616455078,27196.919921875,0.0,10.0,3.0,71.0,119.0,105.0,0.0,0.0,Easy,Easy,0.9742620316354718,Easy
15,Limestone-marls  seq. ,S,Central High Atlas,Draâ-Tafilalet,32.590050000000005,-4.504761111111111,1747.7347412109375,0.4980932772159576,73.61725616455078,27196.919921875,0.0,10.0,3.0,71.0,119.0,105.0,0.0,0.0,Easy,Easy,0.9742620316354718,Easy
16,Horst-graben structures ,SG,Central High Atlas,Draâ-Tafilalet,32.590025000000004,-4.504727777777778,1747.7347412109375,0.4980932772159576,73.61725616455078,27196.919921875,0.0,10.0,3.0,71.0,119.0,105.0,0.0,0.0,Easy,Easy,0.9742620316354718,Easy
17,Bioclastic limestone,PL,Central High Atlas,Draâ-Tafilalet,32.589975,-4.504786111111111,1747.7347412109375,0.4980932772159576,73.61725616455078,27196.919921875,0.0,10.0,3.0,71.0,119.0,105.0,0.0,0.0,Easy,Easy,0.9742620316354718,Easy
18,Rhizocorallium burrows ,PL,Central High Atlas,Draâ-Tafilalet,32.58986388888889,-4.504866666666667,1747.7347412109375,0.4980932772159576,73.61725616455078,27196.919921875,0.0,10.0,3.0,71.0,119.0,105.0,0.0,0.0,Easy,Easy,0.9742620316354718,Easy
19,Tridactyl footpreints ,PL,Central High Atlas,Draâ-Tafilalet,32.58935,-4.504527777777778,1747.7347412109375,0.4980932772159576,73.61725616455078,27196.919921875,0.0,10.0,3.0,71.0,119.0,105.0,0.0,0.0,Easy,Easy,0.9742620316354718,Easy
20,Lac Tislit,H,Central High Atlas,Draâ-Tafilalet,32.19583333333333,-5.636666666666666,965.8265380859376,2.7823052406311035,91.82048034667967,13483.7861328125,0.0,5.0,7.0,71.0,119.0,105.0,1183.432,0.0,Moderate,,0.8579839867630388,Easy
21,Imelouan Folds,SG,Central High Atlas,Draâ-Tafilalet,32.155833333333334,-5.598333333333333,965.8265380859376,2.7823052406311035,91.82048034667967,16316.6865234375,0.0,10.0,7.0,71.0,119.0,105.0,0.0,1183.432,Easy,,0.9629002611915101,Easy
22,"Ait Ali Ou-Ikkou ""Red beds"" ",S,Central High Atlas,Draâ-Tafilalet,32.14472222222222,-5.557777777777778,965.8265380859376,2.7823052406311035,91.82048034667967,16801.064453125,0.0,5.0,7.0,71.0,119.0,105.0,1183.432,1183.432,Moderate,,0.8579839867630388,Easy
23,Todgha Gorges,SG&H,Central High Atlas,Draâ-Tafilalet,31.584444444444443,-5.590833333333333,1932.9234619140625,6.913000106811523,183.9395294189453,25795.14453125,4733.72802734375,5.0,9.0,56.0,119.0,105.0,0.0,0.0,Easy,Difficult,0.8303136318643349,Easy
24,Tamlalet Monkey’s fingers structures,G,Central High Atlas,Draâ-Tafilalet,31.44333333333333,-5.978055555555556,1974.0765380859373,2.5198428630828857,82.9201431274414,18217.513671875,1183.4320068359375,5.0,,,119.0,105.0,1183.432,0.0,Moderate,Moderate,0.8621431820357364,Easy
25,Tissadrine Folds,SG,Central High Atlas,Draâ-Tafilalet,31.529444444444444,-5.925833333333333,1871.19384765625,0.8978981971740723,25.58808326721192,17511.123046875,0.0,5.0,8.0,14.0,119.0,105.0,0.0,0.0,Easy,Moderate,0.9835223432808773,Easy
26,"Msemrir ""Red Beds""",S&PL,Central High Atlas,Draâ-Tafilalet,31.72,-5.826666666666666,2159.265380859375,2.3482449054718018,629.6884155273438,22932.8984375,0.0,5.0,9.0,66.0,119.0,105.0,1673.6256,1673.6256,Difficult,Difficult,0.44530092032283297,Moderate
27, Ait Aritane Panoramic view,G,Central High Atlas,Draâ-Tafilalet,31.542222222222225,-5.566944444444444,2323.87744140625,5.105672836303711,140.7568817138672,24597.0390625,4256.6865234375,5.0,9.0,,119.0,105.0,0.0,0.0,Easy,Moderate,0.9136753891350216,Easy
28,Ait Snan Fault,SG,Central High Atlas,Draâ-Tafilalet,31.39527777777778,-5.5975,2220.994873046875,0.9482800364494324,71.34072875976562,17034.08203125,0.0,5.0,9.0,,119.0,105.0,4733.728,2366.864,Difficult,Moderate,0.0030932566498095746,Difficult
29,"Tamtetoucht ""Red beds""",PL,Central High Atlas,Draâ-Tafilalet,31.71722222222222,-5.507777777777778,1541.9693603515625,0.7043924927711487,18.69491958618164,42108.16015625,0.0,5.0,9.0,,119.0,105.0,0.0,1183.432,Easy,Moderate,0.9844620855442845,Easy
30,Ait Hani Triassic salt cave,G,Central High Atlas,Draâ-Tafilalet,31.86416666666667,-5.470555555555555,2159.265380859375,6.497475624084473,859.2855834960938,32651.7109375,0.0,5.0,9.0,71.0,119.0,105.0,0.0,0.0,Easy,Difficult,0.6243007523051389,Easy
31,Toumlilin Middle Jurassic strata,S,Central High Atlas,Draâ-Tafilalet,32.85666666666667,-5.465555555555556,2385.607177734375,79.70216369628906,989.2388305664062,4966.74560546875,1183.4320068359375,13.0,,13.0,119.0,105.0,7577.662,0.0,Difficult,Difficult,1.5846082308325444e-07,Difficult
32,Ighrem N’Ougdal Middle Jurassic strata,G,Central High Atlas,Draâ-Tafilalet,32.009166666666665,-5.490833333333334,965.8265380859376,2.7823052406311035,91.82048034667967,23650.29296875,1183.4320068359375,5.0,9.0,71.0,119.0,105.0,0.0,0.0,Easy,,0.9629002611915101,Easy
33,Tinghir Paleozoic-Cretaceous unconformity,SG,Central High Atlas,Draâ-Tafilalet,31.48305555555556,-5.539444444444444,2344.4541015625,3.1323697566986084,88.64817810058594,23883.310546875,0.0,5.0,9.0,36.0,119.0,105.0,0.0,1183.432,Easy,Moderate,0.9636900982658289,Easy
34,Foum El Kouss Basalts,PT,Central High Atlas,Draâ-Tafilalet,31.435277777777777,-5.655,965.8265380859376,2.7823052406311035,91.82048034667967,12300.3544921875,1183.4320068359375,10.0,9.0,,119.0,105.0,0.0,1183.432,Easy,,0.9629002611915101,Easy
35,Timaderouine Cretaceous-Tertiary strata,S,Central High Atlas,Draâ-Tafilalet,31.411666666666665,-5.722222222222222,965.8265380859376,2.7823052406311035,91.82048034667967,4966.74560546875,0.0,10.0,9.0,66.0,119.0,105.0,0.0,1183.432,Easy,,0.9629002611915101,Easy
36,Imider Tertiary strata,S,Central High Atlas,Draâ-Tafilalet,31.375,-5.7908333333333335,965.8265380859376,2.7823052406311035,91.82048034667967,4733.72802734375,0.0,5.0,9.0,66.0,119.0,105.0,0.0,0.0,Easy,,0.9629002611915101,Easy
37,Anou N’Izm Tertiary strata,S,Central High Atlas,Draâ-Tafilalet,31.33944444444444,-5.838611111111111,965.8265380859376,2.7823052406311035,91.82048034667967,9456.4501953125,0.0,5.0,9.0,38.0,119.0,105.0,0.0,0.0,Easy,,0.9629002611915101,Easy
38,Ait Youl Basalts,PT,Central High Atlas,Draâ-Tafilalet,31.425,-6.011388888888889,1891.7703857421875,1.2697162628173828,74.95832061767578,21534.79296875,0.0,5.0,,,119.0,105.0,0.0,0.0,Easy,Moderate,0.9727688213488856,Easy
39,Ait Ibriren Quaternary deposits,S,Central High Atlas,Draâ-Tafilalet,31.441944444444445,-6.010833333333333,1871.19384765625,0.4980932772159576,40.18706130981445,21767.810546875,0.0,5.0,8.0,38.0,119.0,105.0,0.0,0.0,Easy,Moderate,0.9821353975090902,Easy
41,Ait Ouglef Allochthonous limestones,SG,Central High Atlas,Draâ-Tafilalet,31.454722222222223,-5.959722222222222,2035.80615234375,1.340947151184082,91.51912689208984,17267.099609375,2366.864013671875,5.0,,38.0,119.0,105.0,0.0,0.0,Easy,Moderate,0.9656331202057068,Easy
43,Taghia N’Ait Hammou Gorges,SG,Central High Atlas,Draâ-Tafilalet,31.53666666666667,-5.919444444444445,1891.7703857421875,0.8804658055305481,26.49056434631348,17511.123046875,0.0,5.0,8.0,14.0,119.0,105.0,0.0,1183.432,Easy,Moderate,0.9834468566255111,Easy
44,Tilmi Folds ,SG,Central High Atlas,Draâ-Tafilalet,31.80138888888889,-5.926111111111111,965.8265380859376,2.7823052406311035,91.82048034667967,12067.3369140625,1183.4320068359375,10.0,9.0,71.0,119.0,105.0,13231.172,1183.432,Difficult,,0.23583556376005047,Difficult
46,Ait Attou Oumoussa Jurassic strata ,S,Central High Atlas,Draâ-Tafilalet,31.861666666666668,-5.708055555555556,965.8265380859376,2.7823052406311035,91.82048034667967,21050.412109375,0.0,10.0,9.0,71.0,119.0,105.0,1183.432,0.0,Moderate,,0.8579839867630388,Easy
48,Redbeds,SG&S,Central High Atlas,Draâ-Tafilalet,32.166,-5.523,965.8265380859376,2.7823052406311035,91.82048034667967,14667.2177734375,0.0,5.0,7.0,71.0,119.0,105.0,0.0,0.0,Easy,,0.9629002611915101,Easy
49,Intraformational unc,S,Central High Atlas,Draâ-Tafilalet,32.193,-5.639,965.8265380859376,2.7823052406311035,91.82048034667967,14197.513671875,0.0,5.0,7.0,71.0,119.0,105.0,0.0,0.0,Easy,,0.9629002611915101,Easy
50,Isli Lake,H,Central High Atlas,Draâ-Tafilalet,32.222,-5.55,965.8265380859376,2.7823052406311035,91.82048034667967,8517.0419921875,0.0,5.0,7.0,71.0,119.0,105.0,5917.16,0.0,Moderate,,0.7139644588793925,Easy
51,Tisli Lake,H,Central High Atlas,Draâ-Tafilalet,32.199,-5.629,965.8265380859376,2.7823052406311035,91.82048034667967,13483.7861328125,0.0,5.0,7.0,71.0,119.0,105.0,1183.432,0.0,Moderate,,0.8579839867630388,Easy
52,Dolerite dykes and sills,PL,Central High Atlas,Draâ-Tafilalet,32.153,-5.64,965.8265380859376,2.7823052406311035,91.82048034667967,13483.7861328125,0.0,5.0,7.0,71.0,119.0,105.0,1183.432,0.0,Moderate,,0.8579839867630388,Easy
53,Fairy chimneys,G,Central High Atlas,Draâ-Tafilalet,32.176,-5.599,965.8265380859376,2.7823052406311035,91.82048034667967,13949.822265625,0.0,5.0,7.0,71.0,119.0,105.0,1183.432,1183.432,Moderate,,0.8579839867630388,Easy
54,Meandering Melloul river,G,Central High Atlas,Draâ-Tafilalet,32.159,-5.603,965.8265380859376,2.7823052406311035,91.82048034667967,15854.318359375,0.0,5.0,7.0,71.0,119.0,105.0,0.0,0.0,Easy,,0.9629002611915101,Easy
55,Sedimentary patterns,S,Central High Atlas,Draâ-Tafilalet,32.167,-5.545,965.8265380859376,2.7823052406311035,91.82048034667967,14201.18359375,0.0,5.0,7.0,71.0,119.0,105.0,0.0,2366.864,Easy,,0.9629002611915101,Easy
56,Msadrid ridge,S,Central High Atlas,Draâ-Tafilalet,32.153,-5.593,965.8265380859376,2.7823052406311035,91.82048034667967,16316.6865234375,0.0,10.0,7.0,71.0,119.0,105.0,0.0,1183.432,Easy,,0.9629002611915101,Easy
58,Late Jurassic theropod tracks,PL,Central High Atlas,Draâ-Tafilalet,32.142,-5.57,965.8265380859376,2.7823052406311035,91.82048034667967,17034.08203125,0.0,5.0,7.0,71.0,119.0,105.0,0.0,0.0,Easy,,0.9629002611915101,Easy
59,Vertebrate tracks in the Isli Formation,PL,Central High Atlas,Draâ-Tafilalet,32.157,-5.562,965.8265380859376,2.7823052406311035,91.82048034667967,15850.650390625,0.0,5.0,7.0,71.0,119.0,105.0,0.0,1183.432,Easy,,0.9629002611915101,Easy
60,Traces of Selenichnites- Tilmi syncline,PL,Central High Atlas,Draâ-Tafilalet,32.163,-5.546,965.8265380859376,2.7823052406311035,91.82048034667967,14201.18359375,0.0,5.0,7.0,71.0,119.0,105.0,0.0,2366.864,Easy,,0.9629002611915101,Easy
61,Traces of Crocodylopodus meijidei,PL,Central High Atlas,Draâ-Tafilalet,32.183,-5.458,965.8265380859376,2.7823052406311035,91.82048034667967,14426.86328125,0.0,5.0,9.0,71.0,119.0,105.0,1183.432,0.0,Moderate,,0.8579839867630388,Easy
62,Tassent ridge,S,Central High Atlas,Draâ-Tafilalet,32.15,-5.55,965.8265380859376,2.7823052406311035,91.82048034667967,15617.6328125,0.0,5.0,7.0,71.0,119.0,105.0,0.0,1673.6256,Easy,,0.9629002611915101,Easy
63,Akhiam cave,G,Central High Atlas,Draâ-Tafilalet,31.958,-5.696,965.8265380859376,2.7823052406311035,91.82048034667967,11349.94140625,0.0,5.0,9.0,71.0,119.0,105.0,5292.4688,1183.432,Difficult,,0.23583556376005047,Difficult
64,The cliff granaries of Aoujgal   ,S,Central High Atlas,Béni Mellal-Khénifra,32.0,-6.333333333333333,965.8265380859376,2.7823052406311035,91.82048034667967,10170.177734375,0.0,11.0,9.0,71.0,119.0,109.0,8284.024,0.0,Moderate,,0.7139644588793925,Easy
82, Collective granary of Sidi Moussa,C,Central High Atlas,Béni Mellal-Khénifra,31.33333333333333,-5.333333333333333,1541.9693603515625,6.9960784912109375,167.8853759765625,23184.26171875,2366.864013671875,5.0,3.0,10.0,119.0,109.0,3550.296,0.0,Moderate,Difficult,0.6388976113973766,Easy
83,"Granary, Ighrem",C,Central High Atlas,Béni Mellal-Khénifra,32.666666666666664,-7.333333333333333,369.1071472167969,0.5568816661834717,14.160905838012695,1656.8048095703125,2366.864013671875,10.0,5.0,14.0,119.0,109.0,0.0,0.0,Easy,Easy,0.9850395525276237,Easy
88,Archaeoctic limestone,PL&S,Jbilet Massif,Marrakech-Saf,31.875,-8.866666666666667,327.9540710449219,0.3937802612781524,16.94822120666504,7100.591796875,1183.4320068359375,5.0,8.0,8.0,41.0,41.0,1183.432,0.0,Moderate,Easy,0.8776759411798494,Easy
97,Sidi Bouzid escarpment,"S,St&PL",Meseta,Marrakech-Safi,32.30027777777777,-9.251111111111111,163.3418426513672,1.3409453630447388,36.214691162109375,14667.2197265625,4256.6865234375,4.0,3.0,45.0,41.0,41.0,0.0,1183.432,Easy,Easy,0.9815832647972592,Easy
98,Chaâba valley,"S,S&PL",Meseta,Marrakech-Safi,32.30277777777778,-9.230833333333331,225.0714263916016,0.6349368691444397,23.27971839904785,12300.35546875,3550.2958984375,15.0,3.0,45.0,41.0,41.0,0.0,0.0,Easy,Easy,0.9841061797721617,Easy
99,Sidi Abderrahmane clayquarry,S/St,Meseta,Marrakech-Safi,32.3325,-9.176666666666666,225.0714263916016,0.3937810063362121,11.639607429504396,7100.591796875,7333.60986328125,15.0,3.0,45.0,41.0,41.0,0.0,0.0,Easy,Easy,0.9854364761795829,Easy
100,Sidi Abderrahmane dam,H,Meseta,Marrakech-Safi,32.323888888888895,-9.180277777777777,204.49490356445312,0.1761063784360885,9.876779556274414,7100.591796875,6150.177734375,4.0,3.0,45.0,41.0,41.0,0.0,0.0,Easy,Easy,0.9858198391231123,Easy
101,Escarpment of Lalla Fatna,"S,PL&St",Meseta,Marrakech-Safi,32.3875,-9.265,101.61224365234376,1.9041863679885864,54.72618103027344,16549.703125,13483.7861328125,13.0,,,41.0,41.0,0.0,0.0,Easy,Easy,0.977415238737948,Easy
102,Cap Beddouza,S/St/G,Meseta,Marrakech-Safi,32.55083333333333,-9.272777777777778,965.8265380859376,2.7823052406311035,91.82048034667967,7333.60986328125,4970.4140625,15.0,5.0,,41.0,41.0,0.0,1183.432,Easy,,0.9629002611915101,Easy
103,El Goraan cave,G,Meseta,Marrakech-Safi,32.5575,-9.254166666666666,122.18877410888672,0.176106259226799,48.428497314453125,4966.74560546875,3313.609619140625,13.0,,69.0,41.0,41.0,0.0,0.0,Easy,Easy,0.9811054668759959,Easy
104,Souira Lgdima,"S,St&G",Meseta,Marrakech-Safi,32.03777777777778,-9.340555555555556,307.3775634765625,4.137856483459473,101.92008209228516,30284.8515625,0.0,4.0,8.0,69.0,41.0,41.0,0.0,0.0,Easy,Moderate,0.953728078412147,Easy
105,Sidi Tiji Gypsum quarry,S&St,Meseta,Marrakech-Safi,32.157777777777774,-8.865277777777777,513.1428833007812,3.5045289993286133,100.51461029052734,6856.568359375,8750.0595703125,10.0,8.0,10.0,41.0,41.0,1183.432,0.0,Moderate,Moderate,0.8521365701835857,Easy
106,Jorf Lihoudi,"S,St&PL",Meseta,Marrakech-Safi,32.18,-9.26,122.18877410888672,1.0710920095443726,33.79560089111328,21538.458984375,4966.74560546875,15.0,3.0,45.0,41.0,41.0,0.0,0.0,Easy,Easy,0.9823021743260469,Easy
107,The lagoon of Oualidia,H,Meseta,Marrakech-Safi,32.73916666666667,-9.036944444444444,122.18877410888672,0.3937808871269226,15.48575496673584,14900.2373046875,15599.2890625,4.0,3.0,69.0,41.0,41.0,1183.432,1183.432,Moderate,Easy,0.8777881333373883,Easy
117,Lake Afourgagh- charophytes tufas & gyrogonites,"SG,H & PL",Tabular Middle Atlas,Draâ-Tafilalet,33.61666666666667,-4.883333333333333,1830.040771484375,1.6609245538711548,69.46762084960938,16313.0166015625,1656.8048095703125,15.0,9.0,,34.0,105.0,1183.432,0.0,Moderate,Moderate,0.8678497478104291,Easy
118,Lake Aoua (Dayet Aoua),SG&H,Tabular Middle Atlas,Draâ-Tafilalet,33.65555555555555,-5.333333333333333,1480.23974609375,1.2325599193572998,68.73500061035156,18916.568359375,4733.72802734375,11.0,3.0,56.0,34.0,105.0,2366.864,1183.432,Moderate,Moderate,0.28023206042727133,Moderate
119,Lake Ifrah (Dayet Ifrah),SG&H,Tabular Middle Atlas,Draâ-Tafilalet,33.5625,-4.916666666666667,1871.19384765625,0.7260700464248657,70.8307876586914,11116.9228515625,1183.4320068359375,11.0,9.0,58.0,34.0,105.0,1183.432,1183.432,Moderate,Moderate,0.8686707065879156,Easy
120,Lake Aguelmame Sidi Ali,SG&H,Tabular Middle Atlas,Draâ-Tafilalet,33.07611111111112,-5.003611111111111,1830.040771484375,2.393920660018921,48.87739944458008,4256.6865234375,1183.4320068359375,10.0,6.0,,34.0,105.0,1673.6256,1183.432,Moderate,Easy,0.6824897011346692,Easy
149,Lower Devonian quartzite bars of Bou Trou-Al Aççama,"S,St&G",Central Hight Atlas,Béni Mellal-Khénifra,33.367333333333335,-5.490166666666667,1541.9693603515625,5.096649646759033,117.88977813720705,8284.0244140625,1656.8048095703125,6.0,9.0,,119.0,109.0,1673.6256,0.0,Moderate,Difficult,0.6959190845012024,Easy
150,Lower Devonian paleosol of Bou Trou-Al Aççama,S&St,Central Hight Atlas,Béni Mellal-Khénifra,33.35933333333333,-5.491833333333333,1665.4285888671875,4.435853958129883,100.2172622680664,7100.591796875,2599.881591796875,13.0,9.0,19.0,119.0,109.0,2646.2344,0.0,Moderate,Moderate,0.7072753525994532,Easy
151,Lower Devonian dwarf brachiopods of Bou Trou Al Aççama,PL,Central Hight Atlas,Béni Mellal-Khénifra,33.3595,-5.490833333333334,1665.4285888671875,4.435853958129883,100.2172622680664,7100.591796875,2599.881591796875,13.0,9.0,19.0,119.0,109.0,2646.2344,0.0,Moderate,Moderate,0.7072753525994532,Easy
152,Emsien crinoids grassland of Bab Al Ari,PL&S,Central Hight Atlas,Béni Mellal-Khénifra,33.4605,-5.1865,2344.4541015625,74.81573486328125,948.965087890625,6856.568359375,7566.62744140625,13.0,7.0,71.0,119.0,109.0,1183.432,0.0,Difficult,Difficult,6.454951083795825e-07,Difficult
153,Givetian calciturbidites of Ben Aarab,"S,S&PL",Central Hight Atlas,Béni Mellal-Khénifra,33.501333333333335,-5.4015,1480.23974609375,4.47383451461792,123.18380737304688,13017.751953125,1656.8048095703125,11.0,3.0,46.0,119.0,109.0,1183.432,1183.432,Moderate,Difficult,0.8338606743760956,Easy
155,Frasnian-Famennian Kellwasser black limestones of Bou Ounabdou,"S,St&PL",Central Hight Atlas,Béni Mellal-Khénifra,33.142833333333336,-5.518,1768.311279296875,5.841681480407715,132.3980712890625,5913.49072265625,4966.74560546875,13.0,10.0,71.0,119.0,109.0,3347.2512,1183.432,Difficult,Moderate,0.22555881251382054,Difficult
156,Famennian Griottes limestones of Bou Ounabdou,"S,St&PL",Central Hight Atlas,Béni Mellal-Khénifra,33.14266666666666,-5.5175,1768.311279296875,5.841681480407715,132.3980712890625,5913.49072265625,4966.74560546875,13.0,10.0,71.0,119.0,109.0,3347.2512,1183.432,Difficult,Moderate,0.22555881251382054,Difficult
157,Famennian Zebra griottes limestones of Ziyar,S&St,Central Hight Atlas,Béni Mellal-Khénifra,33.0425,-5.738666666666667,1027.55615234375,2.0528640747070312,67.44117736816406,9940.828125,2366.864013671875,6.0,3.0,46.0,119.0,109.0,0.0,0.0,Easy,Moderate,0.9739190661108993,Easy
158,Arich OuzellaFm,S&PL,The Great Moroccan Atlantic Basin (MAP),Marrakech-Safi,31.142222222222223,-9.707777777777777,430.8367309570313,0.3522094488143921,24.9101505279541,15850.650390625,4970.4140625,15.0,10.0,45.0,41.0,41.0,0.0,1183.432,Easy,Easy,0.9842786882824905,Easy
204,Chiker polje,K&S,Middle Atlas,Fès-Meknès,34.118611111111115,-4.040555555555556,1233.3214111328125,6.338278293609619,200.21925354003903,8750.0595703125,0.0,13.0,9.0,18.0,34.0,34.0,0.0,0.0,Easy,Difficult,0.7984595570510004,Easy
205,Chiker cave,K,Middle Atlas,Fès-Meknès,34.12166666666667,-4.038333333333333,1233.3214111328125,6.338278293609619,200.21925354003903,8750.0595703125,0.0,13.0,9.0,18.0,34.0,34.0,0.0,0.0,Easy,Difficult,0.7984595570510004,Easy
206,Dolines of Ademame,K,Middle Atlas,Fès-Meknès,34.04361111111111,-4.095,2220.994873046875,68.27647399902344,602.1779174804688,1183.4320068359375,2599.881591796875,15.0,9.0,71.0,34.0,34.0,2366.864,0.0,Difficult,Difficult,1.3827453684898111e-05,Difficult
207,Ras El Oued cave,K,Middle Atlas,Fès-Meknès,33.95916666666667,-4.0,965.8265380859376,2.7823052406311035,91.82048034667967,10883.9052734375,0.0,11.0,9.0,71.0,34.0,34.0,1673.6256,0.0,Moderate,,0.7139644588793925,Easy
208,Chaâra lapiaz,K,Middle Atlas,Fès-Meknès,33.97361111111111,-4.224722222222223,2015.2296142578125,4.323432445526123,601.7003173828125,14182.83984375,2599.881591796875,13.0,9.0,71.0,34.0,34.0,3742.3406,0.0,Difficult,Difficult,0.46942133209508896,Moderate
209, Chaâra cave,K,Middle Atlas,Fès-Meknès,33.95583333333334,-4.246111111111111,1686.005126953125,4.435854434967041,238.18165588378903,17256.09375,0.0,13.0,9.0,71.0,34.0,34.0,4879.415,0.0,Difficult,Difficult,0.54080507879587,Easy
210,GueltaTameda Lake,K,Middle Atlas,Fès-Meknès,33.81777777777778,-4.081666666666666,965.8265380859376,2.7823052406311035,91.82048034667967,23668.640625,1656.8048095703125,5.0,9.0,18.0,34.0,34.0,2366.864,0.0,Moderate,,0.7139644588793925,Easy
211,Taffert canyons,K,Middle Atlas,Fès-Meknès,33.72138888888889,-4.2275,2138.688720703125,60.83537673950195,1025.5059814453125,36882.71484375,2599.881591796875,10.0,9.0,,34.0,34.0,1673.6256,1183.432,Difficult,Difficult,1.6604526358705888e-05,Difficult
212, Aïn Sebou,K,Middle Atlas,Fès-Meknès,33.73694444444445,-4.532777777777778,1603.698974609375,10.149120330810549,528.0364379882812,31682.953125,1183.4320068359375,4.0,9.0,71.0,34.0,34.0,1183.432,0.0,Difficult,Difficult,0.5302167776320716,Easy
213,Addan onion peels,G,Anti-Atlas ,Souss-Massa,29.213335,-8.203033,965.8265380859376,2.7823052406311035,91.82048034667967,16782.720703125,1183.4320068359375,,,,32.0,4.0,12184.178,5292.4688,Difficult,,2.539667943495886e-08,Difficult
214,Akka badlands,G,Anti-Atlas ,Souss-Massa,29.483864,-8.295043,554.2958984375,0.4980932772159576,9.596549034118652,12540.7099609375,4966.74560546875,5.0,7.0,60.0,32.0,4.0,2366.864,3742.3406,Moderate,Moderate,0.2832825674114755,Moderate
216,Imitek Karsts,G,Anti-Atlas ,Souss-Massa,29.603338,-8.251098,616.0255126953125,0.1761069595813751,67.4509048461914,3313.609619140625,1183.4320068359375,5.0,7.0,,32.0,4.0,1183.432,5917.16,Moderate,Moderate,0.8701810982304434,Easy
217,Issafenflat-irons,G,Anti-Atlas ,Souss-Massa,29.854611,-8.533996,1295.051025390625,4.688625812530518,138.64613342285156,11113.25390625,0.0,5.0,3.0,49.0,32.0,4.0,0.0,0.0,Easy,Moderate,0.9178737750276688,Easy
218,Tadakoust Pyramids,G,Anti-Atlas ,Souss-Massa,29.270107,-8.678496,533.7193603515625,1.451902985572815,24.60913276672364,45185.0859375,2366.864013671875,5.0,7.0,60.0,32.0,4.0,2366.864,1673.6256,Moderate,Moderate,0.28252590263057864,Moderate
219,Issafen chevrons,G,Anti-Atlas ,Souss-Massa,29.850649,-8.512572,1212.744873046875,4.622594356536865,146.9255828857422,10166.509765625,1183.4320068359375,5.0,3.0,49.0,32.0,4.0,1183.432,1183.432,Moderate,Moderate,0.8080703137595807,Easy
222,Alougoum Pyramid,G,Anti-Atlas ,Souss-Massa,29.442398,-8.264208,821.7908325195312,1.2450683116912842,98.37539672851562,15366.271484375,5913.49072265625,5.0,7.0,46.0,32.0,4.0,0.0,0.0,Easy,Moderate,0.9620226921338625,Easy
224,Tamzrart Petrified waterfall,G,Anti-Atlas ,Souss-Massa,29.339495,-8.52788,554.2958984375,2.7543861865997314,65.77281188964844,37851.4765625,1183.4320068359375,5.0,7.0,61.0,32.0,4.0,3347.2512,1183.432,Difficult,Moderate,0.23831929842722338,Difficult
225,Foum Zguid water gap,G,Anti-Atlas ,Souss-Massa,30.140782,-6.877585,801.2142944335938,4.9468865394592285,93.56848907470705,32167.333984375,2599.881591796875,5.0,7.0,,32.0,4.0,0.0,1673.6256,Easy,Moderate,0.955951570073832,Easy
226,Tissint water gap,G,Anti-Atlas ,Souss-Massa,29.91642,-7.374716,616.0255126953125,0.352208524942398,13.013214111328123,60569.703125,0.0,5.0,7.0,,32.0,4.0,2646.2344,2646.2344,Moderate,Moderate,0.1644908684024378,Difficult
227,Sidi Rezzoug water gap,G,Anti-Atlas ,Souss-Massa,29.748743,-7.659674,492.5663146972656,2.996258497238159,45.63356018066406,40222.0078125,1183.4320068359375,5.0,7.0,28.0,32.0,4.0,1183.432,3347.2512,Moderate,Moderate,0.8705974483458453,Easy
228,Tata water gap,G,Anti-Atlas ,Souss-Massa,29.705037,-7.986517,595.448974609375,1.026761531829834,25.843881607055664,25769.46484375,1656.8048095703125,5.0,7.0,61.0,32.0,4.0,0.0,0.0,Easy,Moderate,0.9833193076289021,Easy
229,Akka water gap,G,Anti-Atlas ,Souss-Massa,29.475754,-8.277655,533.7193603515625,0.5283054709434509,26.67044258117676,12770.05859375,4256.6865234375,5.0,7.0,24.0,32.0,4.0,1183.432,3347.2512,Moderate,Moderate,0.876674727180901,Easy
230,Ait Ouabelli water gap,G,Anti-Atlas ,Souss-Massa,29.240173,-8.53858,883.5203857421875,6.835554122924805,170.5863037109375,48269.34765625,5199.76318359375,5.0,7.0,46.0,32.0,4.0,0.0,0.0,Easy,Moderate,0.8574937412161018,Easy
231,Icht water gap,G,Anti-Atlas ,Souss-Massa,29.086675,-8.85169,410.26019287109375,0.5568816661834717,17.459327697753906,62448.51171875,5913.49072265625,5.0,7.0,,32.0,4.0,2646.2344,0.0,Moderate,Moderate,0.7301716243523307,Easy
232,Fam El Hisn water gap,G,Anti-Atlas ,Souss-Massa,29.06027,-8.925848,430.8367309570313,0.5568816661834717,17.76715660095215,56279.9921875,0.0,5.0,7.0,,32.0,4.0,3347.2512,2646.2344,Difficult,Moderate,0.03301895982899109,Difficult
233,Tizgui Ida Ou Baloul water gap,G,Anti-Atlas ,Souss-Massa,29.741683,-8.50205,1253.89794921875,1.2450675964355469,45.63441848754883,12540.7099609375,0.0,5.0,3.0,,32.0,4.0,1183.432,1183.432,Moderate,Moderate,0.8734370947967097,Easy
234,Ibn Yaakoub water gap,G,Anti-Atlas ,Souss-Massa,30.068945,-7.954123,1212.744873046875,7.8266921043396,185.1138153076172,10166.509765625,1183.4320068359375,5.0,9.0,33.0,32.0,4.0,3742.3406,0.0,Moderate,Difficult,0.6095460051762006,Easy
235,Rokan water gap,G,Anti-Atlas ,Souss-Massa,29.983764,-7.95061,862.94384765625,3.397202253341675,102.1393051147461,3550.2958984375,0.0,5.0,7.0,,32.0,4.0,0.0,0.0,Easy,Moderate,0.9555876431645526,Easy
236,Targant water gap,G,Anti-Atlas ,Souss-Massa,29.912618,-7.684191,657.1785888671875,1.026761531829834,73.9562759399414,30983.90234375,0.0,5.0,9.0,,32.0,4.0,5292.4688,1183.432,Difficult,Moderate,0.23842224934086834,Difficult
237,Alougoum water gap,G,Anti-Atlas ,Souss-Massa,30.089514,-6.910584,657.1785888671875,0.2490513324737548,16.335351943969727,34552.546875,2366.864013671875,5.0,7.0,60.0,32.0,4.0,3550.296,0.0,Moderate,Moderate,0.7305151484802199,Easy
238,Desert mermaid,G,Anti-Atlas ,Souss-Massa,29.646508,-7.756531,471.9898071289063,0.0,9.164299011230469,42082.4765625,1183.4320068359375,5.0,7.0,,32.0,4.0,11227.021,9541.134,Difficult,Moderate,9.521628459615669e-11,Difficult
241,Draa double winged eye,G,Anti-Atlas ,Souss-Massa,29.028776,-8.591492,348.5306091308594,0.3937810361385345,12.318367958068848,70706.8515625,1183.4320068359375,5.0,7.0,61.0,32.0,4.0,10910.704,5020.877,Difficult,Difficult,7.702014025869563e-08,Difficult
242,Tagragra of Tata inlier,G,Anti-Atlas ,Souss-Massa,29.899215,-7.94165,636.60205078125,3.872446298599243,116.82251739501952,9456.4501953125,2366.864013671875,5.0,7.0,,32.0,4.0,5917.16,4733.728,Difficult,Difficult,5.303914827465145e-05,Difficult
243,Agouliz inlier,G,Anti-Atlas ,Souss-Massa,29.751482,-8.161377,780.6377563476562,0.3937808275222778,11.640446662902832,15854.318359375,1183.4320068359375,5.0,7.0,8.0,32.0,4.0,5917.16,0.0,Moderate,Moderate,0.7306744040646472,Easy
244,Aigou inlier,G,Anti-Atlas ,Souss-Massa,29.737174,-8.320678,801.2142944335938,2.119640350341797,52.9327392578125,11582.958984375,0.0,5.0,3.0,8.0,32.0,4.0,9242.899,1183.432,Difficult,Moderate,0.23939165722069228,Difficult
246,Tagragra of Akka inlier,G,Anti-Atlas ,Souss-Massa,29.460147,-8.677734,657.1785888671875,3.0065534114837646,92.04312896728516,23883.310546875,0.0,5.0,7.0,56.0,32.0,4.0,4266.925,1183.432,Difficult,Difficult,0.23568781296744912,Difficult
247,Alougoum gorge,G,Anti-Atlas ,Souss-Massa,30.308991,-6.837444,1212.744873046875,15.302905082702637,269.9215087890625,37392.7734375,0.0,5.0,3.0,8.0,32.0,4.0,0.0,3550.296,Easy,Difficult,0.5447783351476294,Easy
248,Tlit gorge,G,Anti-Atlas ,Souss-Massa,30.278531,-7.062836,780.6377563476562,0.2490513324737548,85.1138916015625,29549.109375,0.0,5.0,7.0,14.0,32.0,4.0,6034.343,3742.3406,Difficult,Moderate,4.068927535849447e-05,Difficult
249,Aguinane gorge,G,Anti-Atlas ,Souss-Massa,30.195719,-7.540216,883.5203857421875,0.5283054709434509,19.40521812438965,48454.66796875,0.0,5.0,3.0,8.0,32.0,4.0,0.0,0.0,Easy,Moderate,0.9846165024585941,Easy
250,Tagmout gorge,G,Anti-Atlas ,Souss-Massa,29.971009,-8.257101,1665.4285888671875,7.577104091644287,173.85159301757812,20351.361328125,0.0,5.0,7.0,49.0,32.0,4.0,0.0,0.0,Easy,Moderate,0.8466746243080305,Easy
251,Agouliz gorge,G,Anti-Atlas ,Souss-Massa,29.732906,-8.189294,821.7908325195312,9.551473617553713,146.7727813720703,12540.7099609375,1183.4320068359375,5.0,7.0,,32.0,4.0,4266.925,0.0,Moderate,Difficult,0.6498956146907878,Easy
252, Aygou gorge,G,Anti-Atlas ,Souss-Massa,29.734488,-8.261025,1048.1326904296875,7.374342441558838,144.0850372314453,9700.47265625,1183.4320068359375,11.0,7.0,,32.0,4.0,5917.16,0.0,Moderate,Difficult,0.665879503067651,Easy
253,Targant gorge,G,Anti-Atlas ,Souss-Massa,29.481527,-8.375144,554.2958984375,0.5283054709434509,10.07937240600586,18683.548828125,3783.313720703125,5.0,7.0,24.0,32.0,4.0,10650.888,3742.3406,Difficult,Moderate,1.2812855499230271e-05,Difficult
254,Tamzrart gorge,G,Anti-Atlas ,Souss-Massa,29.361629,-8.518739,513.1428833007812,0.3937797546386719,59.10002136230469,35717.62890625,1183.4320068359375,5.0,7.0,,32.0,4.0,4879.415,0.0,Moderate,Moderate,0.7255844566652878,Easy
255,Tadakoust gorge,G,Anti-Atlas ,Souss-Massa,29.254602,-8.694864,554.2958984375,0.6349359750747681,24.63673591613769,48017.984375,0.0,5.0,7.0,60.0,32.0,4.0,0.0,0.0,Easy,Moderate,0.983965005469858,Easy
256,Ighir Ighnain gorge,G,Anti-Atlas ,Souss-Massa,29.227937,-8.924098,595.448974609375,8.592934608459473,164.1712188720703,56265.31640625,2366.864013671875,5.0,7.0,,32.0,4.0,3550.296,1183.432,Difficult,Difficult,0.20996301009266777,Difficult
257,Tamanart canyon,G,Anti-Atlas ,Souss-Massa,29.167098,-8.958087,574.8724365234375,0.8978980183601379,71.0413589477539,58191.82421875,0.0,5.0,7.0,,32.0,4.0,0.0,0.0,Easy,Moderate,0.9746013535484069,Easy
258,Foum Zguid mesa,G,Anti-Atlas ,Souss-Massa,29.888118,-6.827353,554.2958984375,0.7260682582855225,29.099506378173828,26949.228515625,4966.74560546875,5.0,7.0,,32.0,4.0,16096.415,2646.2344,Difficult,Moderate,0.0010239641161736003,Difficult
259,Addana Onion Peels,G,Anti-Atlas ,Souss-Massa,29.21444444444444,-8.233055555555556,430.8367309570313,78.46427917480469,192.1747283935547,40935.73828125,0.0,5.0,7.0,82.0,32.0,4.0,9242.899,6694.5024,Difficult,Difficult,2.627650413075488e-09,Difficult
260,Foum Zguid stream,H,Anti-Atlas ,Souss-Massa,30.09611111111111,-6.887499999999999,657.1785888671875,1.1136581897735596,57.75514221191406,32418.69921875,1183.4320068359375,5.0,7.0,60.0,32.0,4.0,1183.432,0.0,Moderate,Moderate,0.87140372342086,Easy
261,"Badlands of Akka (glaciofluvial,
 fluviomarine, & stream alluviums)",G,Anti-Atlas ,Souss-Massa,29.47055555555556,-8.293055555555556,533.7193603515625,0.4980932772159576,17.18465805053711,13483.7861328125,5199.76318359375,5.0,7.0,,32.0,4.0,2366.864,3550.296,Moderate,Moderate,0.28310710191940963,Moderate
263,Hearts of Tata,G,Anti-Atlas ,Souss-Massa,29.36722222222222,-8.321944444444444,616.0255126953125,2.119640588760376,93.53993225097656,25055.736328125,6856.568359375,5.0,7.0,46.0,32.0,4.0,4266.925,1673.6256,Difficult,Difficult,0.04603994604195351,Difficult
264,Karsts of Imitek,G,Anti-Atlas ,Souss-Massa,29.61583333333333,-8.261111111111111,616.0255126953125,1.5043121576309204,61.039947509765625,1656.8048095703125,0.0,5.0,7.0,,32.0,4.0,0.0,4266.925,Easy,Moderate,0.9765812144686536,Easy
265,ssafen’s Flatiron,G,Anti-Atlas ,Souss-Massa,29.84722222222222,-8.516944444444444,1233.3214111328125,2.996260166168213,100.5820541381836,11349.94140625,0.0,5.0,3.0,49.0,32.0,4.0,1183.432,0.0,Moderate,Moderate,0.8531773265212578,Easy
266,Pyramids of Tadakoust,G,Anti-Atlas ,Souss-Massa,29.32638888888889,-8.531111111111112,636.60205078125,2.119641065597534,75.95393371582031,39034.91015625,1656.8048095703125,5.0,7.0,61.0,32.0,4.0,2646.2344,1673.6256,Moderate,Moderate,0.1620958238325889,Difficult
279,Jbel Younech Ruiniform aspects,G,Rif,Tanger-Tétouan-Al Hoceïma,35.896051,-5.390169,60.45918273925781,1.2697172164916992,49.75267028808594,0.0,0.0,11.0,10.0,7.0,40.0,40.0,0.0,0.0,Easy,Moderate,0.9794461978144374,Easy
284,Mujer Muerta,G&SG,Rif,Tanger-Tétouan-Al Hoceïma,35.908787,-5.389026,39.88265228271485,1.071091890335083,48.95479202270508,0.0,1183.4320068359375,13.0,10.0,7.0,40.0,40.0,0.0,0.0,Easy,Easy,0.9798838195355729,Easy
285,Laila Island,"SG,Hi",Rif,Tanger-Tétouan-Al Hoceïma,35.916551,-5.406037,60.45918273925781,2.4889614582061768,58.81288909912109,0.0,2599.881591796875,4.0,10.0,,40.0,40.0,1183.432,0.0,Moderate,Easy,0.8691230108660112,Easy
286,The Terraces of Ras Leona,SG,Rif,Tanger-Tétouan-Al Hoceïma,35.92068,-5.401799,60.45918273925781,2.4889614582061768,58.81288909912109,0.0,2599.881591796875,4.0,10.0,,40.0,40.0,1183.432,0.0,Moderate,Easy,0.8691230108660112,Easy
288,Jbel Chendir ,S&SG,Rif,Tanger-Tétouan-Al Hoceïma,35.906329,-5.38799,39.88265228271485,1.071091890335083,48.95479202270508,0.0,1183.4320068359375,13.0,10.0,7.0,40.0,40.0,0.0,0.0,Easy,Easy,0.9798838195355729,Easy
289,Socio-cultural complex,C,Rif,Tanger-Tétouan-Al Hoceïma,35.90611111111111,-5.388055555555556,39.88265228271485,1.071091890335083,48.95479202270508,0.0,1183.4320068359375,13.0,10.0,7.0,40.0,40.0,0.0,0.0,Easy,Easy,0.9798838195355729,Easy
290,The travertine terraces of Bel Younech,"S,PL&C",Rif,Tanger-Tétouan-Al Hoceïma,35.907023,-5.393334,39.88265228271485,1.071091890335083,48.95479202270508,0.0,1183.4320068359375,13.0,10.0,7.0,40.0,40.0,0.0,0.0,Easy,Easy,0.9798838195355729,Easy
291,Low coast of the SBEI of Jbel Moussa and islands,G&C,Rif,Tanger-Tétouan-Al Hoceïma,35.909169,-5.393398,39.88265228271485,1.071091890335083,48.95479202270508,0.0,1183.4320068359375,13.0,10.0,7.0,40.0,40.0,0.0,0.0,Easy,Easy,0.9798838195355729,Easy
294, Akhfénir Cliff,SG,Sahara,Dakhla-Oued Eddahab,28.15,-12.066666666666666,266.2244873046875,0.4980930089950561,25.686891555786133,20111.00390625,22481.53515625,10.0,6.0,27.0,19.0,10.0,5292.4688,6034.343,Difficult,Moderate,0.0002636651782168278,Difficult
295,Naїla Lagoon,H,Sahara,Dakhla-Oued Eddahab,28.05,-12.1,163.3418426513672,3.561300039291382,72.67215728759766,24582.36328125,13949.822265625,5.0,,32.0,19.0,10.0,2646.2344,6694.5024,Moderate,Moderate,0.16176411446502237,Difficult
296,Sand dunes,G,Sahara,Dakhla-Oued Eddahab,28.15,-12.1,204.49490356445312,2.782305955886841,63.67961883544922,18224.849609375,20824.73046875,10.0,7.0,,19.0,10.0,6372.9766,6900.535,Difficult,Moderate,1.7513485732373387e-05,Difficult
297,Steady dunes,G,Sahara,Dakhla-Oued Eddahab,28.05,-12.266666666666667,163.3418426513672,1.1811938285827637,33.93568801879883,10883.9052734375,6856.568359375,5.0,7.0,,19.0,10.0,5917.16,2366.864,Difficult,Moderate,0.003117668936362416,Difficult
298,Tinouchad daya,H,Sahara,Dakhla-Oued Eddahab,28.05,-12.116666666666667,142.7653045654297,1.5943043231964111,67.84142303466797,23398.931640625,12766.390625,5.0,7.0,32.0,19.0,10.0,2366.864,7577.662,Moderate,Moderate,0.28015113088496607,Moderate
299,Tazgha salt Flats,M,Sahara,Dakhla-Oued Eddahab,27.9,-12.333333333333334,225.0714263916016,0.7260681986808777,21.52578353881836,24852.072265625,8284.0244140625,5.0,6.0,27.0,19.0,10.0,0.0,0.0,Easy,Moderate,0.9841662141393798,Easy
300,Khaoui Naàm Wadi,H,Sahara,Dakhla-Oued Eddahab,27.666666666666668,-12.216666666666669,266.2244873046875,0.5568816661834717,11.812995910644531,52751.7109375,4256.6865234375,5.0,6.0,27.0,19.0,10.0,22978.094,1183.432,Difficult,Moderate,0.24130370945104182,Difficult
301,Echguiguen Site,Ar,Sahara,Dakhla-Oued Eddahab,27.98,-12.266666666666667,204.49490356445312,2.0603904724121094,45.3505859375,17966.15234375,2366.864013671875,5.0,6.0,27.0,19.0,10.0,0.0,0.0,Easy,Moderate,0.978977080156732,Easy
302,Akhfennir Sinkhole,Sp,Sahara,Dakhla-Oued Eddahab,28.166666666666668,-12.05,266.2244873046875,0.3522094488143921,15.042128562927246,20569.701171875,23901.65625,10.0,6.0,27.0,19.0,10.0,6900.535,8284.024,Difficult,Moderate,4.739755353583114e-06,Difficult
303,Amtoudi travertines ,S,Sahara,Guelmim-Oued Noun,29.23935,-9.168466666666667,945.25,4.971653938293457,103.0833969116211,37392.7734375,1183.4320068359375,5.0,9.0,,19.0,4.0,2366.864,1183.432,Moderate,Difficult,0.2731626316597383,Moderate
304,Amtoudi waterfall and Bougaa source,H,Sahara,Guelmim-Oued Noun,29.23933333333333,-9.168466666666667,945.25,4.971653938293457,103.0833969116211,37392.7734375,1183.4320068359375,5.0,9.0,,19.0,4.0,2366.864,1183.432,Moderate,Difficult,0.2731626316597383,Moderate
306,Adrar ZerZem,Ar,Sahara,Guelmim-Oued Noun,28.926,-9.042,369.1071472167969,0.3937810361385345,21.99325180053711,36882.71484375,0.0,5.0,7.0,14.0,19.0,4.0,5917.16,6900.535,Difficult,Moderate,5.5350113219199095e-05,Difficult
307,Abaynou station,H&G,Sahara,Guelmim-Oued Noun,29.093,-10.019,595.448974609375,4.2805023193359375,114.0646743774414,14182.83984375,2599.881591796875,5.0,6.0,,19.0,4.0,0.0,0.0,Easy,Moderate,0.944542932987787,Easy
308,Pigeon cave,G,Sahara,Guelmim-Oued Noun,29.3,-9.695,780.6377563476562,4.280503273010254,101.05923461914062,29567.451171875,0.0,5.0,6.0,14.0,19.0,4.0,2646.2344,0.0,Moderate,Difficult,0.7072477601281922,Easy
309,Assaka Basin,H,Sahara,Guelmim-Oued Noun,29.116666666666667,-10.416666666666666,204.49490356445312,0.7260688543319702,24.691850662231445,25085.08984375,0.0,5.0,7.0,10.0,19.0,4.0,0.0,0.0,Easy,Moderate,0.9838435284180411,Easy
310,Asrir Oasis,C,Sahara,Guelmim-Oued Noun,29.074,-9.432,595.448974609375,3.319061040878296,95.2760772705078,43786.984375,1183.4320068359375,5.0,9.0,,19.0,4.0,0.0,1183.432,Easy,Moderate,0.959849794369713,Easy
339,Ali Thilat Dam,H,Rif,Tanger-Tétouan-Al Hoceïma,35.181758358106,-5.239428901052023,883.5203857421875,9.48238468170166,296.58758544921875,28384.021484375,1656.8048095703125,13.0,9.0,,40.0,40.0,3347.2512,0.0,Difficult,Difficult,0.4676806651999361,Moderate
340,Quarry of blocks ,GM,Rif,Tanger-Tétouan-Al Hoceïma,35.17831677014425,-5.226483300457814,862.94384765625,8.028785705566406,295.12908935546875,29800.470703125,2366.864013671875,13.0,9.0,32.0,40.0,40.0,3742.3406,1183.432,Difficult,Difficult,0.1578073912387006,Difficult
341,Rueda Nummilitic succession ,SG,Rif,Tanger-Tétouan-Al Hoceïma,33.75431809475165,-5.246702609118411,1830.040771484375,1.0565228462219238,46.58594131469727,13250.76953125,11834.3203125,15.0,3.0,71.0,40.0,40.0,1183.432,1183.432,Moderate,Moderate,0.8735256778428392,Easy
342,Talâat Adrhosse Klippe ,SG,Rif,Tanger-Tétouan-Al Hoceïma,35.24709269284413,-5.183919234627224,862.94384765625,6.806554317474365,245.12306213378903,22455.85546875,1183.4320068359375,15.0,3.0,,40.0,40.0,0.0,0.0,Easy,Difficult,0.7076547051560144,Easy
343,Oued Laou Gorge ,G,Rif,Tanger-Tétouan-Al Hoceïma,35.235550758142985,-5.1797965490221145,1027.55615234375,8.408731460571289,296.7176818847656,23398.931640625,1656.8048095703125,13.0,,,40.0,40.0,1183.432,0.0,Difficult,Difficult,0.5705787812564783,Easy
344,Ibouharen Fold,SG,Rif,Tanger-Tétouan-Al Hoceïma,35.24543329036464,-5.15818572568217,616.0255126953125,4.535290718078613,147.63320922851562,23883.310546875,0.0,15.0,,32.0,40.0,40.0,2366.864,0.0,Moderate,Difficult,0.6718817248425516,Easy
345,Tirinesse Basin ,S,Rif,Tanger-Tétouan-Al Hoceïma,35.28305489894164,-5.130659902793731,1151.0152587890625,9.890663146972656,350.2606201171875,22481.53515625,3313.609619140625,15.0,9.0,69.0,40.0,40.0,5917.16,1183.432,Difficult,Difficult,0.1483817398397162,Difficult
346,Koudiat Achacha ,SG,Rif,Tanger-Tétouan-Al Hoceïma,35.2710502173657,-5.12157746130065,883.5203857421875,6.001735687255859,222.47625732421875,24138.33984375,1656.8048095703125,13.0,9.0,69.0,40.0,40.0,6372.9766,0.0,Difficult,Difficult,0.5582941989422895,Easy
347,"Dune,beachand cliffs of Kaâ Asrascoast",S,Rif,Tanger-Tétouan-Al Hoceïma,35.3746530740449,-5.024382099022211,1253.89794921875,12.05183219909668,325.01422119140625,25299.759765625,3783.313720703125,8.0,,25.0,40.0,40.0,1183.432,0.0,Difficult,Difficult,0.5189698573010493,Easy
348,Targha mica-shist ,PT,Rif,Tanger-Tétouan-Al Hoceïma,35.412906152617786,-5.028550441283678,1171.591796875,15.854135513305664,384.19769287109375,24600.708984375,1656.8048095703125,13.0,9.0,,40.0,40.0,1183.432,1673.6256,Difficult,Difficult,0.4277360066190972,Moderate
349,Stehat gneiss,PT,Rif,Tanger-Tétouan-Al Hoceïma,35.45561402078408,-5.096308659865039,1953.5,2.7823052406311035,263.2817077636719,17751.48046875,3783.313720703125,13.0,3.0,25.0,40.0,40.0,0.0,0.0,Easy,Difficult,0.6963218528920234,Easy
350,Beni Bousera Kinzigites ,PT,Rif,Tanger-Tétouan-Al Hoceïma,35.48207414879903,-5.131463767369714,1809.4642333984373,8.227495193481445,225.6839599609375,14667.2177734375,1656.8048095703125,11.0,9.0,25.0,40.0,40.0,0.0,0.0,Easy,Difficult,0.7331895260896027,Easy
351,Tihissasse fan delta,G,Rif,Tanger-Tétouan-Al Hoceïma,35.474510865016946,-5.113093485521536,1830.040771484375,10.357747077941896,266.01129150390625,15617.6328125,1656.8048095703125,8.0,9.0,25.0,40.0,40.0,0.0,1183.432,Easy,Difficult,0.6484644827968084,Easy
352,BeniBousera Peridotitic Complex ,PT,Rif,Tanger-Tétouan-Al Hoceïma,35.52732169189336,-5.194990926733846,513.1428833007812,8.212812423706055,232.3250732421875,10883.9052734375,0.0,10.0,,25.0,40.0,40.0,0.0,0.0,Easy,Difficult,0.7206186631433391,Easy
353,Talambote bad lands ,G,Rif,Tanger-Tétouan-Al Hoceïma,35.26757228863778,-5.2099195120724495,986.403076171875,5.660786151885986,209.4752349853516,19382.6015625,3783.313720703125,15.0,,32.0,40.0,40.0,1183.432,1183.432,Difficult,Difficult,0.6964001566036409,Easy
354,Talambote Thrusting,SG,Rif,Tanger-Tétouan-Al Hoceïma,35.27923536008803,-5.217673993338394,965.8265380859376,4.562334537506104,180.96875,17966.15234375,3313.609619140625,8.0,3.0,,40.0,40.0,1183.432,0.0,Moderate,Difficult,0.754478894058343,Easy
355,Akchour landslide ,SG,Rif,Tanger-Tétouan-Al Hoceïma,35.24979614976434,-5.183912408238101,862.94384765625,6.806554317474365,245.12306213378903,22455.85546875,1183.4320068359375,15.0,3.0,,40.0,40.0,0.0,0.0,Easy,Difficult,0.7076547051560144,Easy
356,Akchour Gorge,G,Rif,Tanger-Tétouan-Al Hoceïma,35.282857705057545,-5.230557221259563,862.94384765625,4.9001078605651855,209.5753173828125,17733.134765625,2599.881591796875,13.0,,24.0,40.0,40.0,0.0,0.0,Easy,Difficult,0.7842937287745109,Easy
357,Sidi Abdel Hamid,SG,Rif,Tanger-Tétouan-Al Hoceïma,35.206791028756705,-5.310092889130856,471.9898071289063,4.149006366729736,149.98239135742188,25085.08984375,0.0,8.0,9.0,32.0,40.0,40.0,0.0,0.0,Easy,Moderate,0.9038649438733523,Easy
358,Ras Ma Spring ,H,Rif,Tanger-Tétouan-Al Hoceïma,35.21833195677501,-5.318756095870113,533.7193603515625,5.2799391746521,161.56761169433594,23901.65625,1183.4320068359375,15.0,9.0,32.0,40.0,40.0,0.0,0.0,Easy,Moderate,0.8812204048221286,Easy
359,BabTazaPhtanites ,GM,Rif,Tanger-Tétouan-Al Hoceïma,35.2793230292996,-5.442327293994906,471.9898071289063,1.2450677156448364,133.69613647460938,16782.720703125,1183.4320068359375,11.0,,,40.0,40.0,1183.432,0.0,Moderate,Difficult,0.830243555868579,Easy
360,Bouhala Landslice,G,Rif,Tanger-Tétouan-Al Hoceïma,35.313233448135364,-5.438441306152264,780.6377563476562,9.50128173828125,288.9940490722656,18199.169921875,3313.609619140625,8.0,,24.0,40.0,40.0,3742.3406,0.0,Difficult,Difficult,0.47152928249456333,Moderate
361,Chrafate Spring ,G,Rif,Tanger-Tétouan-Al Hoceïma,35.36118505312328,-5.418168222746441,1171.591796875,14.022329330444336,299.1166076660156,13483.7861328125,5199.76318359375,15.0,,70.0,40.0,40.0,3550.296,0.0,Difficult,Difficult,0.41095701968115267,Moderate
362,Chrafate Alluvial Fan ,S,Rif,Tanger-Tétouan-Al Hoceïma,35.340635355491365,-5.440158153083255,862.94384765625,10.818002700805664,263.554443359375,16797.39453125,4256.6865234375,7.0,9.0,24.0,40.0,40.0,6034.343,0.0,Difficult,Difficult,0.4786343660399332,Moderate
363,Beni Derkoul Radiolarites,PL,Rif,Tanger-Tétouan-Al Hoceïma,35.3618211825068,-5.435482141506588,1027.55615234375,12.386090278625488,332.0784912109375,14426.86328125,4256.6865234375,13.0,,70.0,40.0,40.0,4733.728,0.0,Difficult,Difficult,0.42578499869445013,Moderate
364,Jbel Chrafate,S,Rif,Tanger-Tétouan-Al Hoceïma,35.361319189135315,-5.424339137879596,1171.591796875,14.022329330444336,299.1166076660156,13483.7861328125,5199.76318359375,15.0,,70.0,40.0,40.0,3550.296,0.0,Difficult,Difficult,0.41095701968115267,Moderate
365,Ametrasse rocks fall ,G,Rif,Tanger-Tétouan-Al Hoceïma,35.36131919122874,-5.424328138081956,1171.591796875,14.022329330444336,299.1166076660156,13483.7861328125,5199.76318359375,15.0,,70.0,40.0,40.0,3550.296,0.0,Difficult,Difficult,0.41095701968115267,Moderate
366,AmetrasseTertiary Fm Succession ,S,Rif,Tanger-Tétouan-Al Hoceïma,35.43814464119641,-5.394612761384898,780.6377563476562,9.757123947143556,334.9364624023437,8284.0244140625,4256.6865234375,15.0,,,40.0,40.0,0.0,0.0,Easy,Difficult,0.610870595576873,Easy
367,Kodiat Sbaâ,G,Rif,Tanger-Tétouan-Al Hoceïma,35.3952673598756,-5.43976561160645,862.94384765625,6.142615795135498,295.22100830078125,13716.8056640625,1183.4320068359375,11.0,,,40.0,40.0,1673.6256,0.0,Difficult,Difficult,0.4860312141609364,Moderate
368,Raghdat Southern,G,Rif,Tanger-Tétouan-Al Hoceïma,35.299406646993035,-5.411120390022425,574.8724365234375,10.226445198059082,259.1453552246094,17026.744140625,0.0,13.0,,,40.0,40.0,1673.6256,0.0,Difficult,Difficult,0.4883223097222415,Moderate
369,Jbel Bou Sliman,G,Rif,Tanger-Tétouan-Al Hoceïma,35.31806624622103,-5.372840869212867,924.6734619140624,9.938739776611328,314.5191650390625,14656.2119140625,1656.8048095703125,13.0,,,40.0,40.0,0.0,1183.432,Easy,Difficult,0.6161390171410749,Easy
370,Jbel Lakraa,S,Rif,Tanger-Tétouan-Al Hoceïma,35.21666666666667,-5.25,1315.6275634765625,12.178386688232422,287.11016845703125,24600.708984375,2599.881591796875,15.0,8.0,,40.0,40.0,4266.925,0.0,Difficult,Difficult,0.44561867243073405,Moderate
371,Oued Tassikisste Gorge ,G,Rif,Tanger-Tétouan-Al Hoceïma,35.25584836067911,-5.048941605258649,1315.6275634765625,10.62480926513672,248.6056060791016,29338.1015625,1656.8048095703125,13.0,9.0,24.0,40.0,40.0,5917.16,1183.432,Difficult,Difficult,0.16376914941634974,Difficult
373,Khzanat Spring,H,Rif,Tanger-Tétouan-Al Hoceïma,35.21636688344947,-5.05173898180192,883.5203857421875,13.657771110534668,355.3737487792969,32422.361328125,3313.609619140625,15.0,9.0,,40.0,40.0,5917.16,1673.6256,Difficult,Difficult,0.02594662667411907,Difficult
374,Jbel Tellouja karst ,G,Rif,Tanger-Tétouan-Al Hoceïma,35.23181859593759,-5.279753047641164,1171.591796875,12.493728637695312,346.1594543457031,22951.2421875,1183.4320068359375,13.0,,32.0,40.0,40.0,2366.864,1183.432,Difficult,Difficult,0.1634763736791042,Difficult
375,Raghdat Arimlal ,G,Rif,Tanger-Tétouan-Al Hoceïma,35.16939288330852,-5.084877527601663,595.448974609375,6.734619617462158,192.32882690429688,27917.98828125,1183.4320068359375,15.0,,,40.0,40.0,8284.024,2366.864,Difficult,Difficult,0.0025823405650107507,Difficult
376,Pont de Dieu and Farda River,G,Rif,Tanger-Tétouan-Al Hoceïma,35.28091801260875,-5.266496643168397,965.8265380859376,7.813151836395264,233.3141632080078,17267.099609375,2366.864013671875,13.0,8.0,,40.0,40.0,2366.864,1183.432,Difficult,Difficult,0.2074656734089719,Difficult
377,Oued ElKelaa Gorge and waterfall,G,Rif,Tanger-Tétouan-Al Hoceïma,35.3196662940637,-5.266656014410412,595.448974609375,4.309171676635742,150.64476013183594,12533.373046875,1183.4320068359375,11.0,3.0,,40.0,40.0,4266.925,1183.432,Difficult,Difficult,0.22101318375161141,Difficult
378,Tissimlane cherty limestone,S,Rif,Tanger-Tétouan-Al Hoceïma,35.23326080094855,-5.301047739972288,657.1785888671875,5.3606157302856445,274.7101745605469,22485.208984375,2366.864013671875,15.0,9.0,32.0,40.0,40.0,0.0,0.0,Easy,Difficult,0.6759670186694016,Easy
379,Jbel Tissouka,S,Rif,Tanger-Tétouan-Al Hoceïma,35.25047137989931,-5.325119157861406,513.1428833007812,4.652425289154053,142.3348846435547,20584.37890625,0.0,6.0,9.0,32.0,40.0,40.0,0.0,0.0,Easy,Difficult,0.9131758553437772,Easy
380,Upper Ordovician Quartzite slump balls,S&SG,Central Massif,Rabat-Salé-Kénitra,33.599044444444445,-6.110261111111111,986.403076171875,7.043712615966797,187.8599853515625,36202.01171875,1183.4320068359375,15.0,9.0,30.0,41.0,34.0,0.0,0.0,Easy,Difficult,0.8213013916597767,Easy
381,Givetian reefal lime stones Stromatoporas,S&PL,Central Massif,Rabat-Salé-Kénitra,33.54575277777778,-6.007341666666667,945.25,5.958290100097656,137.2962188720703,31708.634765625,0.0,8.0,9.0,56.0,41.0,34.0,0.0,0.0,Easy,Moderate,0.9145807072063216,Easy
382,Givetian reefal lime stones Algal laminitis,S&PL,Central Massif,Rabat-Salé-Kénitra,33.556780555555555,-6.039383333333333,842.3673706054688,4.394039154052734,118.7210464477539,34792.89453125,0.0,6.0,9.0,56.0,41.0,34.0,0.0,1183.432,Easy,Moderate,0.9402271365718247,Easy
383,Givetian reefal lime stones Slump balls,S,Central Massif,Rabat-Salé-Kénitra,33.54856111111111,-6.030172222222222,883.5203857421875,3.360659599304199,120.40374755859376,34079.16796875,1183.4320068359375,15.0,9.0,56.0,41.0,34.0,0.0,0.0,Easy,Moderate,0.941571737785147,Easy
384,Famenno-Tournai sian calcareous (Mid Devonian reef limestones) rocks falls of Tiliouine,S,Central Massif,Rabat-Salé-Kénitra,33.545833333333334,-6.0075,945.25,5.958290100097656,137.2962188720703,31708.634765625,0.0,8.0,9.0,56.0,41.0,34.0,0.0,0.0,Easy,Moderate,0.9145807072063216,Easy
386,Middle Devonian reefal limestone olistoliths within the Tournisian turbid ites West of Tiliouine,SG,Central Massif,Rabat-Salé-Kénitra,33.55333333333333,-6.070277777777777,883.5203857421875,4.968565464019775,132.75047302246094,36679.046875,0.0,8.0,9.0,,41.0,34.0,0.0,0.0,Easy,Moderate,0.9240268564896491,Easy
387,Tournaisian reefal limestones Olistoliths of Tiddas,SG,Central Massif,Rabat-Salé-Kénitra,33.52833333333333,-6.251666666666667,595.448974609375,1.375174641609192,142.049072265625,25085.08984375,4256.6865234375,15.0,9.0,30.0,41.0,34.0,0.0,0.0,Easy,Moderate,0.9211085161969359,Easy
388,Westphalian red conglomerates,SG,Central Massif,Rabat-Salé-Kénitra,33.52388888888889,-6.256388888888889,780.6377563476562,5.955723762512207,135.62794494628906,23668.640625,5913.49072265625,15.0,9.0,30.0,41.0,34.0,0.0,0.0,Easy,Moderate,0.916634497751615,Easy
389,Granite of Zaer,SG,Central Massif,Rabat-Salé-Kénitra,33.39418611111111,-6.580788888888889,883.5203857421875,4.149006843566895,88.4395980834961,11116.9228515625,13483.787109375,4.0,8.0,61.0,41.0,34.0,0.0,1183.432,Easy,Moderate,0.9611251743555863,Easy
390,Variscan synoro genic Granite of Oulmes,SG,Central Massif,Rabat-Salé-Kénitra,33.441111111111105,-6.0525,1027.55615234375,4.149003982543945,95.6523666381836,28598.693359375,10650.8876953125,8.0,3.0,,41.0,34.0,0.0,0.0,Easy,Moderate,0.9574190725985993,Easy
392,The El Karit mine: fillonien complex with the Tin and tungsten,SG,Central Massif,Rabat-Salé-Kénitra,33.418055555555554,-6.1025,1151.0152587890625,2.0528604984283447,83.73470306396484,32633.369140625,15133.2548828125,8.0,3.0,56.0,41.0,34.0,2366.864,0.0,Moderate,Easy,0.7178215455333072,Easy
393,The El Karit mine: giant andalusite,SG,Central Massif,Rabat-Salé-Kénitra,33.4225,-6.101944444444444,1130.438720703125,2.141432046890259,91.67401123046876,32866.38671875,13949.822265625,15.0,3.0,56.0,41.0,34.0,3347.2512,0.0,Moderate,Moderate,0.7149537347909525,Easy
394,Autunian fluviatile channels volcano-detritic Red serie of Souk Sebt,S,Central Massif,Rabat-Salé-Kénitra,33.644644444444445,-6.143858333333334,986.403076171875,4.642501831054688,174.40362548828125,29585.80078125,1656.8048095703125,6.0,9.0,30.0,41.0,34.0,0.0,0.0,Easy,Moderate,0.859678817384977,Easy
395,Autunian Trachy andesite of Tiddas,SG,Central Massif,Rabat-Salé-Kénitra,33.57888888888889,-6.270833333333333,1109.8623046875,3.0270352363586426,99.53956604003906,23883.310546875,4733.72802734375,8.0,9.0,46.0,41.0,34.0,0.0,0.0,Easy,Moderate,0.9580727779050161,Easy
396,Permian Rhyolite of Souk Sebt,SG,Central Massif,Rabat-Salé-Kénitra,33.64218611111111,-6.135827777777778,1130.438720703125,5.794360637664795,176.2466278076172,29818.81640625,2599.881591796875,8.0,9.0,30.0,41.0,34.0,0.0,0.0,Easy,Moderate,0.8516225466623064,Easy
397,Triassic Basalts of Jbel Merzaga-Maaziz,SG,Central Massif,Rabat-Salé-Kénitra,33.686030555555554,-6.443472222222223,616.0255126953125,5.685068607330322,150.92774963378906,16083.6669921875,2599.881591796875,15.0,3.0,46.0,41.0,34.0,0.0,0.0,Easy,Moderate,0.8969475416027638,Easy
398,Upper Trias sic evaporate (gypsum) of Khemisset,SG,Central Massif,Rabat-Salé-Kénitra,33.621944444444445,-6.416666666666667,616.0255126953125,6.9960784912109375,126.71942138671876,15140.5908203125,1183.4320068359375,13.0,9.0,46.0,41.0,34.0,0.0,0.0,Easy,Moderate,0.921253589733595,Easy
399,Visean-Miocene uncon,SG,Central Massif,Rabat-Salé-Kénitra,33.565216666666664,-6.749641666666666,780.6377563476562,1.7339211702346802,79.77311706542969,14434.201171875,1183.4320068359375,15.0,9.0,67.0,41.0,34.0,0.0,1183.432,Easy,Easy,0.9702661536084658,Easy
400,Triassic-Miocene uncon of Maaziz,SG,Central Massif,Rabat-Salé-Kénitra,33.61027777777778,-6.405,430.8367309570313,2.9019460678100586,122.31261444091795,14911.2412109375,0.0,11.0,9.0,67.0,41.0,34.0,1183.432,0.0,Moderate,Moderate,0.8383316464055866,Easy
401,Quaternary Basal tic flow of El Harcha,SG,Central Massif,Rabat-Salé-Kénitra,33.48583333333333,-6.158333333333334,1151.0152587890625,3.804174423217773,95.86448669433594,33602.12890625,7100.591796875,6.0,3.0,56.0,41.0,34.0,0.0,1183.432,Easy,Moderate,0.9582788771149188,Easy
402,Quaternary Basal tic flow of Oued Boulahmayl lavas,SG,Central Massif,Rabat-Salé-Kénitra,33.329013888888895,-6.996697222222222,780.6377563476562,1.1136581897735596,88.974365234375,9227.1005859375,0.0,15.0,3.0,28.0,41.0,34.0,2646.2344,1183.432,Moderate,Easy,0.23689334641497892,Difficult
412,Gabroic Intrusion of Idemrane ,PT,Central High Atlas,Béni Mellal-Khénifra,32.20277777777778,-6.119999999999999,1686.005126953125,9.430209159851074,405.3455200195313,3783.313720703125,0.0,8.0,9.0,,119.0,109.0,2366.864,0.0,Difficult,Difficult,0.4484278365565001,Moderate
413,Sills of Idemrane,PT,Central High Atlas,Béni Mellal-Khénifra,32.275,-6.2588888888888885,1932.9234619140625,2.6919376850128174,138.70382690429688,5199.76318359375,0.0,13.0,9.0,71.0,119.0,109.0,1183.432,0.0,Moderate,Moderate,0.8225493803832247,Easy
414,Folded marly limstones of the Bine El OuidaneII  Fm,SG,Central High Atlas,Béni Mellal-Khénifra,32.26083333333333,-6.262777777777778,1912.346923828125,5.451322078704834,187.44532775878903,3313.609619140625,1183.4320068359375,13.0,9.0,,119.0,109.0,0.0,0.0,Easy,Difficult,0.8299743303819507,Easy
415,Fossil wood of the Azilal Fm,PL,Central High Atlas,Béni Mellal-Khénifra,32.27,-6.263888888888889,1932.9234619140625,3.1715686321258545,138.94873046875,4256.6865234375,0.0,13.0,9.0,,119.0,109.0,0.0,0.0,Easy,Moderate,0.9217646683465865,Easy
416,Chaos alteration of gabbros,S,Central High Atlas,Béni Mellal-Khénifra,32.26972222222222,-6.258611111111111,1932.9234619140625,3.1715686321258545,138.94873046875,4256.6865234375,0.0,13.0,9.0,,119.0,109.0,0.0,0.0,Easy,Moderate,0.9217646683465865,Easy
417,Red facies of the Guettioua Fm,S,Central High Atlas,Béni Mellal-Khénifra,32.21472222222223,-6.222777777777778,1686.005126953125,8.146401405334473,250.7518768310547,1183.4320068359375,0.0,13.0,9.0,,119.0,109.0,0.0,1183.432,Easy,Difficult,0.6902417724461243,Easy
418,Dinosaur bone deposi tat Agard-n-Sgat,PL,Central High Atlas,Béni Mellal-Khénifra,32.23861111111111,-6.2283333333333335,1521.392822265625,4.04373025894165,161.92359924316406,0.0,0.0,13.0,9.0,,119.0,109.0,1183.432,0.0,Moderate,Moderate,0.7883454041016883,Easy
419,Dinosaur footprints of Ait wissadane,PL,Central High Atlas,Béni Mellal-Khénifra,32.22777777777778,-6.248611111111111,1521.392822265625,9.080755233764648,218.60867309570312,0.0,0.0,8.0,9.0,69.0,119.0,109.0,0.0,1183.432,Easy,Difficult,0.740220515817903,Easy
420,Basaltic flow B1,PT,Central High Atlas,Béni Mellal-Khénifra,32.20722222222223,-6.256666666666667,1974.0765380859373,11.257736206054688,459.73089599609375,1183.4320068359375,1183.4320068359375,11.0,9.0,59.0,119.0,109.0,1673.6256,0.0,Difficult,Difficult,0.4307434615169186,Moderate
422, Karstic landscapes Taghia-n-Ait Boulmane,G,Central High Atlas,Béni Mellal-Khénifra,32.236644444444444,-6.119233333333333,2138.688720703125,59.75673294067383,568.4850463867188,1656.8048095703125,0.0,13.0,,71.0,119.0,109.0,0.0,0.0,Moderate,Difficult,6.584921612939384e-05,Difficult
424,Dyke of Taguelft,Mg,Central High Atlas,Béni Mellal-Khénifra,32.20916666666667,-6.118888888888889,1686.005126953125,9.430209159851074,405.3455200195313,3783.313720703125,0.0,8.0,9.0,,119.0,109.0,2366.864,0.0,Difficult,Difficult,0.4484278365565001,Moderate
425,Fault-fold associated with the magmatic intrusion of Ait Boulmane ,SG,Central High Atlas,Béni Mellal-Khénifra,32.193888888888885,-6.101944444444444,1830.040771484375,58.62212371826172,712.0,5199.76318359375,1183.4320068359375,13.0,9.0,71.0,119.0,109.0,3742.3406,0.0,Difficult,Difficult,3.138214664780376e-05,Difficult
432,"Watercourse, river, lake, dam",H,Central High Atlas,Béni Mellal-Khénifra,32.10894444444445,-6.4633416666666665,2138.688720703125,1.837981343269348,47.18050384521485,13483.7861328125,1656.8048095703125,10.0,9.0,71.0,119.0,109.0,0.0,0.0,Easy,Easy,0.9790358177838991,Easy
433,Dinosaur footprints,PL,Central High Atlas,Béni Mellal-Khénifra,32.10691388888889,-6.458327777777778,2138.688720703125,1.837981343269348,47.18050384521485,13483.7861328125,1656.8048095703125,10.0,9.0,71.0,119.0,109.0,0.0,0.0,Easy,Easy,0.9790358177838991,Easy
434,Panoramic view of the Ouaouizaght Syncline,SG&S,Central High Atlas,Béni Mellal-Khénifra,32.13167777777778,-6.397130555555556,1809.4642333984373,3.87244725227356,167.3984832763672,8750.0595703125,0.0,13.0,9.0,71.0,119.0,109.0,0.0,0.0,Easy,Moderate,0.8753848998270567,Easy
436,Assif Assemssil Bridge,H,Central High Atlas,Béni Mellal-Khénifra,32.10832777777778,-6.472758333333333,2097.53564453125,2.393913507461548,54.43344497680664,14197.513671875,1183.4320068359375,13.0,9.0,71.0,119.0,109.0,0.0,0.0,Easy,Easy,0.9765875898905351,Easy
437,Oued Ahençal river,H,Central High Atlas,Béni Mellal-Khénifra,32.069947222222225,-6.424030555555556,2303.301025390625,61.204837799072266,838.85546875,16316.6865234375,0.0,10.0,9.0,71.0,119.0,109.0,4733.728,1183.432,Difficult,Difficult,5.321784981044925e-06,Difficult
438,Oued el Abid Bridge,S,Central High Atlas,Béni Mellal-Khénifra,32.13381666666667,-6.311780555555555,965.8265380859376,2.7823052406311035,91.82048034667967,8284.0244140625,0.0,4.0,9.0,71.0,119.0,109.0,0.0,0.0,Easy,,0.9629002611915101,Easy
439,Panoramic view of badlands and cuesta,G,Central High Atlas,Béni Mellal-Khénifra,32.09181944444445,-6.331558333333333,2262.14794921875,61.25389099121094,1089.597412109375,13017.751953125,0.0,11.0,9.0,71.0,119.0,109.0,0.0,0.0,Moderate,Difficult,2.142396004799698e-05,Difficult
440,Ain Asserdoune-Tamgnounte,"H,K&C",Central High Atlas,Béni Mellal-Khénifra,32.3241,-6.3375,1480.23974609375,15.832953453063965,414.4013671875,1183.4320068359375,1656.8048095703125,4.0,9.0,69.0,119.0,109.0,0.0,0.0,Easy,Difficult,0.4788842184717054,Moderate
442,Moudj Canyon,"H,K&E",Central High Atlas,Béni Mellal-Khénifra,32.280556,-6.2975,2159.265380859375,5.165424823760986,159.3941650390625,6150.177734375,1656.8048095703125,10.0,9.0,71.0,119.0,109.0,0.0,0.0,Easy,Moderate,0.8853925504043312,Easy
452,Taghbaloute- n- Ouhlima,"H,K,C&E",Central High Atlas,Béni Mellal-Khénifra,32.55341501,-6.01361989,1850.6173095703125,10.631772994995115,188.0398864746093,2366.864013671875,1656.8048095703125,6.0,9.0,71.0,119.0,109.0,0.0,0.0,Easy,Difficult,0.7886511751133557,Easy
519,Jurassic tabular structures,G,Central High Atlas,Draâ-Tafilalet,32.36833333333334,-4.987777777777778,965.8265380859376,2.7823052406311035,91.82048034667967,45625.4375,2366.864013671875,10.0,9.0,,119.0,105.0,5917.16,2366.864,Difficult,,0.0030566331726003793,Difficult
574,Typical coastal cliff of the Dakhla peninsula,S,Middle Atlas,Dakhla-Oued Eddahab,23.75555555555556,-15.925,60.45918273925781,56.35649871826172,24.183670043945312,12056.3310546875,4256.6865234375,5.0,6.0,40.0,34.0,10.0,0.0,1673.6256,Moderate,Difficult,0.34349466848883087,Moderate
575,North border of the Dakhla lagoon north of the artesian well,S&Ar,Middle Atlas,Dakhla-Oued Eddahab,23.91027777777778,-15.71861111111111,101.61224365234376,0.8804652690887451,18.14472198486328,18217.513671875,12300.3544921875,5.0,6.0,40.0,34.0,10.0,1183.432,13017.752,Moderate,Moderate,0.8770363566264292,Easy
579,Dewatering fold,S,Middle Atlas,Dakhla-Oued Eddahab,23.59083333333333,-15.698055555555555,163.3418426513672,0.0,0.0,24833.724609375,17256.09375,5.0,6.0,23.0,34.0,10.0,0.0,9541.134,Easy,Moderate,0.9866590924049252,Easy
583,Neolithic engravings on Lower Cretaceous sandstones,"S,SG&C",Middle Atlas,Dakhla-Oued Eddahab,23.326666666666668,-15.23277777777778,266.2244873046875,0.0,15.309821128845217,14911.2412109375,16083.6669921875,5.0,7.0,29.0,34.0,10.0,0.0,5917.16,Easy,Moderate,0.9855846999059702,Easy
584,Metabasite,Me&SG,Middle Atlas,Dakhla-Oued Eddahab,23.2075,-15.088333333333331,266.2244873046875,0.1761064380407333,11.640110969543455,26268.521484375,18683.548828125,5.0,7.0,29.0,34.0,10.0,0.0,1183.432,Easy,Moderate,0.9856870477101087,Easy
586,Rounded hills of nepheline syenite,Me&Mg,Middle Atlas,Dakhla-Oued Eddahab,22.55027777777778,-14.317222222222222,327.9540710449219,0.5283060073852539,10.280062675476074,17256.09375,12540.7099609375,5.0,7.0,8.0,34.0,10.0,0.0,1183.432,Easy,Moderate,0.9853776299734897,Easy
588,Dliyat N’sour migmatite with large basic blocks crosscut by granite veins,"Me,Pt&SG",Middle Atlas,Dakhla-Oued Eddahab,22.59777777777777,-14.4025,327.9540710449219,0.1761064380407333,7.544140815734863,24134.673828125,17267.1015625,5.0,7.0,8.0,34.0,10.0,0.0,7484.681,Easy,Moderate,0.9859868910820676,Easy
589,Awsard panorama,SG,Middle Atlas,Dakhla-Oued Eddahab,22.627222222222223,-14.408055555555556,327.9540710449219,0.0,6.68720817565918,23901.65625,16568.048828125,5.0,7.0,8.0,34.0,10.0,1673.6256,6900.535,Moderate,Moderate,0.688439122884948,Easy
590,Oued Chebeika estuary,SG&Me,Middle Atlas,Dakhla-Oued Eddahab,28.29555555555556,-11.525,163.3418426513672,0.5568816065788269,24.47140312194824,11582.958984375,8983.0771484375,5.0,7.0,14.0,34.0,10.0,0.0,0.0,Easy,Moderate,0.9840794634188895,Easy
592,Lower Cretaceous f luvial sandstones (“Tan-Tan sands”) beneath the Hamada Plateau,"S,G&PG",Middle Atlas,Dakhla-Oued Eddahab,28.479166666666664,-11.204166666666666,183.9183654785156,0.9482784271240234,41.28459548950195,16568.048828125,1656.8048095703125,5.0,,,34.0,10.0,0.0,0.0,Easy,Moderate,0.9813863165306373,Easy
594,Transgression of the Lower Cretaceous redbeds on the Bas Draa Precambrian Massif,"SG,Mo&PG",Middle Atlas,Dakhla-Oued Eddahab,28.39,-11.016944444444444,533.7193603515625,3.856492280960083,73.38639068603516,32626.03125,3783.313720703125,5.0,7.0,,34.0,10.0,0.0,1183.432,Easy,Moderate,0.9680194758289425,Easy
595,Upper Precambrian  metaconglomerates (south-western tip of the Bas Draa inlier),SG,Middle Atlas,Dakhla-Oued Eddahab,28.34611111111111,-10.934166666666666,286.801025390625,0.4980932772159576,52.05503463745117,41394.43359375,9700.47265625,5.0,7.0,14.0,34.0,10.0,0.0,3742.3406,Easy,Moderate,0.9800180101343882,Easy
596,Vertical Cambrian quartzites (“Barre de Goulimine”) crossed by directional fault,St&SG,Middle Atlas,Dakhla-Oued Eddahab,28.27777777777778,-10.901944444444444,307.3775634765625,0.6349360942840576,18.477394104003903,48506.02734375,6856.568359375,5.0,7.0,,34.0,10.0,0.0,0.0,Easy,Moderate,0.984569832922907,Easy
597,Cylindrical folds of Ordovician quartzites,St,Middle Atlas,Dakhla-Oued Eddahab,28.22277777777777,-13.886666666666668,965.8265380859376,2.7823052406311035,91.82048034667967,16782.720703125,1183.4320068359375,,,,34.0,10.0,93723.03,93723.03,Difficult,,2.508899484018138e-100,Difficult
599,Lower Ordovician (Llanvirn) oolithic iron bed section,SG&Ec,Middle Atlas,Dakhla-Oued Eddahab,28.059166666666663,-10.88861111111111,369.1071472167969,0.9961113333702089,25.844486236572266,39733.9609375,1183.4320068359375,5.0,7.0,24.0,34.0,10.0,1183.432,6034.343,Moderate,Moderate,0.8762157366998787,Easy
602,Jbel Tazout cuesta (Tournaisian),SG,Middle Atlas,Dakhla-Oued Eddahab,28.016111111111112,-10.816944444444443,389.6836853027344,0.3937802612781524,78.51512908935547,45669.46875,1183.4320068359375,5.0,7.0,,34.0,10.0,1183.432,0.0,Moderate,Moderate,0.8666513941180881,Easy
604,Laglat mica-schists showing superimposed structures,SG,Middle Atlas,Dakhla-Oued Eddahab,22.612222222222226,-14.4825,327.9540710449219,0.0,5.581778526306152,31952.6640625,11597.6328125,5.0,7.0,8.0,34.0,10.0,5020.877,0.0,Moderate,Moderate,0.7313246150804107,Easy
605,Accident of Izelfane,SG,Middle Atlas,Dakhla-Oued Eddahab,33.357055555555554,-4.04425,1212.744873046875,1.2450695037841797,34.976776123046875,38794.55078125,7333.60986328125,5.0,3.0,24.0,34.0,10.0,0.0,3347.2512,Easy,Moderate,0.9818955587845382,Easy
606,Fossils of Ighzer Izelfane,PL,Middle Atlas,Dakhla-Oued Eddahab,33.35788888888889,-4.029638888888889,1171.591796875,1.2818647623062134,35.87478256225586,37851.47265625,7566.62744140625,5.0,3.0,,34.0,10.0,0.0,2646.2344,Easy,Moderate,0.9817182344712703,Easy
607,Diapir of Tittaouine,SG,Middle Atlas,Dakhla-Oued Eddahab,33.36786111111111,-4.016694444444444,1171.591796875,1.2450695037841797,34.274627685546875,36194.66796875,8983.0771484375,5.0,3.0,14.0,34.0,10.0,1183.432,2646.2344,Moderate,Moderate,0.8749939353168115,Easy
608,Salt mine of Tittaouine,GM,Middle Atlas,Dakhla-Oued Eddahab,33.373,-4.017944444444445,1192.1683349609375,1.1136581897735596,33.93375778198242,35480.94140625,10166.509765625,5.0,3.0,14.0,34.0,10.0,0.0,3742.3406,Easy,Moderate,0.9822241184971602,Easy
609,Tittaouine Spring,H,Middle Atlas,Dakhla-Oued Eddahab,33.374611111111115,-4.021222222222222,1192.1683349609375,1.1136581897735596,33.93375778198242,35480.94140625,10166.509765625,5.0,3.0,14.0,34.0,10.0,0.0,3742.3406,Easy,Moderate,0.9822241184971602,Easy
610,Jbel Aghanja’s fold,SG,Middle Atlas,Dakhla-Oued Eddahab,33.378861111111114,-4.010527777777778,1171.591796875,1.340946078300476,31.34086799621582,34537.86328125,9940.828125,5.0,,14.0,34.0,10.0,1183.432,3347.2512,Moderate,Moderate,0.875205243084942,Easy
611,Kardoud and Abdel Ali springs,H,Middle Atlas,Dakhla-Oued Eddahab,33.32016666666667,-3.916833333333333,1048.1326904296875,0.7260685563087463,13.171939849853516,33110.41015625,0.0,5.0,3.0,24.0,34.0,10.0,1183.432,0.0,Moderate,Moderate,0.8775927992326807,Easy
612,Calcite quarry,GM,Middle Atlas,Dakhla-Oued Eddahab,33.47083333333334,-3.963638888888889,1212.744873046875,1.795358180999756,58.91731643676758,25765.796875,7570.2958984375,5.0,3.0,14.0,34.0,10.0,0.0,0.0,Easy,Moderate,0.9766372727894881,Easy
613,Sauropod footprints,PL,Middle Atlas,Dakhla-Oued Eddahab,33.480222222222224,-4.02375,1500.8162841796875,5.641826152801514,148.20509338378906,31449.939453125,4256.6865234375,10.0,3.0,8.0,34.0,10.0,1183.432,0.0,Moderate,Moderate,0.8030088512525232,Easy
614,Jbel Bou Naceur,SG,Middle Atlas,Dakhla-Oued Eddahab,33.570750000000004,-3.888,1253.89794921875,3.286340951919556,69.32351684570312,16568.048828125,1656.8048095703125,5.0,3.0,14.0,34.0,10.0,8284.024,2366.864,Difficult,Moderate,0.003081697309853973,Difficult
615,Ain Jdid,H,Middle Atlas,Dakhla-Oued Eddahab,33.48630555555555,-3.8171388888888886,1006.9796142578124,0.94827800989151,26.973365783691406,12540.7099609375,1656.8048095703125,5.0,3.0,14.0,34.0,10.0,1183.432,0.0,Moderate,Moderate,0.8761627571776455,Easy
616,Late Precambrian rhyolites of Sidi Daoui,Pt,Meseta,Doukkala-Abda,33.233333333333334,-8.5,122.18877410888672,1.1811940670013428,24.08067512512207,10399.5263671875,7100.591796875,4.0,3.0,8.0,41.0,41.0,0.0,0.0,Easy,Easy,0.9832898160629918,Easy
618,Sidi Saïd Mâachou Basin,"PL,St&Pt",Meseta,Doukkala-Abda,33.009166666666665,-8.002222222222223,204.49490356445312,1.670223832130432,47.238258361816406,0.0,0.0,15.0,8.0,10.0,41.0,41.0,0.0,0.0,Easy,Easy,0.9793023515899153,Easy
619,Lalla Fatna escarpment,PL&St,Meseta,Doukkala-Abda,32.398375,-9.262372222222222,101.61224365234376,2.78230619430542,60.31248474121094,16782.720703125,13716.8056640625,13.0,3.0,,41.0,41.0,0.0,0.0,Easy,Easy,0.9744333519553388,Easy
621,Jorf Lasfar escarpment,PL&St,Meseta,Doukkala-Abda,33.15685,-8.62353888888889,122.18877410888672,0.3522093892097473,22.48026466369629,19149.583984375,16568.048828125,4.0,3.0,8.0,41.0,41.0,0.0,0.0,Easy,Easy,0.9845298859468992,Easy
624,ElKhénzira cave,GM,Meseta,Doukkala-Abda,33.156844444444445,-8.623055555555556,122.18877410888672,0.3522093892097473,22.48026466369629,19149.583984375,16568.048828125,4.0,3.0,8.0,41.0,41.0,0.0,0.0,Easy,Easy,0.9845298859468992,Easy
627,Sidi Moussa Lagoon,E,Meseta,Doukkala-Abda,32.86666666666667,-8.851388888888888,163.3418426513672,0.4980932772159576,14.350522994995115,1183.4320068359375,11113.25390625,4.0,3.0,40.0,41.0,41.0,0.0,0.0,Easy,Easy,0.9850958364766463,Easy
628,Zima Lake,E,Meseta,Doukkala-Abda,32.080000000000005,-8.66,348.5306091308594,0.5283060073852539,17.919307708740234,5913.49072265625,9456.4501953125,5.0,8.0,10.0,41.0,41.0,1183.432,1183.432,Moderate,Easy,0.8774550806795001,Easy
629,Phosphate de posit of Ganntour,T,Meseta,Doukkala-Abda,32.13,-8.5,451.4132690429688,0.8804656863212585,20.16106986999512,6627.21923828125,6856.568359375,5.0,8.0,10.0,41.0,41.0,1183.432,1183.432,Moderate,Easy,0.8768701375517606,Easy
633,Boulemane,G&SG,Middle Atlas,Béni Mellal-Khénifra,33.364444444444445,-4.7225,2035.80615234375,3.5352110862731934,673.7484741210938,10399.5263671875,2366.864013671875,10.0,,,34.0,109.0,0.0,0.0,Easy,Difficult,0.6352928418809637,Easy
634,Guigou valley,G&St,Middle Atlas,Béni Mellal-Khénifra,33.40472222222222,-4.721111111111111,965.8265380859376,2.7823052406311035,91.82048034667967,6627.21923828125,1656.8048095703125,10.0,7.0,71.0,34.0,109.0,0.0,0.0,Easy,,0.9629002611915101,Easy
635,Guigou valley,Pt,Middle Atlas,Béni Mellal-Khénifra,33.46083333333333,-4.6725,2138.688720703125,1.2450685501098633,69.2278823852539,1183.4320068359375,1183.4320068359375,10.0,7.0,18.0,34.0,109.0,0.0,0.0,Easy,Easy,0.9746844070795453,Easy
636,Taferdoust,G&I,Middle Atlas,Béni Mellal-Khénifra,33.47361111111111,-4.654444444444445,2159.265380859375,3.5613043308258057,98.24967956542967,1183.4320068359375,2366.864013671875,10.0,7.0,18.0,34.0,109.0,0.0,0.0,Easy,Moderate,0.9575553554308839,Easy
637,Taghrout,"G,St&SG",Middle Atlas,Béni Mellal-Khénifra,33.48305555555556,-4.6075,2138.688720703125,2.754391431808472,91.82048034667967,4970.4140625,0.0,10.0,,18.0,34.0,109.0,0.0,0.0,Easy,Moderate,0.9629593138455076,Easy
638,Anchrif,PL,Middle Atlas,Béni Mellal-Khénifra,33.48222222222223,-4.61888888888889,2200.41845703125,3.3971967697143555,95.29690551757812,4256.6865234375,0.0,10.0,,18.0,34.0,109.0,1183.432,0.0,Moderate,Moderate,0.8550857001159193,Easy
639,Skoura,"H,S&G",Middle Atlas,Béni Mellal-Khénifra,33.51611111111111,-4.539722222222222,2076.959228515625,5.587290287017822,91.6515121459961,11826.9814453125,1183.4320068359375,10.0,,,34.0,109.0,0.0,0.0,Easy,Moderate,0.9544727298097097,Easy
640,Tadaout,St,Middle Atlas,Béni Mellal-Khénifra,33.51916666666666,-4.505555555555556,2035.80615234375,7.445967197418213,117.22201538085938,14656.2119140625,2366.864013671875,10.0,7.0,71.0,34.0,109.0,0.0,1183.432,Easy,Moderate,0.9275096421533149,Easy
641,Tizi-n-Issoulitene,SG,Middle Atlas,Béni Mellal-Khénifra,33.49916666666667,-4.458055555555556,1974.0765380859373,6.709708213806152,130.82908630371094,17500.1171875,2366.864013671875,10.0,7.0,14.0,34.0,109.0,0.0,1183.432,Easy,Moderate,0.9184501504009239,Easy
642,Mohammed Azeroual,PL,Middle Atlas,Béni Mellal-Khénifra,33.49861111111111,-4.468888888888889,1932.9234619140625,4.7310404777526855,117.2273406982422,16316.6865234375,1656.8048095703125,13.0,7.0,14.0,34.0,109.0,0.0,0.0,Easy,Moderate,0.9404381479578034,Easy
643,El Mers,PL&I,Middle Atlas,Béni Mellal-Khénifra,33.44444444444444,-4.45,1932.9234619140625,1.4195290803909302,39.679969787597656,17984.498046875,2366.864013671875,10.0,7.0,,34.0,109.0,0.0,0.0,Easy,Easy,0.9809584293812286,Easy
645,The flute casts of Punta Cires,S,Rif,Tanger-Tétouan-Al Hoceïma,35.9,-5.416666666666667,163.3418426513672,4.480707168579102,263.4773254394531,1183.4320068359375,2366.864013671875,11.0,,,40.0,40.0,1673.6256,0.0,Difficult,Difficult,0.5128187550810869,Easy
646,Current patterns and inverted series of the Tizirène nappe at Ksar Sghir,SG,Rif,Tanger-Tétouan-Al Hoceïma,35.848888888888894,-5.566388888888889,225.0714263916016,1.026761531829834,94.20365142822266,8513.373046875,4733.72802734375,4.0,3.0,8.0,40.0,40.0,0.0,0.0,Easy,Moderate,0.9646813337203247,Easy
650,Cap Malabata,S,Rif,Tanger-Tétouan-Al Hoceïma,35.78333333333333,-0.0333333333333332,965.8265380859376,2.7823052406311035,91.82048034667967,16782.720703125,1183.4320068359375,,,,40.0,40.0,186036.11,192594.23,Difficult,,1.4853545586912e-200,Difficult
658,"Ain Tamda,  Zaouit Cheikh city","K,H,C&A",Middle Atlas,Béni Mellal-Khénifra,32.64057778,-5.91269444,1974.0765380859373,1.795358180999756,146.7736358642578,6856.568359375,1656.8048095703125,13.0,9.0,71.0,34.0,109.0,0.0,0.0,Easy,Moderate,0.9138856018004736,Easy
659,"Sources d’Ouchrah, Tagzirte","G,K,H,E,C&R",Middle Atlas,Béni Mellal-Khénifra,32.42897599,-6.170837578,1253.89794921875,4.449705600738525,113.60017395019533,1183.4320068359375,1183.4320068359375,8.0,9.0,69.0,34.0,109.0,1183.432,0.0,Moderate,Moderate,0.8414925584922055,Easy
660,"Jbel Taçmit, Foum El Ancer","H,K&C",Middle Atlas,Béni Mellal-Khénifra,32.29302956,-6.214958909,2220.994873046875,7.450040340423584,700.0162353515625,5917.16015625,0.0,11.0,9.0,71.0,34.0,109.0,5292.4688,1183.432,Difficult,Difficult,0.15155786973313237,Difficult
667,Massive oncolitic limestones of Fm BIII ( beginning of Middle-Upper regression),PL,Central High Atlas,Béni Mellal-Khénifra,32.106411111111115,-6.451858333333334,2138.688720703125,1.837981343269348,47.18050384521485,13483.7861328125,1656.8048095703125,10.0,9.0,71.0,119.0,109.0,0.0,0.0,Easy,Easy,0.9790358177838991,Easy
669,Passage of the marine carbonate deposits from FmBIII to the red layers (Middle and Upper Jurassic regression),S,Central High Atlas,Béni Mellal-Khénifra,32.106902777777776,-6.447197222222222,2138.688720703125,0.3937810659408569,80.4953384399414,12770.05859375,1183.4320068359375,10.0,9.0,71.0,119.0,109.0,0.0,1183.432,Easy,Easy,0.9718586132957018,Easy
672,The first basalt flow (the major effusive event of Middle Jurassic),St,Central High Atlas,Béni Mellal-Khénifra,32.11295555555556,-6.4165833333333335,1850.6173095703125,7.979712963104248,153.17474365234375,11582.958984375,1183.4320068359375,13.0,9.0,71.0,119.0,109.0,0.0,1673.6256,Easy,Moderate,0.8805295056501135,Easy
677,Mio-Pliocene alluvial terraces,H,Central High Atlas,Béni Mellal-Khénifra,32.13302222222222,-6.300258333333333,965.8265380859376,2.7823052406311035,91.82048034667967,8284.0244140625,0.0,8.0,9.0,71.0,119.0,109.0,0.0,1183.432,Easy,,0.9629002611915101,Easy
690,  Deep gorges in Fm BIII limestones from the Assif Assemssil river ,,Central High Atlas,Béni Mellal-Khénifra,32.08027777777778,-6.46,2159.265380859375,1.594300627708435,68.78589630126953,16313.0166015625,1183.4320068359375,10.0,9.0,71.0,119.0,109.0,2366.864,0.0,Moderate,Moderate,0.7224079805632019,Easy
693,Well-distinguished fault making contact between the Fm m. BIII & the Guettioua Fm,St,Central High Atlas,Béni Mellal-Khénifra,32.07277777777778,-6.445277777777778,2179.841796875,2.5198428630828857,91.65424346923828,15599.2890625,0.0,10.0,9.0,71.0,119.0,109.0,2646.2344,0.0,Moderate,Moderate,0.7144274914470782,Easy
696,Spring of Ain Asserdoune,"H,K&R",Central High Atlas,Béni Mellal-Khénifra,32.38333333333333,-5.916666666666667,965.8265380859376,2.7823052406311035,91.82048034667967,4970.4140625,1183.4320068359375,4.0,9.0,8.0,119.0,109.0,4879.415,0.0,Moderate,,0.7139644588793925,Easy
739,Fairy chimneys of Assamar,G,Central High Atlas,Béni Mellal-Khénifra,32.00416666666666,-0.1999999999999997,965.8265380859376,2.7823052406311035,91.82048034667967,16782.720703125,1183.4320068359375,,,,119.0,109.0,94533.92,91614.76,Difficult,,3.304232747733326e-101,Difficult
