Geological domain,Administrative region,Auteurs,Titre,Evaluated geosites,Geosite's type,Coordinates,,,,,,,,,,,
,,,,,,X_Easting,Y_Northing,,,,,,,,,,
Rif,Tanger-Al Hoceima,"El Kharraz et al., 2026",Geoheritage Assessment and Geotourism Planning in Tangier (Morocco),Playa Blanca Beach,,35.8243731N,−5.7229291W,,,,,,,,,,
,,,,Marisat Beach,,35.7998631N,−5.7507168W,,,,,,,,,,
,,,,Ghandouri Beach,,35.7869320N,−5.7633668W,,,,,,,,,,
,,,,Malabata Beach,,35.7777695N,−5.7775563W,,,,,,,,,,
,,,,Merkala Beach,,35.7940544N,−5.8344841W,,,,,,,,,,
,,,,Bouhendia Beach,,35.7829225N,−5.9307866W,,,,,,,,,,
,,,,Achakar Beach,,35.7768580N,−5.9307889W,,,,,,,,,,
,,,,Mickey Beach,,35.7723236N,−5.9326896W,,,,,,,,,,
,,,,Sidi Kacem Beach,,35.7379826N,−5.9442736W,,,,,,,,,,
,,,,Ba Kacem Beach,,35.7732541N,−5.9331855W,,,,,,,,,,
,,,,Houara Beach,,35.6329991N,−5.9781537W,,,,,,,,,,
,,,,Tahadart Beach,,35.5775096N,−5.9895277W,,,,,,,,,,
,,,,American Beach,,35.6798457N,−5.9651715W,,,,,,,,,,
,,,,Al Manar Forest,,35.8168801N,−5.7486307W,,,,,,,,,,
,,,,Marisat Forest,,35.7961267N,−5.7491829W,,,,,,,,,,
,,,,Tangier balya Forest,,35.7773448N,−5.7711325W,,,,,,,,,,
,,,,Rmilat Forest,,35.7929606N,−5.8624116W,,,,,,,,,,
,,,,Rharha Forest,,35.7619967N,−5.8731593W,,,,,,,,,,
,,,,Mediouna Forest,,35.7821557N,−5.8925229W,,,,,,,,,,
,,,,Boubana Forest,,35.7719636N,−5.8927079W,,,,,,,,,,
,,,,Cape Spartel Reserve,,35.6759744N,−5.9462552W,,,,,,,,,,
,,,,Diplomatic Forest,,35.6759744N,−5.9462552W,,,,,,,,,,
,,,,Jumjum Rock,,35.7899743N,−5.8497473W,,,,,,,,,,
,,,,Gherab Rock,,35.7946454N,−5.85792W,,,,,,,,,,
,,,,Sutooh Rock,,35.7627783N,−5.8885488W,,,,,,,,,,
,,,,Bouhendia Rock,,35.7883180N,−5.9291816W,,,,,,,,,,
,,,,Ras Aghmat,,35.7974277N,−5.8416951W,,,,,,,,,,
,,,,Hafa Rock,,35.7913075N,−5.8203332W,,,,,,,,,,
,,,,Maghayir Lake,,35.7536291N,−5.8957438W,,,,,,,,,,
,,,,Sidi Hassain Lake,,35.6980445N,−5.8249996W,,,,,,,,,,
,,,,Tahadart River,,35.6253683N,−5.9412174W,,,,,,,,,,
,,,,Rharha Lake,,35.7691304N,−5.8578318W,,,,,,,,,,
,,,,Al Manar Fortress,,35.8146390N,−5.7393475W,,,,,,,,,,
,,,,Ghailan Fort,,35.7795848N,−5.7715313W,,,,,,,,,,
,,,,Villa Harris,,35.7830876N,−5.7652395W,,,,,,,,,,
,,,,Dar El Baroud Tower,,35.7886196N,−5.8081714W,,,,,,,,,,
,,,,Bab Dar Debbagh,,35.7860073N,−5.8094098W,,,,,,,,,,
,,,,Bab El Marsa,,35.7842141N,−5.8085094W,,,,,,,,,,
,,,,Bab El Fahs,,35.7847304N,−5.8129131W,,,,,,,,,,
,,,,Bab El Kasbah,,35.788648N,−5.815002W,,,,,,,,,,
,,,,Bab El Bahr,,35.789007N,−5.812113W,,,,,,,,,,
,,,,Bab Lassa,,35.788119N,−5.812018W,,,,,,,,,,
,,,,Bab El Hira,,35.786530N,−5.809422W,,,,,,,,,,
,,,,Bab American,,35.783817N,−5.810501W,,,,,,,,,,
,,,,Bab Haha,,35.788671N,−5.811854W,,,,,,,,,,
,,,,Bouanania Cemetery,,35.7908171N,−5.8200251W,,,,,,,,,,
,,,,Sour Al Maâkazine,,35.7810852N,−5.8117345W,,,,,,,,,,
,,,,Villa Perdicaris,,35.7921543N,−5.8601788W,,,,,,,,,,
,,,,Cape Spartel Lighthouse,,35.7910567N,−5.9238839W,,,,,,,,,,
,,,,Hercules Cave,,35.7599335N,−5.9392319W,,,,,,,,,,
,,,,Horse Cave,,35.7613313N,−5.9355535W,,,,,,,,,,
,,,,Marina Port,,35.791090N,−5.810278W,,,,,,,,,,
,,,,Continental Hotel,,35.787464N,−5.809423W,,,,,,,,,,
,,,,Old ‘Hafa’ Coffee shop,,35.791346N,−5.821947W,,,,,,,,,,
,,,,Souk Dakhel,,35.784726N,−5.812676W,,,,,,,,,,
,,,,Ibn Battuta Mausoleum,,35.787414N,−5.813693W,,,,,,,,,,
,,,,Bouarakiya Mausoleum,,35.783531N,−5.81884W,,,,,,,,,,
,,,,Sidi Hosni Mausoleum,,35.7884747N,−5.8116093W,,,,,,,,,,
,,,,Ben Raisoul Mausoleum,,35.7875783N,−5.8116361W,,,,,,,,,,
,,,,Wazzani Zawiya,,35.784618N,−5.812035W,,,,,,,,,,
,,,,Lalla Abla Mosque,,35.789479N,−5.807049W,,,,,,,,,,
,,,,Kasbah Mosque,,35.788222N,−5.812673W,,,,,,,,,,
,,,,Cathedral of the Holy,,35.782167N,−5.817982W,,,,,,,,,,
,,,,Andrew’s Anglican,,35.783351N,−5.81439W,,,,,,,,,,
,,,,Immaculate Conception,,35.783351N,−5.811323W,,,,,,,,,,
Middle Atlas,Fez-Meknes,"Naouadir et al., 2026","Geoheritage, Geotourism, and Geodiversity of the El Menzel Causse (Middle Atlas Mountains, Morocco)",Pont de Sebou Ordovician,,"33,83194N","−4,64806W",,,,,,,,,,
,,,,Karkoura Ordovician,,"33,85611N","−4,61389W",,,,,,,,,,
,,,,Oued Sebou Ordovician,,"33,84056N","−4,64306W",,,,,,,,,,
,,,,Oued Sebou Triassic,,"33,83889N","−4,64306W",,,,,,,,,,
,,,,Karkoura Triassic,,"33,8575N","−4,61889W",,,,,,,,,,
,,,,Mellaha Triassic,,"33,77278N","−4,58333W",,,,,,,,,,
,,,,Ain Sebou Jurassic,,"33,73667N","−4,5325W",,,,,,,,,,
,,,,El Menzel Jurassic,,"33,845N","−4,53778W",,,,,,,,,,
,,,,Taghit Ammonites,,"33,76583N","−4,52194W",,,,,,,,,,
,,,,El Menzel Miocene,,"33,84,611N","−4,55389W",,,,,,,,,,
,,,,El Qualaa Travertines,,"33,84139N","−4,54778W",,,,,,,,,,
,,,,El Menzel Paleosols,,"33,84667N","−4,5425W",,,,,,,,,,
,,,,Beni Yazgha Thrust Fault,,"33,84611N","−4,60944W",,,,,,,,,,
,,,,El Menzel Fault,,"33,83306N","−4,53306W",,,,,,,,,,
,,,,Taghit Thrust Fault,,"33,76806N","−4,51139W",,,,,,,,,,
,,,,Quasbat Beni Yazgha Polje,,"33,82833N","−4,59361W",,,,,,,,,,
,,,,Jbel Taferguicht,,"33,81306N","−4,62972W",,,,,,,,,,
,,,,Jbel El Knisiya,,"33,81556N","−4,62222W",,,,,,,,,,
,,,,Oued Sebou,,"33,81139N","−4,60917W",,,,,,,,,,
,,,,Allal El Fassi Dam,,"33,92278N","−4,65083W",,,,,,,,,,
Middle Atlas,Beni Mellal-Khenifra,"Akhlidej et al., 2025",Geoheritage of the Azrou-Khenifra Basin (Moroccan Massif Central): Inventory and Quantitative Assessment of Geosites,Upper Devonian Kellwasser black limestones of Bou Ounabdou,,33°08.57’N,5°31.05’W,,,,,,,,,,
,,,,Upper Devonian olistolites of Bou Ounabdou,,33°08’22’’N,5°30’49’’W,,,,,,,,,,
,,,,Paleozoic Gara outcrop with Mesozoic cover of Mrirt,,3°09.11’N,5°30.19’W,,,,,,,,,,
,,,,Ordovician plicative structures of Mrirt,,33°06.00’N,5°35.21’W,,,,,,,,,,
,,,,Permian granitic dyke of Tighza,,33°11.87’N,5°37.02’W,,,,,,,,,,
,,,,Late-Hercynian granite of Ment,,33°11’55’’N,5°53’41’’W,,,,,,,,,,
,,,,The post kinetic Tourmalinite vein of Aguelmous,,33°12’39’’ N,5°55’36’’W,,,,,,,,,,
,,,,Permian Bou Hayati massif of Khenifra,,2°58’26’’N,5°41’56’’W,,,,,,,,,,
,,,,Clay matrix conglomerates of Permian in Khenifra,,32°57.24’N,5°41.15’W,,,,,,,,,,
,,,,Permian alternating clay and sand stonebeds of Khenifra,,32°57.63’N,5°41.28’W,,,,,,,,,,
,,,,Permian/Ordovician unconformity of Iaarochen,,33°01.73’N,5°36.86’W,,,,,,,,,,
,,,,Permian/Ordovician unconformity of Assabera,,33°02.97’N,5°36.86’W,,,,,,,,,,
,,,,Triassic/Ordovician unconformity of Azrou,,33°27.86’N,5°10.32’W,,,,,,,,,,
,,,,Triassic/upper Devonian unconformity of Tigrigra,,33°29.21’N,5°15.70’W,,,,,,,,,,
,,,,Triassic clays and basalts Concordance of Azrou,,33°27.80’N,5°10.16’W,,,,,,,,,,
,,,,Triassic pillow lava of Azrou,,33°27.71’N,5°09.91’W,,,,,,,,,,
,,,,Triassic fractured pillow lava of Azrou,,33°27.76’N,5°10.10’W,,,,,,,,,,
,,,,Lower Liassic dolomite of Akchmir,,33°26.11’N,5°13.43’W,,,,,,,,,,
,,,,Quaternary basalts of Oued Oum Er-Rbia,,32°59.73’N,5°39.12’W,,,,,,,,,,
,,,,Quaternary basalts balls of Sidi-Addi,,33°23.34’N,5°20.75’W,,,,,,,,,,
,,,,Quaternary/Triassic unconformity of Azrou,,33°27.70’N,5°09.90’W,,,,,,,,,,
High Atlas,Beni Mellal-Khenifra,"Naitouacha et al., 2024",Geological Sites of the Anergui Region: Description and Place in the Alpine Geological History of the M'goun UNESCO Global Geopark (Morocco),Tasraft,,"32° 9'36.41""N","5°55'52.01""W",,,,,,,,,,
,,,,Aftis,,"32° 4'58.56""N","5°56'19.33""W",,,,,,,,,,
,,,,Moriq,,"32° 6'5.12""N","5°53'34.74""W",,,,,,,,,,
,,,,Tamekaste,,"32° 4'26.09""N","5°55'6.57""W",,,,,,,,,,
,,,,Anergui,,"32° 3'48.22""N","5°55'37.55""W",,,,,,,,,,
,,,,Taguentourte,,"32° 2'53.32""N","5°56'6.45""W",,,,,,,,,,
,,,,Ouriz,,"32° 2'16.19""N","5°56'56.64""W",,,,,,,,,,
,,,,Tagount,,"32° 0'41.21""N","5°56'33.20""W",,,,,,,,,,
,,,,Tizi N'Dari,,"32° 0'38.36""N","5°55'47.27""W",,,,,,,,,,
,,,,Batly,,"32° 0'13.03""N","5°55'23.75""W",,,,,,,,,,
,,,,Inoufigun,,"31°59'55.14""N","5°55'45.83""W",,,,,,,,,,
,,,,Imaouen N’Tfalouine,,"32° 4'40.35""N","5°57'16.74""W",,,,,,,,,,
,,,,Akhachane,,"32° 3'14.82""N","6° 4'50.02""W",,,,,,,,,,
,,,,Igra,,"32° 3'43.48""N","6° 3'57.13""W",,,,,,,,,,
,,,,Ifri N'Khettab,,"32° 1'3.14""N","6°12'6.58""W",,,,,,,,,,
,,,,Ait Abdi,,"31°52'2.43""N","5°58'53.58""W",,,,,,,,,,
Middle Atlas,Beni Mellal-Khenifra,"Benamrane et al., 2022",Geomorphological Classification of Monogenetic Volcanoes and Its Implication to Tectonic Stress Orientation in the Middle Atlas Volcanic Field (Morocco),H3,,"33°23'00""N","5°90'23""W",,,,,,,,,,
,,,,Chtifat (C 1),,"33°18'42""N","5°8'6""W",,,,,,,,,,
,,,,Chtifat (C 2),,"33°17'45""N","5°7'44""W",,,,,,,,,,
,,,,Lachmine Lakbir (LA 1),,"33°11'42""N","5°6'42""W",,,,,,,,,,
,,,,Ait Quassou,,"33°11'32""N","5°4'5""W",,,,,,,,,,
,,,,Lachmine Izyar,,"33°15'54""N","5°6'39""W",,,,,,,,,,
,,,,Tahabrite (T 2),,"33°20'51""N","5°7'37""W",,,,,,,,,,
,,,,Tahabrite (T 3),,"33°20'49""N","5°7'14""W",,,,,,,,,,
,,,,Boutjatiout,,33°21′45″ N,5°06′58″ W,,,,,,,,,,
,,,,Boutagarouine (B 2),,33°16′59″ N,5°06′25″ W,,,,,,,,,,
,,,,Tichout Tazouggaght,,33°20′45″ N,5°09′39″ W,,,,,,,,,,
,,,,Tamarakoit,,33°03′42″ N,5°03′58″ W,,,,,,,,,,
,,,,Tamahrart,,33°30′41″ N,5°15′09″ W,,,,,,,,,,
,,,,Tizi Idguel,,33°23′35″ N,5°09′33″ W,,,,,,,,,,
,,,,Selrhert (S 1),,33°10′34″ N,4°59′35″ W,,,,,,,,,,
,,,,Selrhert (S 2),,33°10′50″ N,4°59′56″ W,,,,,,,,,,
,,,,Ta0issaouit (Ta 1),,33°19′19″ N,5°05′48″ W,,,,,,,,,,
,,,,Ta0issaouit (Ta 2),,33°19′05″ N,5°06′49″ W,,,,,,,,,,
,,,,Sidi Boundouh,,33°14′11″ N,5°04′37″ W,,,,,,,,,,
,,,,Timahdite,,33°13′49″ N,5°04′01″ W,,,,,,,,,,
,,,,H1,,33°22′32″ N,5°08′47″ W,,,,,,,,,,
,,,,H2,,33°21′50″ N,5°09′13″ W,,,,,,,,,,
,,,,Ich Ouaharrouq (IO 1),,33°24′07″ N,5°09′06″ W,,,,,,,,,,
,,,,Ich Ouaharrouq (IO 2),,33°23′54″ N,5°08′06″ W,,,,,,,,,,
,,,,Chtifat (C 3),,33°17′51″ N,5°07′22″ W,,,,,,,,,,
,,,,Sud Izyar,,33°14′42″ N,5°05′47″ W,,,,,,,,,,
,,,,Azougouash,,32°58′21″ N,5°08′29″ W,,,,,,,,,,
,,,,Houirt,,33°39′11″ N,4°36′54″ W,,,,,,,,,,
,,,,Bekrit,,33°03′45″ N,5°14′25″ W,,,,,,,,,,
,,,,Outgui,,33°38′02″ N,5°14′53″ W,,,,,,,,,,
,,,,Si Mghid,,33°11′45″ N,5°15′38″ W,,,,,,,,,,
,,,,Ariana,,33°30′59″ N,5°14′34″ W,,,,,,,,,,
,,,,Ain Kahla,,33°13′41″ N,5°13′09″ W,,,,,,,,,,
,,,,Sidi abdel aziz,,33°15′43″ N,5°03′14″ W,,,,,,,,,,
,,,,Louugnina,,33°00′39″ N,4°49′56″ W,,,,,,,,,,
,,,,Talsast,,33°13′43″ N,5°16′54″ W,,,,,,,,,,
,,,,Lachmine N'kettane (LK 1),,33°22′57″ N,5°07′32″ W,,,,,,,,,,
,,,,Lachmine Lakbir (LA2),,33°11′28″ N,5°06′09″ W,,,,,,,,,,
,,,,Ali ou ahmed (A 1),,33°13′25″ N,4°58′13″ W,,,,,,,,,,
,,,,Ali ou ahmed (A 2),,33°13′25″ N,4°58′13″ W,,,,,,,,,,
,,,,Ich Ouaharrouq (IO 2),,33°24′18″ N,5°08′23″ W,,,,,,,,,,
,,,,Ras Elma,,33°27′04″ N,5°08′57″ W,,,,,,,,,,
,,,,El koudiat (K 2),,33°31′02″ N,5°09′47″ W,,,,,,,,,,
,,,,Regada,,33°31′13″ N,4°58′00″ W,,,,,,,,,,
,,,,Dayat Yfrah,,33°34′24″ N,4°56′08″ W,,,,,,,,,,
,,,,Hebri,,"33°21'35""N","5°8'26""W",,,,,,,,,,
,,,,Tahabrite (T 1),,"33°20'37""N","5°7'46""W",,,,,,,,,,
,,,,Chmil Assou,,"33°16'49""N","5°7'22""W",,,,,,,,,,
,,,,Boutagarouine (B 3),,331604300 N,"5°5'44""W",,,,,,,,,,
,,,,Boutagarouine (B 4),,"33°17'2""N","5°5'14""W",,,,,,,,,,
,,,,Boutagarouine (B 5),,"33°17'17""N","5°5'37""W",,,,,,,,,,
,,,,Boutagarouine (B 6),,"33°17'11""N","5°4'54""W",,,,,,,,,,
,,,,Tabourit,,"33°10'51""N","5°15'6""W",,,,,,,,,,
,,,,El koudiat (K 1),,"33°31'53""N","5°9'19""W",,,,,,,,,,
,,,,Rabouba,,"33°14'21""N","5°7'56""W",,,,,,,,,,
,,,,Mijmouane,,"33°23'10""N","5°10'3""W",,,,,,,,,,
,,,,Am Larays,,"33°1'51""N","4°53'24""W",,,,,,,,,,
,,,,Ouaoussentecht,,"33°35'42""N","4°40'54""W",,,,,,,,,,
,,,,Aguelman Sidi Ali,,3350700 N,"4°59'45""W",,,,,,,,,,
,,,,Tichniouine,,"33°18'29""N","5°5'40""W",,,,,,,,,,
,,,,Masrabe,,"33°14'32""N","5°2'41""W",,,,,,,,,,
,,,,Habri,,"33°23'00""N","5°9'23""W",,,,,,,,,,
Middle Atlas,Beni Mellal-Khenifra,"De Waele and Melis, 2009","Geomorphology and geomorphological heritage of the Ifrane–Azrou region (Middle Atlas, Morocco)",Jbel Outgui,,"33°38'49.08""N","5°15'10.51""W",,,,,,,,,,
,,,,El Koudiate,,"33°31'3.95""N","5° 8'57.20""W",,,,,,,,,,
,,,,Mischliffen,,"33°24'23.72""N","5° 4'30.07""W",,,,,,,,,,
,,,,Jbel Habri,,"33°23'5.32""N","5° 9'3.46""W",,,,,,,,,,
,,,,Jbel Hebri,,"33°21'7.17""N","5° 8'3.72""W",,,,,,,,,,
,,,,Tit Ouagmar,,"33°18'39.50""N","5° 9'4.32""W",,,,,,,,,,
,,,,Bou Ibalrhatene,,"33°20'7.32""N","5° 3'30.71""W",,,,,,,,,,
,,,,Chedifat-Tit Ouagma,,"33°17'56.24""N","5° 8'12.48""W",,,,,,,,,,
,,,,Bou Teguerouine,,"33°17'0.52""N","5° 6'23.63""W",,,,,,,,,,
,,,,Sidi Aziz,,"33°15'51.75""N","5° 3'20.21""W",,,,,,,,,,
,,,,Trou de Ifri-Ouska,,"33°17'29.77""N","5°11'40.50""W",,,,,,,,,,
,,,,Dayet Aoua,,"33°38'22.48""N","5° 2'17.24""W",,,,,,,,,,
,,,,Tidrine,,"33°29'32.83""N","5° 3'19.92""W",,,,,,,,,,
,,,,Dayet Hachlaff,,"33°33'18.82""N","4°58'32.34""W",,,,,,,,,,
,,,,Tisfoula,,"33°14'26.83""N","5°21'23.74""W",,,,,,,,,,
,,,,Afennourir,,"33°15'14.77""N","5°16'20.49""W",,,,,,,,,,
,,,,Dayet Ifrah,,"33°31'47.54""N","4°58'46.63""W",,,,,,,,,,
,,,,Polje de Ouiouane,,"33°31'54.91""N","4°59'1.18""W",,,,,,,,,,
,,,,Bassin de Agoulmam,,"33°30'28.10""N","4°58'50.41""W",,,,,,,,,,
,,,,Doline de Moutferraoun,,"33°29'35.23""N","4°58'56.54""W",,,,,,,,,,
,,,,Trou de la Panthe`re,,"33°12'16.52""N","5°12'32.42""W",,,,,,,,,,
,,,,Aguelmam Azigza,,"33°11'27.78""N","5°24'53.23""W",,,,,,,,,,
,,,,Tichilite,,"33°19'36.07""N","5° 9'50.47""W",,,,,,,,,,
,,,,Ifri-ou-Berid,,"33°12'2.57""N","5°17'25.12""W",,,,,,,,,,
,,,,Source Vittel,,"33°32'51.79""N","5° 6'38.04""W",,,,,,,,,,
,,,,Cascades des Vierges,,"33°33'42.65""N","5° 7'9.79""W",,,,,,,,,,
,,,,Ifrane Zaouia,,"33°10'58.91""N","5°23'39.65""W",,,,,,,,,,
,,,,Terrasses d’El Hajeb,,"33°41'23.64""N","5°21'14.09""W",,,,,,,,,,
,,,,Jbel Irhoud,,"33°17'3.73""N","5°18'21.29""W",,,,,,,,,,
,,,,Sources Oum Er Rbia,,"33°10'49.18""N","5°25'29.48""W",,,,,,,,,,
,,,,Gorge de Azra Azegarh,,"33°44'54.51""N","5°13'50.55""W",,,,,,,,,,
,,,,Méandre Oued Akkous,,"33°47'0.91""N","5°15'15.54""W",,,,,,,,,,
,,,,Gorge de l’Oued Defali,,"33°37'24.57""N","5°26'22.10""W",,,,,,,,,,
,,,,Village Bou Youssef,,"33°43'9.39""N","5°19'5.30""W",,,,,,,,,,
,,,,Mohamed Messaoud,,"33°35'37.08""N","5°22'31.35""W",,,,,,,,,,
,,,,Paysage d’Ito,,"33°31'17.03""N","5°18'56.12""W",,,,,,,,,,
,,,,Creˆte de Tizra,,"33°33'10.80""N","5°25'31.94""W",,,,,,,,,,
,,,,Tammeroit,,"33°13'35.43""N","5°25'35.38""W",,,,,,,,,,
,,,,Balcon de Timahdite,,"33°16'10.07""N","5° 0'21.35""W",,,,,,,,,,
,,,,Chevrons Timahdite,,"33°16'16.24""N","4°56'18.79""W",,,,,,,,,,
,,,,Azrou unconformity,,"33°25'5.95""N","5° 9'49.94""W",,,,,,,,,,
,,,,Douar Caid Ait Ouahi,,"33°19'26.66""N","5°13'52.26""W",,,,,,,,,,
Meseta,Rabat-Sale-Kenitra,"Berred et al., 2022",Inventorying Rabat‑Salé‑Kénitra Region’s Geological Heritage Within Central Morocco: a Useful Tool for Developing Regional Geotourism Activity,Sidi Boulknadel pipes,,"34° 7'35.52""N","6°45'21.10""W",,,,,,,,,,
,,,,Carboniferous hills of Korifla river panorama,,"33°44'27.34""N","6°44'47.52""W",,,,,,,,,,
,,,,Lower Devonian carbonate concretion east of Ezzehiliga,,"33°18'36.09""N","6°32'34.89""W",,,,,,,,,,
,,,,Normal fault of El Malha river,,"34°34'33.68""N","5°28'49.80""W",,,,,,,,,,
,,,,Pillow lava of Malha valley,,"34°23'40.33""N","5°22'59.40""W",,,,,,,,,,
,,,,Volcanic flow of Boulhmayl river,,"34°23'35.72""N","6°28'9.58""W",,,,,,,,,,
,,,,Gayville beach potholes,,"33°56'12.46""N","6°56'46.60""W",,,,,,,,,,
,,,,Koudiat Ech-Cherif,,"34° 1'52.76""N","6°50'36.61""W",,,,,,,,,,
,,,,Sebt-Merchouch plateau Angular Unconformity,,"33°50'54.86""N","6°57'57.76""W",,,,,,,,,,
,,,,Zaër granite,,"34°33'15.54""N","5°52'27.62""W",,,,,,,,,,
,,,,Jbel Moghrane's Westphalian Molasse,,"34°23'24.06""N","6°28'11.97""W",,,,,,,,,,
,,,,Stratotype GSSP Tortonian- Messinian Limit,,"33°56'10.68""N","6°47'19.83""W",,,,,,,,,,
Middle Atlas,Oriental,"Redouane et al., 2024",Volcanic Geoheritage at the Northeastern of Morocco: Selected Sites of Oujda and Guercif (Jorf Lakhdar and Guilliz),Jorf Lakhdar Geosite,,"34°44'26.76""N","2° 2'41.70""W",,,,,,,,,,
,,,,Guilliz Geosite,,"34°28'40.39""N","3°20'31.19""W",,,,,,,,,,
Western High Atlas,Souss-Massa,"Ouchkar et al., 2025","Valorization of the Geological Heritage of the Western High Atlas Coast (Agadir, Morocco)",Dinosaur footprint site of Anza,,30°26.75’ N,09°39.65’ W,,,,,,,,,,
,,,,sedimentary and tectonic type: Quaternary conglomerate formation of Taghazout,,30°32’06.86”N,09°40’34.58”W,,,,,,,,,,
,,,,Karstic type geosite 3: Cap Ghir Cave,,30°37’45.08”N,09°50’02.10”W,,,,,,,,,,
,,,,Stratigraphic-type geosite 4: Tiguert Formation,,30°37’46.323”N,09°50’02.57”W,,,,,,,,,,
,,,,Stratigraphic Type: Oxfordian of Cap Ghir Reef,,30°37’41.98”N,09°50’11.96”W,,,,,,,,,,
,,,,Imi Ouaddar sedimentary geosite type : black shale-Imi-Ouaddar,,30°33’44”N,9°44’32.84”W,,,,,,,,,,
Middle Atlas,Beni Mellal-Khenifra," Ech-charay et al., 2026","The Palaeontological Heritage of Boulemane Between Illegal Looting and Geoconservation: Issues, Challenges and Solutions",Almou,,"33°22'44.96""N","4°42'40.92""W",,,,,,,,,,
Anti-Atlas,Draa-Tafilalet,"Lahmidi et al., 2021",The Ordovician Foum Larjamme Tunnel Paleo‑valleys from Bani Geopark Project—Assessment of Geological Heritage for Geo‑education and Geotourism Purposes,Cross‑Bedding Structures,,"29°56'29.13""N","5°37'31.48""W",,,,,,,,,,
,,,,"Bioturbation, Trace Fossils, and Fossils",,"29°55'32.55""N","5°36'53.08""W",,,,,,,,,,
,,,,Wave Ripples,,"29°54'21.51""N","5°35'29.52""W",,,,,,,,,,
,,,,Micro‑faulting and Hydrofracturing,,"29°53'42.82""N","5°36'33.19""W",,,,,,,,,,
,,,,Conglomerate and Conglomeratic Sandstone,,"29°53'48.28""N","5°34'58.77""W",,,,,,,,,,
,,,,Unconformities,,"29°57'34.20""N","5°38'13.54""W",,,,,,,,,,
,,,,Joints and Rock Fall,,"29°58'50.34""N","5°39'7.16""W",,,,,,,,,,
,,,,Exfoliation,,"29°52'19.64""N","5°32'50.50""W",,,,,,,,,,
Meseta,Marrakech-Safi,"Bouari et al., 2021",The Heritage Interest of the Koudiat Ferjane Outcrops of Jebel Ardouz in the M’zoudia Region and Their Protection,Jbel Ardouz,,"31°33'30.73""N","8°37'51.85""W",,,,,,,,,,
,,,,Aguelmam-n-Tghalouine,,"33°23'10.93""N","5° 5'42.35""W",,,,,,,,,,
,,,,Habri,,"33°22'57.70""N","5° 9'20.94""W",,,,,,,,,,
,,,,Mijmouane,,"33°21'51.61""N","5° 9'35.21""W",,,,,,,,,,
,,,,Lachmin n'Ait el Haj,,"33°22'53.35""N","5° 4'15.89""W",,,,,,,,,,
,,,,Hebri,,"33°21'34.29""N","5° 8'26.84""W",,,,,,,,,,
,,,,Carry of Ouest Hebri,,"33°20'50.27""N","5° 9'39.72""W",,,,,,,,,,
,,,,Boutjetiout,,"33°20'40.73""N","5° 7'37.04""W",,,,,,,,,,
,,,,Taïssaouite,,"33°19'7.07""N","5° 6'35.31""W",,,,,,,,,,
,,,,Tit Ouagmar,,"33°19'29.24""N","5° 8'13.91""W",,,,,,,,,,
,,,,Bou Ahsine,,"33°19'21.06""N","5° 5'44.62""W",,,,,,,,,,
,,,,Bou-Tagarouine,,"33°16'55.26""N","5° 6'6.10""W",,,,,,,,,,
,,,,Foum El Kheneg,,"33° 7'52.30""N","5° 2'28.68""W",,,,,,,,,,
,,,,Aghbalou Aberchane,,"33° 7'27.05""N","5° 3'7.59""W",,,,,,,,,,
,,,,Aguelmane Sidi Ali,,"33° 5'7.35""N","4°59'42.91""W",,,,,,,,,,
,,,,Tamarrkoit,,"33° 3'44.20""N","5° 3'46.78""W",,,,,,,,,,
Middle Atlas,Fez-Meknes,"Mounir et al., 2019",The Middle Atlas Geological karsts forms: Towards Geosites characterization,Bab Boudir,,34°04'N,4°07'W,,,,,,,,,,
,,,,Tazekka,,34°11'N,4°12'W,,,,,,,,,,
,,,,Taza,,34°13'N,4°01'W,,,,,,,,,,
,,,,Chaara Chasm,,"33°57'24.56""N","4°14'49.28""W",,,,,,,,,,
,,,,Chiker Cave,,"34° 6'46.60""N","4° 2'43.33""W",,,,,,,,,,
,,,,Iferouato Chasm,,"34° 6'14.46""N","4° 4'18.69""W",,,,,,,,,,
,,,,Izoura Chasm,,"34° 4'57.77""N","4° 6'27.90""W",,,,,,,,,,
Western High Atlas,Souss-Massa,"Lkebir et al., 2020",Short report: The Anza tracksite: Ichnological heritage and geoeducational significance of dinosaur and pterosaur tracks in coastal Morocco,Anza tracksite,,"30°26'41.73""N","9°39'35.35""W",,,,,,,,,,
Rif,Tanger-Al Hoceima,"Aoulad-Sidi-Mhend et al., 2026",Strategic Framework to Reinforce the Application for the UNESCO Global Geopark Label: The Case of Chefchaouen Geopark (NW Morocco),Cascade of Akchor,,"35°14'19.00""N","5°10'35.51""W",,,,,,,,,,
,,,,Cascdes of Oued Laou,,"35°16'44.84""N","5°14'17.12""W",,,,,,,,,,
,,,,Talembote klippes,,"35°21'9.99""","5°10'49.11""W",,,,,,,,,,
,,,,Crenulations in the Targha micaschist,,"35°16'58.35""N","4°54'52.29""W",,,,,,,,,,
,,,,Structural position of the geological units of the Internal Rif at Kodiat Achacha,,"35°15'57.10""N","5°14'5.68""W",,,,,,,,,,
,,,,Exhumation of peridotites in the Aarabe Valley,,"35°23'46.92""N","5° 1'34.32""W",,,,,,,,,,
,,,,Geosite 1,,"35°22'51.33""N","5°21'6.48""W",,,,,,,,,,
,,,,Geosite 2,,"35°22'38.18""N","5°20'0.95""W",,,,,,,,,,
,,,,Geosite 3,,"35°22'58.65""N","5°12'5.00""W",,,,,,,,,,
,,,,Geosite 4,,"35°22'57.42""N","5°11'13.81""W",,,,,,,,,,
,,,,Geosite 5,,"35°22'45.87""N","5°10'32.24""W",,,,,,,,,,
,,,,Geosite 6,,"35°14'23.44""N","5°18'17.87""W",,,,,,,,,,
,,,,Geosite 7,,"35°14'51.25""N","5°17'58.76""W",,,,,,,,,,
,,,,Geosite 8,,"35°14'48.27""N","5°16'58.15""W",,,,,,,,,,
,,,,Geosite 9,,"35°14'55.86""N","5°17'3.13""W",,,,,,,,,,
,,,,Geosite 10,,"35°15'47.68""N","5°15'24.36""W",,,,,,,,,,
,,,,Geosite 11,,"35°16'37.27""N","5°14'39.03""W",,,,,,,,,,
,,,,Geosite 12,,"35°17'55.93""N","5°13'7.94""W",,,,,,,,,,
,,,,Geosite 13,,"35°20'50.77""N","5°11'11.49""W",,,,,,,,,,
,,,,Geosite 14,,"35°15'29.75""N","5°13'20.13""W",,,,,,,,,,
,,,,Geosite 15,,"35°15'3.41""N","5°12'54.20""W",,,,,,,,,,
,,,,Geosite 16,,"35°15'16.34""N","5°12'25.95""W",,,,,,,,,,
,,,,Geosite 17,,"35°14'40.98""N","5°12'13.53""W",,,,,,,,,,
,,,,Geosite 18,,"35°13'1.02""N","5°10'29.54""W",,,,,,,,,,
,,,,Geosite 19,,"35°13'40.31""N","5° 8'39.83""W",,,,,,,,,,
,,,,Geosite 20,,"35°10'59.74""N","5°16'12.04""W",,,,,,,,,,
,,,,Geosite 21,,"35°10'16.46""N","5°14'35.34""W",,,,,,,,,,
,,,,Geosite 22,,"35°10'33.42""N","5°13'25.17""W",,,,,,,,,,
,,,,Geosite 23,,"35° 3'43.28""N","5°12'28.55""W",,,,,,,,,,
,,,,Geosite 24,,"35° 4'10.70""N","5° 8'24.23""W",,,,,,,,,,
,,,,Geosite 25,,"35° 4'8.87""N","5° 6'36.81""W",,,,,,,,,,
,,,,Geosite 26,,"35° 3'41.94""N","5° 5'41.73""W",,,,,,,,,,
,,,,Geosite 27,,"35° 4'39.87""N","5° 4'58.13""W",,,,,,,,,,
,,,,Geosite 28,,"35° 4'39.45""N","5° 4'20.23""W",,,,,,,,,,
,,,,Geosite 29,,"35° 4'38.65""N","5° 3'38.94""W",,,,,,,,,,
,,,,Geosite 30,,"35° 4'0.35""N","5° 3'4.90""W",,,,,,,,,,
,,,,Geosite 31,,"35° 3'32.99""N","5° 1'44.06""W",,,,,,,,,,
,,,,Geosite 32,,"35° 5'18.73""N","5° 9'15.84""W",,,,,,,,,,
,,,,Geosite 33,,"35° 6'49.33""N","5° 8'32.02""W",,,,,,,,,,
,,,,Geosite 34,,"35° 9'7.57""N","5° 8'46.59""W",,,,,,,,,,
,,,,Geosite 35,,"35° 9'51.53""N","5°14'26.80""W",,,,,,,,,,
,,,,Geosite 36,,"35°10'32.98""N","5°11'36.71""W",,,,,,,,,,
,,,,Geosite 37,,"35°23'46.35""N","5° 4'9.55""W",,,,,,,,,,
,,,,Geosite 38,,"35°23'10.39""N","5° 0'55.01""W",,,,,,,,,,
,,,,Geosite 39,,"35°21'5.27""N","4°58'24.40""W",,,,,,,,,,
,,,,Geosite 40,,"35°19'22.63""N","4°56'46.56""W",,,,,,,,,,
,,,,Geosite 41,,"35°17'42.32""N","4°56'1.82""W",,,,,,,,,,
,,,,Geosite 42,,"35°17'28.20""N","4°53'24.41""W",,,,,,,,,,
Anti-Atlas,Draa-Tafilalet,"Abioui et al., 2018","Rock Art Conservation and Geotourism: A practical example from Foum Chenna engravings site, Morocco",Foum Chena site,,"30°29'9.16""N","6°10'0.18""W",,,,,,,,,,
,,,,Ouigane site,,"30°27'23.27""N","6° 5'57.07""W",,,,,,,,,,
,,,,Cheaba Elbeida site,,"30°26'13.86""N","6° 2'59.93""W",,,,,,,,,,
Sahara,Guelmim-Oued Noun,"Mirari, S., & Benmlih, A. (2020)",PROMOTION OF GEOTOURISM AND GEOHERITAGE AT THE OASES OF OUED NOUN,Targua Wassai,,"29°12'26.34""N","10° 5'31.83""W",,,,,,,,,,
,,,,Abeinou,,"29° 4'51.88""N","9°58'27.24""W",,,,,,,,,,
,,,,Atlas Ifrane Essaghir,,"29°13'30.03""N","9°42'8.12""W",,,,,,,,,,
,,,,Taghjijt,,"29° 7'1.57""N","9°25'15.81""W",,,,,,,,,,
,,,,Laksabi,,"29° 0'48.55""N","10°13'28.92""W",,,,,,,,,,
,,,,Chatiaalabied,,"28°54'20.83""N","10°18'58.06""W",,,,,,,,,,
,,,,Ras Oumlil,,"28°39'31.38""N","10°29'12.42""W",,,,,,,,,,
,,,,Aferket,,"28°38'18.60""N","10°19'32.13""W",,,,,,,,,,
,,,,Tiglit,,"28°27'13.67""N","10°18'19.46""W",,,,,,,,,,
,,,,Labyar,,"28°45'44.12""N","10°13'13.34""W",,,,,,,,,,
,,,,Asrir-Tighmert,,"28°52'48.48""N","10° 0'46.19""W",,,,,,,,,,
Anti-Atlas,Draa-Tafilalet,"Elfaiz et al., 2026","Perception of geological and cultural heritage to promote geotourism and geoconservation in Tinjdad, southeastern Morocco",Baryte deposits of Tarhoucht,,"31°18'9.63""N","5° 1'17.13""W",,,,,,,,,,
,,,,Cambrian fossiliferous site of Tarhoucht,,"31°22'4.48""N","5° 1'3.33""W",,,,,,,,,,
,,,,Columnar basalts,,"31°35'13.91""N","4°50'4.58""W",,,,,,,,,,
,,,,Ordovician tillites,,"31°28'23.27""N","5° 2'10.85""W",,,,,,,,,,
,,,,Devonian formation of Oued Ferkla,,"31°26'21.44""N","5° 1'11.42""W",,,,,,,,,,
,,,,ifr,,"31°31'44.54""N","4°59'54.49""W",,,,,,,,,,
,,,,Rock carvings of Taghia,,"31°32'9.51""N","5° 0'35.58""W",,,,,,,,,,
,,,,Khettara of Tinjdad,,"31°28'44.57""N","5°15'22.47""W",,,,,,,,,,
,,,,Ksour (fortified villages),,"31°29'29.89""N","5° 3'55.40""W",,,,,,,,,,
Anti-Atlas,Draa-Tafilalet,"Karmaoui, 2022","Ordovician‑Cambrian Palaeontological Heritage of Zagora Province: A Bibliometric Analysis from 1984 to 2020 (Anti‑Atlas, Morocco)",Ordovician‑Cambrian Palaeontological Heritage of Zagora Province,,"30°19'29.13""N","5°47'48.43""W",,,,,,,,,,
Middle Atlas,Beni Mellal-Khenifra,"Amzil et al., 2024",New dinosaur tracks from the Middle Jurassic red beds of the Middle Atlas (Morocco): Application of photogrammetry to ichnology and conservation of geological heritage,El Mers Center,,"33°26'34.83""N","4°27'0.41""W",,,,,,,,,,
,,,,Ifri N'Tfrane,,"33°27'34.64""N","4°24'41.59""W",,,,,,,,,,
,,,,Laach O'Medda,,"33°27'43.54""N","4°24'21.31""W",,,,,,,,,,
,,,,Tassmante O'Moche,,"33°27'52.60""N","4°23'32.08""W",,,,,,,,,,
,,,,Tasra,,"33°26'43.68""N","4°23'24.07""W",,,,,,,,,,
,,,,Inzar O'Founass,,"33°26'29.99""N","4°23'54.08""W",,,,,,,,,,
Morocco,Morocco,"Chennaoui Aoudjehane, 2022",Meteorites of Morocco: A Model of Science Development in the Arab Countries,Benguerir,,"32°17'1.41""N","7°56'11.33""W",,,,,,,,,,
,,,,Douar Mghila,,"32°55'47.88""N","5°46'10.44""W",,,,,,,,,,
,,,,Ksar Al Goraane,,"32°17'48.82""N","3°38'8.09""W",,,,,,,,,,
,,,,Tinjdad,,"31°34'26.01""N","5° 1'48.94""W",,,,,,,,,,
,,,,Tamdakht,,"31°14'14.76""N","7°12'46.98""W",,,,,,,,,,
,,,,Oued El Hdjar,,"30°11'27.78""N","6°16'11.60""W",,,,,,,,,,
,,,,Bensour,,"30° 5'4.60""N","6°26'23.48""W",,,,,,,,,,
,,,,Izarzar,,"30° 8'10.54""N","6°56'23.25""W",,,,,,,,,,
,,,,Sidi Ali Ou Azza,,"29°52'17.20""N","6°45'41.92""W",,,,,,,,,,
,,,,Tissint,,"29°43'39.51""N","7°17'22.63""W",,,,,,,,,,
,,,,Tirhert,,"29°33'6.24""N","7°50'1.12""W",,,,,,,,,,
,,,,Kheng Ljouad,,"29°25'36.36""N","8°35'7.47""W",,,,,,,,,,
,,,,Mahbas Aaraid ,,"28° 3'32.38""N","9°20'32.15""W",,,,,,,,,,
,,,,Zag,,"27°34'59.52""N","9°11'19.96""W",,,,,,,,,,
,,,,Itqly,,"26°45'0.79""N","12°57'19.43""W",,,,,,,,,,
,,,,Oudiat Sbaa,,"25°50'29.21""N","12°22'9.73""W",,,,,,,,,,
,,,,Gueltat Zemmour,,"25°11'47.99""N","12°40'25.19""W",,,,,,,,,,
,,,,Oum Dreya,,"24°24'22.40""N","13° 5'3.43""W",,,,,,,,,,
Central High Atlas,Béni Mellal-Khénifra,Bouzekraoui et al.2016,"Mapping geodiversity and cultural heritage; a case study: Aït Bou Oulli valley in central High-Atlas, Morocco",Fairy chimneys of Assamar,G,"31°28'34.26""N","6°57'43.41""W",,,,,,,,,,
,,,,Alluvial terraces of Aït Mallal,G,"31°27'18.74""N","6°58'58.52""W",,,,,,,,,,
,,,,Aït Mallal valley,G,"31°31'18.33""","6°58'45.58""W",,,,,,,,,,
,,,,Badlands of Igoulouane,G,"31°27'53.54""N","6°54'51.78""W",,,,,,,,,,
,,,,Arouss valley,G,"31°26'49.35""N","6°54'56.44""W",,,,,,,,,,
,,,,Canyon of High-Tessaout valley,G,"31°26'12.24""N","6°55'9.72""W",,,,,,,,,,
,,,,Canyon of Ikiss,G,"31°28'14.07""N","6°52'58.44""W",,,,,,,,,,
,,,,Canyon of Abachkou valley,G,"31°32'2.34""N","6°56'49.36""W",,,,,,,,,,
,,,,Canyon of Rougoult valley,G,"31°25'49.89""N","6°53'43.12""W",,,,,,,,,,
,,,,Rat syncline,G,"31°25'55.56""N","6°49'6.66""W",,,,,,,,,,
,,,,Peak and cliffs of Tarkeddid mountain,G,"31°43'29.77""N","6°57'53.76""W",,,,,,,,,,
,,,,Mount M’goun (4068 m),G,"31°23'44.37""N","6°47'37.42""W",,,,,,,,,,
,,,,The unconf Paleozoic basement-Mesozoic sedimentary cover of Aït Mallal,G,"31°44'29.25""N","6°51'3.82""W",,,,,,,,,,
,,,,Rougoult waterfall,G,"31°44'13.11""N","6°52'8.97""W",,,,,,,,,,
,,,,Springs of Oued Lakhdar (green river),G,"31°42'29.82""N","6°51'13.06""W",,,,,,,,,,
,,,,Springs and waterfall of Ikiss,G,"31°43'3.78""N","6°48'57.05""W",,,,,,,,,,
,,,,Sinkholes of the Rat mountain,G,"31°43'30.49""N","6°58'12.01""W",,,,,,,,,,
,,,,Glacial cirques and U-shaped valleys of M’goun,G,"31°32'5.95""N","6°55'59.83""W",,,,,,,,,,
,,,,Glacial cirques and U-shaped valleys of Rat mountain,G,"31°31'27.79""N","6°56'32.34""W",,,,,,,,,,
,,,,Scree and talus deposits of Rat mountain,G,"31°30'28.72""N","6°56'5.80""W",,,,,,,,,,
,,,,Scree and talus deposits of Tarkeddid mountain,G,"31°30'0.53""N","6°55'35.08""W",,,,,,,,,,
,,,,Troglodyte caves of Igoulouane,G,"31°32'47.34""N","6°58'15.61""W",,,,,,,,,,
,,,,Rock engravings of Tizi-n-Tirghyst,G,"31°33'29.94""N","6°59'44.09""W",,,,,,,,,,
,,,,Lake sediment of Aït Bougmez valley,G,"31°29'34.25""N","6°55'3.07""W",,,,,,,,,,
Central Hight Atlas,Béni Mellal-Khénifra , Bouzekraoui et al.2018,"Mapping geoheritage for geotourism management, a case study of Aït Bou Oulli Valley in Central High-Atlas (Morocco)",Alluvial terraces of Aït Mallal,G,"31°33'40.73""N","6°27'55.89""W",,,,,,,,,,
,,,,Aït Mallal valley,G,"31°33'39.74""N","6°28'21.85""W",,,,,,,,,,
,,,,Badlands of Igoulouane,G,"31°35'23.88""N","6°28'31.46""W",,,,,,,,,,
,,,, Arouss valley,G,"31°39'25.57""N","6°25'10.74""W",,,,,,,,,,
,,,, Canyon of Rougoult valley,G,"31°31'16.51""N","6°42'12.35""W",,,,,,,,,,
,,,,Canyon of Abachkou valley,G,"31°37'31.14""N","6°37'35.84""W",,,,,,,,,,
,,,,Canyon of High-Tessaout valley,G,"31°37'59.72""N","6°35'7.75""W",,,,,,,,,,
,,,,Glacial cirques and U-shaped valleys of Rat mountain,G,"31°31'36.47""N","6°44'38.63""W",,,,,,,,,,
,,,,Scree and talus deposits of Rat mountain,G,"31°32'36.37""N","6°44'4.51""W",,,,,,,,,,
,,,,Scree and talus deposits of Tarkeddid mountain,G,"31°33'38.38""N","6°45'24.12""W",,,,,,,,,,
,,,,Fairy chimneys of Assamar,G,"31°40'53.48""N","6°40'7.38""W",,,,,,,,,,
,,,,Canyon of Ikiss,G,"31°36'6.08""N","6°36'16.43""W",,,,,,,,,,
,,,,Rat syncline,G,"31°36'21.25""N","6°34'32.37""W",,,,,,,,,,
,,,,Peak and cliffs of Tarkeddid mountain,G,"31°34'31.33""N","6°39'32.04""W",,,,,,,,,,
,,,,Mount M’goun (4068 m),G,"31°33'45.69""N","6°36'36.40""W",,,,,,,,,,
,,,,The unconformity between Paleozoic basement and Mesozoic sedimentary cover of Aït Mallal,G,"31°33'3.94""N","6°35'4.92""W",,,,,,,,,,
,,,,,G,"31°32'54.93""N","6°36'47.88""W",,,,,,,,,,
,,,,Rougoult waterfall,G,"31°32'9.26""N","6°38'46.93""W",,,,,,,,,,
,,,,Springs of Oued Lakhdar (green river),G,"31°32'19.13""N","6°35'15.59""W",,,,,,,,,,
,,,,Springs and waterfall of Ikiss,G,"31°31'29.28""N","6°35'30.76""W",,,,,,,,,,
,,,,Sinkholes of the Rat mountain,G,"31°31'48.76""N","6°33'7.22""W",,,,,,,,,,
High Atlas,Draa-Tafilalet,"Naimi et al., 2024",LEVERAGING MACHINE LEARNING ALGORITHMS TO IDENTIFY POTENTIAL GEOSITES FOR GEOTOURISM PROMOTION IN ZIZ UPPER WATERSHED IN SOUTHEASTERN MOROCCO,Geosite 1,,"32,17361N",-4.36806,,,,,,,,,,
,,,,Geosite 2,,"32,17389N",-4.36861,,,,,,,,,,
,,,,Geosite 3,,"32,17389N",-4.36333,,,,,,,,,,
,,,,Geosite 4,,"32,17278N",-4.36556,,,,,,,,,,
,,,,Geosite 5,,"32,17167N",-4.37222,,,,,,,,,,
,,,,Geosite 6,,"32,17083N",-4.37306,,,,,,,,,,
,,,,Geosite 7,,"32,15389N",-4.36722,,,,,,,,,,
,,,,Geosite 8,,"32,15361N",-4.37,,,,,,,,,,
,,,,Geosite 9,,"32,15361N",-4.36861,,,,,,,,,,
,,,,Geosite 10,,"32,11N",-4.37944,,,,,,,,,,
,,,,Geosite 11,,"32,10583N",-4.38861,,,,,,,,,,
,,,,Geosite 12,,"32,10361N",-4.39167,,,,,,,,,,
,,,,Geosite 13,,"32,10139N",-4.39278,,,,,,,,,,
,,,,Geosite 14,,"32,10778N",-4.38528,,,,,,,,,,
,,,,Geosite 15,,"32,10972N",-4.37972,,,,,,,,,,
,,,,Geosite 16,,"32,11361N",-4.37667,,,,,,,,,,
,,,,Geosite 17,,"32,14444N",-4.37167,,,,,,,,,,
,,,,Geosite 18,,"32,14361N",-4.37222,,,,,,,,,,
,,,,Geosite 19,,"32,14389N",-4.37361,,,,,,,,,,
,,,,Geosite 20,,"32,14389N",-4.375,,,,,,,,,,
,,,,Geosite 21,,"32,14056N",-4.35778,,,,,,,,,,
,,,,Geosite 22,,"32,14083N",-4.35722,,,,,,,,,,
,,,,Geosite 23,,"32,135N",-4.3575,,,,,,,,,,
,,,,Geosite 24,,"32,13389N",-4.35306,,,,,,,,,,
,,,,Geosite 25,,"32,13389N",-4.35222,,,,,,,,,,
,,,,Geosite 26,,"32,13389N",-4.35083,,,,,,,,,,
,,,,Geosite 27,,"32,13861N",-4.36167,,,,,,,,,,
,,,,Geosite 28,,"32,13833N",-4.36111,,,,,,,,,,
,,,,Geosite 29,,"32,14639N",-4.36444,,,,,,,,,,
,,,,Geosite 30,,"32,14444N",-4.36361,,,,,,,,,,
,,,,Geosite 31,,"32,32222N",-4.54833,,,,,,,,,,
,,,,Geosite 32,,"32,32278N",-4.54806,,,,,,,,,,
,,,,Geosite 33,,"32,22167N",-4.52139,,,,,,,,,,
,,,,Geosite 34,,"32,22083N",-4.52639,,,,,,,,,,
,,,,Geosite 35,,"32,21972N",-4.53028,,,,,,,,,,
,,,,Geosite 36,,"32,22639N",-4.50028,,,,,,,,,,
,,,,Geosite 37,,"32,22833N",-4.49861,,,,,,,,,,
,,,,Geosite 38,,"32,22611N",-4.49389,,,,,,,,,,
,,,,Geosite 39,,"32,23028N",-4.49333,,,,,,,,,,
,,,,Geosite 40,,"32,22917N",-4.49417,,,,,,,,,,
,,,,Geosite 41,,"32,22833N",-4.49806,,,,,,,,,,
,,,,Geosite 42,,"32,22972N",-4.49194,,,,,,,,,,
,,,,Geosite 43,,"32,23139N",-4.48556,,,,,,,,,,
,,,,Geosite 44,,"32,23194N",-4.48528,,,,,,,,,,
,,,,Geosite 45,,"32,23222N",-4.48111,,,,,,,,,,
,,,,Geosite 46,,"32,23361N",-4.47833,,,,,,,,,,
,,,,Geosite 47,,"32,23556N",-4.47528,,,,,,,,,,
,,,,Geosite 48,,"32,23472N",-4.47472,,,,,,,,,,
,,,,Geosite 49,,"32,235N",-4.47472,,,,,,,,,,
,,,,Geosite 50,,"32,23528N",-4.47444,,,,,,,,,,
,,,,Geosite 51,,"32,23556N",-4.47389,,,,,,,,,,
,,,,Geosite 52,,"32,23611N",-4.47306,,,,,,,,,,
,,,,Geosite 53,,"32,23639N",-4.47278,,,,,,,,,,
,,,,Geosite 54,,"32,15944N",-4.36028,,,,,,,,,,
,,,,Geosite 55,,"32,17194N",-4.3675,,,,,,,,,,
,,,,Geosite 56,,"32,14722N",-4.38139,,,,,,,,,,
,,,,Geosite 57,,"32,13444N",-4.36222,,,,,,,,,,
,,,,Geosite 58,,"32,13333N",-4.36306,,,,,,,,,,
,,,,Geosite 59,,"32,13361N",-4.36278,,,,,,,,,,
,,,,Geosite 60,,"32,13389N",-4.36278,,,,,,,,,,
,,,,Geosite 61,,"32,13417N",-4.36222,,,,,,,,,,
,,,,Geosite 62,,"32,13472N",-4.36194,,,,,,,,,,
,,,,Geosite 63,,"32,13472N",-4.36194,,,,,,,,,,
,,,,Geosite 64,,"32,13417N",-4.36278,,,,,,,,,,
,,,,Geosite 65,,"32,13556N",-4.36167,,,,,,,,,,
,,,,Geosite 66,,"32,13556N",-4.36139,,,,,,,,,,
,,,,Geosite 67,,"32,13556N",-4.36111,,,,,,,,,,
,,,,Geosite 68,,"32,13278N",-4.36172,,,,,,,,,,
,,,,Geosite 69,,"32,13389N",-4.36306,,,,,,,,,,
,,,,Geosite 70,,"32,135N",-4.36222,,,,,,,,,,
,,,,Geosite 71,,"32,135N",-4.36222,,,,,,,,,,
,,,,Geosite 72,,"32,13556N",-4.36194,,,,,,,,,,
,,,,Geosite 73,,"32,12528N",-4.35944,,,,,,,,,,
,,,,Geosite 74,,"32,125N",-4.35944,,,,,,,,,,
,,,,Geosite 75,,"32,125N",-4.35972,,,,,,,,,,
,,,,Geosite 76,,"32,12472N",-4.35944,,,,,,,,,,
,,,,Geosite 77,,"32,12444N",-4.35944,,,,,,,,,,
,,,,Geosite 78,,"32,12417N",-4.35972,,,,,,,,,,
,,,,Geosite 79,,"32,12361N",-4.35972,,,,,,,,,,
,,,,Geosite 80,,"32,12361N",-4.36,,,,,,,,,,
,,,,Geosite 81,,"32,12306N",-4.36028,,,,,,,,,,
,,,,Geosite 82,,"32,12278N",-4.36028,,,,,,,,,,
,,,,Geosite 83,,"32,09222N",-4.36444,,,,,,,,,,
,,,,Geosite 84,,"32,09222N",-4.36333,,,,,,,,,,
,,,,Geosite 85,,"32,09139N",-4.36528,,,,,,,,,,
,,,,Geosite 86,,"32,09139N",-4.36611,,,,,,,,,,
,,,,Geosite 87,,"32,09139N",-4.36667,,,,,,,,,,
,,,,Geosite 88,,"32,09111N",-4.36667,,,,,,,,,,
,,,,Geosite 89,,"32,09111N",-4.36722,,,,,,,,,,
,,,,Geosite 90,,"32,09111N",-4.36806,,,,,,,,,,
,,,,Geosite 91,,"32,09083N",-4.36806,,,,,,,,,,
,,,,Geosite 92,,"32,09083N",-4.36917,,,,,,,,,,
,,,,Geosite 93,,"32,09111N",-4.36972,,,,,,,,,,
,,,,Geosite 94,,"32,09083N",-4.37028,,,,,,,,,,
,,,,Geosite 95,,"32,09056N",-4.37111,,,,,,,,,,
,,,,Geosite 96,,"32,09028N",-4.37111,,,,,,,,,,
,,,,Geosite 97,,"32,09028N",-4.37222,,,,,,,,,,
,,,,Geosite 98,,"32,09028N",-4.37306,,,,,,,,,,
,,,,Geosite 99,,"32,09056N",-4.37306,,,,,,,,,,
,,,,Geosite 100,,"32,09056N",-4.37222,,,,,,,,,,
,,,,Geosite 101,,"32,10306N",-4.37611,,,,,,,,,,
,,,,Geosite 102,,"32,10278N",-4.37667,,,,,,,,,,
,,,,Geosite 103,,"32,10222N",-4.3775,,,,,,,,,,
,,,,Geosite 104,,"32,1025N",-4.37778,,,,,,,,,,
,,,,Geosite 105,,"32,10222N",-4.37889,,,,,,,,,,
,,,,Geosite 106,,"32,10167N",-4.38028,,,,,,,,,,
,,,,Geosite 107,,"32,10139N",-4.38111,,,,,,,,,,
,,,,Geosite 108,,"32,10139N",-4.38139,,,,,,,,,,
,,,,Geosite 109,,"32,10111N",-4.38167,,,,,,,,,,
,,,,Geosite 110,,"32,10056N",-4.38389,,,,,,,,,,
,,,,Geosite 111,,"32,10028N",-4.38333,,,,,,,,,,
,,,,Geosite 112,,"32,09972N",-4.38417,,,,,,,,,,
,,,,Geosite 113,,"32,09778N",-4.38722,,,,,,,,,,
,,,,Geosite 114,,"32,09667N",-4.38806,,,,,,,,,,
,,,,Geosite 115,,"32,09611N",-4.38833,,,,,,,,,,
,,,,Geosite 116,,"32,095N",-4.38889,,,,,,,,,,
,,,,Geosite 117,,"32,09333N",-4.38972,,,,,,,,,,
,,,,Geosite 118,,"32,09278N",-4.38972,,,,,,,,,,
,,,,Geosite 119,,"32,09222N",-4.39,,,,,,,,,,
,,,,Geosite 120,,"32,09083N",-4.39056,,,,,,,,,,
Western High Atlas,Souss-Massa,"Ait Haddou et al., 2025","Late Carboniferous Paleoflora of El Menizla Formation (Argana Corridor, Morocco): Implications for Geotourism and Geoconservation",Ida-Ou’Zal massif of the Argana Basin,,30°40.87′N,09°6.02′W,,,,,,,,,,
Middle Atlas,Beni Mellal-Khenifra,"Hili et al., 2024","Inventory, Evaluation, and Mapping of the Geological and Geomorphological Sites of the Tazekka National Park (Middle Eastern Atlas, Morocco)",Ras El Ma Waterfalls,,"34° 8'57.79""N","4° 0'17.92""W",,,,,,,,,,
,,,,Ras El Ma resurgence,,"34° 8'49.36""N","4° 0'45.85""W",,,,,,,,,,
,,,,Sidi Majbar complex,,"34° 8'36.02""N","4° 1'51.83""W",,,,,,,,,,
,,,,Generalized erosion at Sidi Majbar,,"34° 7'59.68""N","4° 2'10.87""W",,,,,,,,,,
,,,,Holm Oak on lapie,,"34° 7'52.30""N","4° 2'31.44""W",,,,,,,,,,
,,,,Jbel Bou Massoud lapies field,,"34° 7'32.60""N","4° 3'8.19""W",,,,,,,,,,
,,,,Ponor Dayet Chiker,,"34° 6'13.75""N","4° 3'55.65""W",,,,,,,,,,
,,,,Dayet Chiker chasm,,"34° 6'0.05""N","4° 4'18.38""W",,,,,,,,,,
,,,,Dayet Chiker Polje,,"34° 5'56.89""N","4° 4'38.68""W",,,,,,,,,,
,,,,Friouato chasm,,"34° 5'35.08""N","4° 5'48.91""W",,,,,,,,,,
,,,,Habiat under the Dayet Chiker escapment,,"34° 5'34.10""N","4° 6'33.71""W",,,,,,,,,,
,,,,Ain Becher doline,,"34° 3'57.55""N","4° 6'21.28""W",,,,,,,,,,
,,,,Old lead pencil,,"34° 4'8.34""N","4° 7'1.42""W",,,,,,,,,,
,,,,Jbel Bou Slama cave,,"34° 4'14.39""N","4° 7'11.89""W",,,,,,,,,,
,,,,Bab Boudir anticlinal,,"34° 4'46.93""N","4° 8'16.16""W",,,,,,,,,,
,,,,Bab Boudir complex,,"34° 0'16.05""N","4°10'22.78""W",,,,,,,,,,
,,,,Dhar feurn waterfalls,,"34° 5'6.34""N","4° 9'58.22""W",,,,,,,,,,
,,,,Ain Admame exsurgence,,"34° 4'47.13""N","4°11'19.58""W",,,,,,,,,,
,,,,Volcano-sedimentary complex,,"34° 4'52.66""N","4° 8'48.84""W",,,,,,,,,,
,,,,Beni Senane acriculture terraces,,"34° 9'34.92""N","4° 6'35.85""W",,,,,,,,,,
,,,,Tazekka massif,,"34°10'35.04""N","4° 6'37.34""W",,,,,,,,,,
,,,,Ouled Lakhal gorges,,"34°10'8.45""N","4° 5'56.13""W",,,,,,,,,,
,,,,El Qelaa complex,,"34° 7'42.84""N","4° 7'38.65""W",,,,,,,,,,
,,,,El Qelaa landslide,,"34° 6'19.27""N","4° 3'59.67""W",,,,,,,,,,
,,,,Jbel Bou Massoud anticlinal,,"34°11'47.86""N","4°12'30.72""W",,,,,,,,,,
,,,,Jbel Bou Massoud fossilized lapies field,,"34°12'39.58""N","4°10'3.48""W",,,,,,,,,,
,,,,Tighigha fossilized lapies field,,"34°12'52.95""N","4° 8'7.73""W",,,,,,,,,,
,,,,Tighigha complex,,"34°13'4.46""N","4° 5'24.64""W",,,,,,,,,,
,,,,Clonial millitary camp,,"34°12'30.31""N","4° 8'7.29""W",,,,,,,,,,
,,,,Ain Khebbab exsurgence,,"34°10'54.33""N","4° 9'42.04""W",,,,,,,,,,
Rif,Tanger-Tétouan-Al Hoceïma,Ben Ali et al.2023,"Inventory and Quantitative Assessment of Belyounech Commune Geosites (East of the Site of Biological and Ecological Interest of Jbel Moussa, Northern Moroccan Rif)",The massive dolomites of the Tizgarine unit,M,"35°52'22.47""N","5°25'15.68""W",,,,,,,,,,
,,,,Calipso cave,G,"35°53'9.53""N","5°24'35.16""W",,,,,,,,,,
,,,,the source and catchment basin of the water,H&G,"35°53'15.79""N","5°23'25.86""W",,,,,,,,,,
,,,,"Ras Leona rocky coast and Karst (Lapiés, doline and cave)","G,S","35°55'14.44""N","5°24'6.77""W",,,,,,,,,,
,,,,Predorsal sandstone of Bel Younech,S&PT,"35°54'27.65""N","5°23'8.94""W",,,,,,,,,,
,,,,The cliff of Ras Leona,SG&G,"35°54'44.33""N","5°24'19.74""W",,,,,,,,,,
Middle Atlas,Fès-Meknès,Baadi et al.2020,"Methodological Proposal for Assessment Geosites: its Application
 in Bou-Iblane Region (Middle Atlas, Morocco)",Ammonitico-rosso of Taffert,PL,"33°39'20.98""N","4°11'14.80""W",,,,,,,,,,
,,,,Volcano of Bou-Iblane,V,"33°39'38.67""N","4° 6'41.37""W",,,,,,,,,,
,,,,Reefs of Ich Maalam,PL,"33°38'29.47""N","4°16'57.42""W",,,,,,,,,,
,,,,Cornish limestones of Serhla,S,"33°37'49.05""N","4°16'43.64""W",,,,,,,,,,
,,,,Hayane canyon,SG,"33°40'50.56""N","4°13'58.62""W",,,,,,,,,,
,,,,Askour Cave,K,"33°42'26.46""N","4°17'59.43""W",,,,,,,,,,
,,,,Tamezyidan Rbi,K,"33°39'22.28""N","4°16'55.82""W",,,,,,,,,,
,,,,Guelta Tameda,K,"33°55'30.96""N","4° 5'45.51""W",,,,,,,,,,
,,,,Source Oued el Bared,S,"33°48'24.37""N","4°22'33.28""W",,,,,,,,,,
,,,,Oued el Bared cave,K,"33°39'7.39""N","4°10'29.07""W",,,,,,,,,,
,,,,Discordance Ribata lKhayr,SG,"33°36'23.15""N","4°12'10.50""W",,,,,,,,,,
,,,,Tizi Bou-Zaabel,SG,"33°51'14.12""N","4° 2'5.45""W",,,,,,,,,,
,,,,Bou-Iblane-Issouka,SG,"33°55'50.18""N","4° 8'45.67""W",,,,,,,,,,
,,,,Periclinal Taffajight,SG,"33°51'12.07""N","4° 1'44.44""W",,,,,,,,,,
,,,,Malachites of Talzemt,M,"33°55'34.62""N","4° 2'3.02""W",,,,,,,,,,
,,,,Discordance Jbel Abdous,SG,"33°51'56.08""N","4° 2'4.05""W",,,,,,,,,,
,,,,Mallal cascade,H,"33°48'57.15""N","4° 8'1.39""W",,,,,,,,,,
,,,,Jbel el Kalaa,SG,"33°48'11.30""N","4° 9'40.77""W",,,,,,,,,,
,,,,Tmourhout valley,SG,"33°45'25.82""N","4° 4'1.23""W",,,,,,,,,,
,,,,Bizi canyon,SG,"33°42'19.03""N","4° 7'29.23""W",,,,,,,,,,
,,,, Fault Tmourhout,S,"33°41'24.22""N","4° 9'36.66""W",,,,,,,,,,
,,,,Cascade Sahbab,H,"33°39'26.56""N","4° 2'28.98""W",,,,,,,,,,
,,,,Tmourhout Cascade,H,"33°35'13.35""N","4°12'43.11""W",,,,,,,,,,
,,,,Synclinal Zloul,SG,"33°34'19.88""N","4°15'43.13""W",,,,,,,,,,
,,,,Ain Sebou,H,"33°28'25.35""N","4°17'48.90""W",,,,,,,,,,
,,,,Synclinal Tilmirat,SG,"33°27'27.97""N","4°19'58.37""W",,,,,,,,,,
,,,,Ammonitico-rosso of Zra,PL,"33°36'35.17""","4°26'50.97""W",,,,,,,,,,
,,,,Aghram Amellal reefs,PL,"33°37'47.88""","4°26'10.11""W",,,,,,,,,,
,,,,Jider canyon,SG,"33°38'28.98""","4°25'27.74""W",,,,,,,,,,
Central High Atlas,Beni Mellal-Khénifra,Louz et al.2024,Identification of Potential Areas for the Development of Geotourism in the Northern Part of the M’goun Geopark (Morocco) Using Multi‑Criteria Analysis and Sig ,"Watercourse, river, lake, dam",H,32°6′32.20″N, 6°27′48.03″W,,,,,,,,,,
,,,,Dinosaur footprints,PL,32° 6′24.89″N,6°27′29.98″W,,,,,,,,,,
,,,,Panoramic view of the Ouaouizaght Syncline,SG&S,32° 7′54.04″N,6°23′49.67″W,,,,,,,,,,
,,,,"Inverse fault, anticlinal fold and joint",SG,"32° 5'6.31""N","6°25'53.50""W",,,,,,,,,,
,,,,Assif Assemssil Bridge,H,32° 6′29.98″N,6°28′21.93″W,,,,,,,,,,
,,,,Oued Ahençal river,H,32° 4′11.81″N,6°25′26.51″W,,,,,,,,,,
,,,,Oued el Abid Bridge,S,32° 8′1.74″N,6°18′42.41″W,,,,,,,,,,
,,,,Panoramic view of badlands and cuesta,G,32° 5′30.55″N,6°19′53.61″W,,,,,,,,,,
,,,,Ain Asserdoune-Tamgnounte,"H,K&C","32,3241 N ","6,3375 W",,,,,,,,,,
,,,,Ain El Ghazi cave,,"32° 5'3.43""N","6°23'5.99""W",,,,,,,,,,
,,,,Moudj Canyon,"H,K&E","32,280556 N ","6,2975 WW",,,,,,,,,,
,,,,Ruiniform landscape of Moudj,G&H,"32°19'34.89""N","6°20'24.19""W",,,,,,,,,,
,,,,Idemrane landslide,,"32°20'23.91""N","6°19'15.36""W",,,,,,,,,,
,,,,Adouz dejection cone,,"32°19'11.69""N","6°21'20.48""W",,,,,,,,,,
,,,,Ajojjar waterfall,,"32°19'19.93""N","6°18'56.07""W",,,,,,,,,,
,,,,Ouchrah site,H,"32°21'9.46""N","6°17'29.79""W",,,,,,,,,,
,,,,Tafrent Polje,,"32°22'4.95""N","6°15'29.87""W",,,,,,,,,,
,,,,Hançais,,"32°15'49.99""N","6°18'43.71""W",,,,,,,,,,
,,,,Ain Fachtals,,"32°15'28.30""N","6°16'26.92""W",,,,,,,,,,
,,,,Ain Ikhourba,,"32°14'39.54""N","6°17'56.09""W",,,,,,,,,,
,,,,Taghbaloute- n- Ouhlima," H,K,C&E","32°14'15.11""N","6°17'25.27""W",,,,,,,,,,
,,,,Jbel Boutarwa,,"32°15'1.10""N","6°15'50.26""W",,,,,,,,,,
,,,,Tit-n-Ziza Geomorphosite,G,"32°14'39.83""N","6°15'30.61""W",,,,,,,,,,
,,,,Afla Ifran Geomorphosite,G,"32°12'5.41""N","6°16'54.67""W",,,,,,,,,,
,,,,Chkounda Geomorphosite,G,"32°12'49.97""N","6°15'34.58""W",,,,,,,,,,
,,,,Tichniwine Rocks,,"32°10'39.86""N","6°15'57.84""W",,,,,,,,,,
,,,,Iferd Ait Masaoud Polje,,"32°10'54.61""N","6°14'14.24""W",,,,,,,,,,
,,,,Ben Cherrou Valley,,"32°10'25.40""N","6°11'24.98""W",,,,,,,,,,
,,,,Jbel Tadawt Karst,,"32° 8'21.01""N","6°14'29.81""W",,,,,,,,,,
,,,,Jbel Wawngarf karstic plateau,,"32° 9'57.03""N","6°10'44.93""W",,,,,,,,,,
,,,,El Haounet karstic plateau,,"32° 9'46.05""N","6° 9'26.81""W",,,,,,,,,,
,,,,The Walous cliff granaries,,"32°14'23.81""N","6° 6'24.07""W",,,,,,,,,,
,,,,Ain Askar,,"32°18'0.29""N","6° 0'54.44""W",,,,,,,,,,
,,,,Oued El Abid meanders,,"32°15'49.56""N","5°55'23.65""W",,,,,,,,,,
,,,,Gabbroic intrusion of Idemrane,Mg,"32°30'8.96""N","5°56'22.54""W",,,,,,,,,,
,,,,Sills of Idemrane,Mg,"32°26'21.97""N","6° 1'36.68""W",,,,,,,,,,
,,,,Folded marly limstones of the Bine El Ouidane II Fm,SG,"32°28'22.30""N","6° 4'5.87""W",,,,,,,,,,
,,,,Fossil wood of the Azilal Fm,PL,"32°30'9.02""N","6° 2'21.89""W",,,,,,,,,,
,,,,Chaos alteration of gabbros,S,"32°34'56.05""N","5°56'7.70""W",,,,,,,,,,
,,,,Red facies of the Guettioua Fm,S,"32°33'4.38""N","6° 0'19.83""W",,,,,,,,,,
,,,,Dinosaur bone deposit of Agard-n-Sgat,PL,"32°33'4.65""N","6° 1'52.51""W",,,,,,,,,,
,,,,Dinosaur footprints at Ait Wissadane,PL,"32°33'7.99""N","6° 2'46.25""W",,,,,,,,,,
,,,,Basaltic flow B1,Mg,"32°33'23.43""N","6° 2'51.43""W",,,,,,,,,,
,,,,The Taghia-n-Ait Boulmane intrusion,Mg,"32°31'48.91""N","6° 4'11.18""W",,,,,,,,,,
,,,,Dyke of Taguelft,Mg,"32°32'14.28""N","6° 4'15.08""W",,,,,,,,,,
,,,,Fault-fold associated with the magmatic intrusion of Ait Boulmane,SG,"32°29'34.41""N","6° 7'16.08""W",,,,,,,,,,
,,,,Ouzoud waterfalls,H,"32°27'2.51""N","6°10'28.81""W",,,,,,,,,,
,,,,Karstic spring of Ouzoud,K,"32°24'52.66""N","6°12'23.11""W",,,,,,,,,,
,,,,Oued El Abid Gorges,G,"32°22'30.93""N","6°10'7.68""W",,,,,,,,,,
,,,,Estuary of Oued Tissakht (Ouzoud caves),H&K,"32°21'39.36""N","6° 6'44.28""W",,,,,,,,,,
,,,,Doleritic sill of Ouzoud,SG,"32°11'12.28""N","6°29'42.26""W",,,,,,,,,,
,,,,Zauia of Tanaghmelt,R,"32°11'51.12""N","6°29'49.56""W",,,,,,,,,,
,,,,Basaltic flows of Ouzoud,Mg,"32°11'13.87""N","6°33'8.07""W",,,,,,,,,,
,,,,Chocolate marl intruded by Tanaghmelt sil,St,"32° 9'52.83""N","6°34'23.64""W",,,,,,,,,,
,,,,Ouzoud travertines,K,"32° 9'31.70""N","6°35'14.87""W",,,,,,,,,,
,,,,Moudj’s lapiez,,"32°10'15.89""N","6°47'26.93""W",,,,,,,,,,
,,,,Timskar Waterfalls,K,"32° 8'32.86""N","6°43'53.59""W",,,,,,,,,,
,,,,Tazerkount Ruiniformes Landscapes,,"32° 8'28.32""N","6°42'53.38""W",,,,,,,,,,
,,,,Caves of Orbiaa,K&Hi,"32° 6'8.50""N","6°42'13.88""W",,,,,,,,,,
,,,,Ain Orbiaa,K&R,"32° 5'21.16""N","6°41'45.87""W",,,,,,,,,,
,,,,Ruiniformes Landscapes of Tacmit,K,"32° 4'55.02""N","6°40'10.36""W",,,,,,,,,,
,,,,Timskar’s travertines,K,"32° 5'4.32""N","6°38'22.60""W",,,,,,,,,,
,,,,Tazzerkount Tepee Structures,,"32° 5'59.14""N","6°35'41.29""W",,,,,,,,,,
,,,,travertines of El Ksiba,K,"32° 6'56.49""N","6°33'14.95""W",,,,,,,,,,
,,,,Ruiniformes Landscapes of EL Ksiba,K,"32° 3'32.04""N","6°40'53.13""W",,,,,,,,,,
,,,,Fossils of Moudj,PL,"32° 1'44.64""N","6°43'34.91""W",,,,,,,,,,
,,,,Panoramic view of Rurate,,"32° 0'53.17""N","6°42'52.40""W",,,,,,,,,,
,,,,Spring of Lala Kamria,K,"32° 1'4.44""N","6°44'30.27""W",,,,,,,,,,
,,,,Panoramic view of overturned bar of Iferghas,,"32° 0'16.67""N","6°44'27.17""W",,,,,,,,,,
,,,,Karst cliff of Ighir-n-Oumejjad,SG,"31°58'39.36""N","6°42'21.26""W",,,,,,,,,,
,,,,Panoramic view of the Ait Attab syncline,,"32° 7'31.48""N","6°49'55.29""W",,,,,,,,,,
,,,,The tectonic deformations of Jbel Hassan,SG,"32° 6'0.65""N","6°50'5.87""W",,,,,,,,,,
,,,,The ruiniform limestones with ammonite of the Ben Cherrou formation,PL,"32° 6'23.03""N","6°49'8.64""W",,,,,,,,,,
,,,,Panoramic view of the Cretaceous cuestas,,"32° 5'37.26""N","6°46'1.14""W",,,,,,,,,,
,,,,The bad land of Ait Ouabit,,"32°28'16.45""N","5°59'44.87""W",,,,,,,,,,
,,,,Gorges of Ait Ouabit,,"32°26'0.17""N","5°59'19.60""W",,,,,,,,,,
,,,,Conglomerate terraces of Oued El Abid,,"32°24'56.30""N","5°59'22.58""W",,,,,,,,,,
,,,,The footprints of sauropod dinosaurs of Ayt Bouiqban,,"32°15'46.34""N","6° 0'4.82""W",,,,,,,,,,
,,,,Lower limit of the basaltic flow B2,,"32°16'24.57""N","6° 6'50.83""W",,,,,,,,,,
,,,,Jurassic-Cretaceous unconformity and volcanic activities,,"32°11'7.97""N","6° 6'12.21""W",,,,,,,,,,
,,,,Bioclastic limestone with ammonite of the Bine El Ouidane BIII formation,,"32°11'7.13""N","6° 5'7.93""W",,,,,,,,,,
,,,,Panoramic view of Oued El Abid from the old Caida of Taounza,,"32° 7'20.27""N","6° 6'13.74""W",,,,,,,,,,
,,,,Caves of cats and the spring of Tisqui,,"32°10'28.09""N","6°31'33.03""W",,,,,,,,,,
,,,,Bioclastic marly limestone of Ait Tafelt formation,,"32° 9'45.08""N","6°31'42.62""W",,,,,,,,,,
,,,,Eroded sandstone of Jbel Ilaghmane,,"32° 9'24.28""N","6°22'38.85""W",,,,,,,,,,
,,,,Panoramic view of the red formations separated by the BI and BII magmatic events,,"32° 9'41.55""N","6°17'25.39""W",,,,,,,,,,
,,,,Ruiniform reliefs of Jbel Al Maqçoura,,"32° 9'35.42""N"," 6°15'31.81""W",,,,,,,,,,
Anti-Atlas,,Errami et al.2015,"Geosites, Sites of Special Scientific Interest, and Potential Geoparks in the Anti-Atlas (Morocco)",Zenaga Inlier ,GH,"30°47'21.39""N","6°31'50.31""W",,,,,,,,,,
,,,,"Neoproterozoic doleritic dykes (Zenaga, Central AA)",GH,"31°21'31.32""N","5°52'57.98""W",,,,,,,,,,
,,,,Tholeiitic dyke swarms (Zenaga inlier),GH,"31°15'17.98""N","5°48'53.33""W",,,,,,,,,,
,,,,Well preserved Pre-Pan-African sedimentary features,GH,"30°32'55.38""N","6°48'49.51""W",,,,,,,,,,
,,,,"Pan-African ophiolites of Bou Azzer and Siroua inliers, central AA)",GH,"30°33'53.56""N","7°12'12.28""W",,,,,,,,,,
,,,,Major Anti-Atlas Fault (central AA),GH,"30°33'9.73""N","7°15'51.09""W",,,,,,,,,,
,,,,"Pan-African Diamictites (Bou-Azzer and Siroua inliers, central AA)",GH,"30°32'9.55""N","7° 7'33.52""W",,,,,,,,,,
,,,,Ediacarian Iknioun granodiorites,GH,"30°18'4.07""N","7°15'6.58""W",,,,,,,,,,
,,,,Late Neoproterozoic stromatolites,GH,"30°29'42.96""N","7° 2'38.25""W",,,,,,,,,,
,,,,"Contacts Pan-African Groups: Saghro, Mgouna and Ouarzazate Groups",GH,"30°38'19.83""N","7° 8'42.85""W",,,,,,,,,,
,,,,"Contacts Palaeoproterozoic Zenaga complex, late Neoproterozoic Ouarzazate Supergroup and the Cambrian Tata Group",GH,"30°32'53.18""N","6°38'3.94""W",,,,,,,,,,
,,,,,GH,"30°37'9.99""N","6°33'37.38""W",,,,,,,,,,
,,,,Appalachian type folding in western AA,GH,"28°56'21.51""N","8°48'51.72""W",,,,,,,,,,
,,,,Large Cambrian trilobite Paradoxides,GH&C,"30°30'3.37""N","6°41'38.85""W",,,,,,,,,,
,,,,Ordovician outcrop of Jbel Kissane,GH,"30°42'24.17""N","6°19'20.65""W",,,,,,,,,,
,,,,Large Ordovician trilobites (Asaphus) death assemblages,GH&C,"30°28'21.46""N","7° 0'1.27""W",,,,,,,,,,
,,,,Silurian and lowermost Devonian Orthoceras-rich limestones and ammonite-rich limestones,GH&C,"30°37'22.63""N","7°13'40.67""W",,,,,,,,,,
,,,,,GH,"30°38'9.53""N","6°18'40.37""W",,,,,,,,,,
,,,,Early Devonian Kess Kess carbonate mounds,GH,"30°43'28.40""N","7°13'34.06""W",,,,,,,,,,
,,,,Middle Devonian coral stromatoporoid biostrome,GH,"30°42'35.03""N","7° 0'59.58""W",,,,,,,,,,
,,,,Green eyes and red Devonian phacopid trilobite,GH,"30°44'30.63""N","6°40'28.53""W",,,,,,,,,,
,,,,Frasnian plants from the Drâa Valley,GH,"30°27'16.95""N","5°56'33.91""W",,,,,,,,,,
,,,,Well preserved shallow-water sedimentary features in Cambrian rocks,GH,"30°38'47.24""N","6°25'7.26""W",,,,,,,,,,
,,,,Foum-Zguid Jurassic dyke,GH,"30° 9'16.66""N","6°50'35.03""W",,,,,,,,,,
Central High Atlas,Béni Mellal-Khénifra,Bouzekraoui et al.2016,"Mapping geodiversity and cultural heritage; a case study: Aït Bou Oulli valley in central High-Atlas, Morocco",Fairy chimneys of Assamar,G," 31°34'18.67""N","6°39'49.22""W",,,,,,,,,,
,,,,Alluvial terraces of Aït Mallal,G,"31°32'12.10""N","6°38'43.27""W",,,,,,,,,,
,,,,Aït Mallal valley,G,"31°31'25.19""N","6°42'18.45""W",,,,,,,,,,
,,,,Badlands of Igoulouane,G,"31°36'32.25""N","6°34'28.41""W",,,,,,,,,,
,,,,Arouss valley,G,"31°34'11.65""N","6°44'51.32""W",,,,,,,,,,
,,,,Canyon of High-Tessaout valley,G,"31°33'38.01""N","6°27'47.91""W",,,,,,,,,,
,,,,Canyon of Ikiss,G,"31°30'55.14""N","6°27'26.55""W",,,,,,,,,,
,,,,Canyon of Abachkou valley,G,"31°37'25.71""N","6°37'43.95""W",,,,,,,,,,
,,,,Canyon of Rougoult valley,G,"31°33'6.17""N","6°35'25.59""W",,,,,,,,,,
,,,,Rat syncline,G,"31°32'29.92""N","6°44'52.93""W",,,,,,,,,,
,,,,Peak and cliffs of Tarkeddid mountain,G,"31°28'57.69""N","6°35'44.68""W",,,,,,,,,,
,,,,Mount M’goun (4068 m),G,"31°30'25.97""N","6°26'36.50""W",,,,,,,,,,
,,,,The unconf Paleozoic basement-Mesozoic sedimentary cover of Aït Mallal,G,"31°32'50.45""N","6°36'41.68""W",,,,,,,,,,
,,,,Rougoult waterfall,G,"31°33'45.02""N","6°36'42.15""W",,,,,,,,,,
,,,,Springs of Oued Lakhdar (green river),G,"31°39'29.48""N","6°24'9.46""W",,,,,,,,,,
,,,,Springs and waterfall of Ikiss,G,"31°37'31.69""N","6°44'51.21""W",,,,,,,,,,
,,,,Sinkholes of the Rat mountain,G,"31°31'17.31""N","6°44'34.77""W",,,,,,,,,,
,,,,Glacial cirques and U-shaped valleys of M’goun,G,"31°33'18.94""N","6°27'44.14""W",,,,,,,,,,
,,,,Glacial cirques and U-shaped valleys of Rat mountain,G,"31°36'14.55""N","6°28'54.84""W",,,,,,,,,,
,,,,Scree and talus deposits of Rat mountain,G,"31°33'11.29""N","6°43'51.23""W",,,,,,,,,,
,,,,Scree and talus deposits of Tarkeddid mountain,G,"31°30'18.12""N","6°39'15.52""W",,,,,,,,,,
,,,,Troglodyte caves of Igoulouane,G,"31°36'1.26""N","6°36'29.49""W",,,,,,,,,,
,,,,Rock engravings of Tizi-n-Tirghyst,G,"31°36'49.44""N","6°44'41.00""W",,,,,,,,,,
,,,,Lake sediment of Aït Bougmez valley,G,"31°38'59.54""N","6°26'38.70""W",,,,,,,,,,
Anti-Atlas,Souss-Massa,"Berred et al., 2019a",Aerial interference of Hercynian folds and their morphological peculiarities in the Bani Geopark of southern Morocco,Hercynian folds in Devonian series of Tazoult,S,"29°27'56.91""N","8° 0'11.38""W",,,,,,,,,,
,,,,Lower Cambrian series crescent or boomerang around the Tagragra of Tata inlier 1,S,"29°52'38.26""N","8° 0'49.25""W",,,,,,,,,,
,,,,Lower Cambrian series crescent or boomerang around the Tagragra of Tata inlier 2,S,"29°50'54.70""N","7°56'10.74""W",,,,,,,,,,
,,,,Lower Cambrian series crescent or boomerang around the Tagragra of Tata inlier3,S,"29°49'14.86""N","7°49'20.26""W",,,,,,,,,,
,,,,Interference folds as a mushroom pattern in the lower Cambrian east of the Issafen syncline,S,"29°51'36.58""N"," 8°31'23.65""W",,,,,,,,,,
,,,,Interference folds as a mushroom pattern in the lower Cambriansouth of Agouliz’s inlier,S,"29°45'28.83""N","8°12'26.34""W",,,,,,,,,,
Anti-Atlas,Souss-Massa,"Beraaouz et al., 2019",An Inventory of Geoheritage Sites in the Draa Valley (Morocco)_a Contribution to Promotion of Geotourism and Sustainable Development,Stromatolite Geosite of Amane-n’Tourhart,,30° 47′ 33.0″,06° 43′ 19.7″W,,,,,,,,,,
,,,,Ordovician Trilobites of Zagora Area Site 1,,"30° 1'22.76""N","6°26'2.33""W",,,,,,,,,,
,,,,Ordovician Trilobites of Zagora Area Site 2,,"29°56'20.03""N","6°11'38.00""W",,,,,,,,,,
,,,,Ordovician Trilobites of Zagora Area Site 3,,"29°56'12.58""N","5°59'47.23""W",,,,,,,,,,
,,,,Ordovician Trilobites of Zagora Area Site 4,,"30° 0'2.44""N","5°52'27.03""W",,,,,,,,,,
,,,,Ordovician Trilobites of Zagora Area Site 5,,"30°27'25.57""N","5°37'50.69""W",,,,,,,,,,
,,,,Lihoudi erg around Tagounite,,29° 53′ 45.33″,5°41′ 47.11″W,,,,,,,,,,
,,,,The Ergs,,30°13′ 50.67″N,5° 36′ 24.72″W,,,,,,,,,,
,,,,The Regs of Tinzouline,,30°34′37.2″N,06°08′56.4″W,,,,,,,,,,
,,,,The Regs of Tamgroutat,,30° 15′ 34.2″N,05°41′3.6″W,,,,,,,,,,
,,,,Foum Chenna,,"30°28'54.97""N","6°10'3.04""W",,,,,,,,,,
,,,,Assif Ouigane,,"30°27'35.87""N","6° 5'35.21""W",,,,,,,,,,
,,,,Cheaba Lbâida,,"30°25'59.87""N","6° 1'30.46""W",,,,,,,,,,
,,,,Chgaga erg located to the west ofM’Hamid,,29° 49′ 35.60″,6° 16′ 16.04″W,,,,,,,,,,
,,,,Ordovician Trilobites of Zagora Area Site 6,,"30°25'43.46""N","5°37'58.24""W",,,,,,,,,,
,,,,Ordovician Trilobites of Zagora Area Site 7,,"30°18'42.56""N","5°37'4.94""W",,,,,,,,,,
,,,,Ordovician Trilobites of Zagora Area Site 8,,"30°14'56.95""N","5°32'33.16""W",,,,,,,,,,
,,,,Ordovician Trilobites of Zagora Area Site 9,,"30°22'34.94""N","5°34'13.78""W",,,,,,,,,,
,,,,Ordovician Trilobites of Zagora Area Site 10,,"30°26'21.47""N","5°36'17.63""W",,,,,,,,,,
,,,,Ordovician Trilobites of Zagora Area Site 11,,"30°28'40.00""N","5°33'26.99""W",,,,,,,,,,
Meseta,Rabat-Sale-Kenitra,"Mehdioui et al., 2020",Inventory and Quantitative Assessment of Geosites in Rabat-Tiflet Region (North Western Morocco): Preliminary Study to Evaluate the Potential of the Area to Become a Geopark,Messinian/Tortonian in GSP / Stratotype of Oued Akerch,,33°56′13″ N,6°48′45″ W,,,,,,,,,,
,,,,Upper Devonian Oued Akerch,,33°56′34.05″ N,6°47′18.07″ W,,,,,,,,,,
,,,,Lower Ordovician Amphibolite of Rabat,,33°56′07.92″ N,6°46′01.07″ W,,,,,,,,,,
,,,,Lower Ordovician Flow lava,,33°56′26.54″ N,6°47′22.48″ W,,,,,,,,,,
,,,,Siluro-Lockhovian-T? (Tunisia),,33°56′21.53″ N,6°47′26.64″ W,,,,,,,,,,
,,,,Pragian Nodular limestone,,33°56′19.05″ N,6°47′32.61″ W,,,,,,,,,,
,,,,Ed?ian Granite of Tiflet,,33°50′07.16″ N,6°25′26.38″ W,,,,,,,,,,
,,,,Strunian Limestone Conglomerate of Tiflet,,33°52′52.50″ N,6°12′34.54″ W,,,,,,,,,,
,,,,Lower Visean red conglomerate,,33°56′41.44″ N,6°46′18.39″ W,,,,,,,,,,
,,,,Lower Ordovician–Upper Silurian unconformity,,33°56′22.51″ N,6°47′26.09″ W,,,,,,,,,,
,,,,Miocene/Lower Devonian unconformity,,33°56′33.05″ N,6°47′19.24″ W,,,,,,,,,,
,,,,Miocene/Lower Visean unconformity,,33°56′34.25″ N,6°47′18.07″ W,,,,,,,,,,
,,,,Pliocene–Quaternary unconformity,,33°56′34.48″ N,6°47′19.27″ W,,,,,,,,,,
Central High Atlas,Béni Mellal-Khénifra,Louz et al.2023,"INVENTORY AND ASSESSMENT OF GEOSITES AND GEODIVERSITY SITES OF THE AIT ATTAB SYNCLINE (M’GOUN UNESCO GEOPARK, MOROCCO) TO STIMULATE GEOCONSERVATION, GEOTOURISM AND SUSTAINABLE DEVELOPMENT",Panoramic view of overturned bar of Iferghas,S,387858N,179058W,,,,,,,,,,
,,,,Karst cliff of Ighir-n-Oumejjad,Kar02,384756N,177043W,,,,,,,,,,
,,,,Panoramic view of the Ait Attab syncline,Stra03,382007N,174573W,,,,,,,,,,
,,,,The tectonic deformations of Jbel Hassan,Stru04,382025N,173773W,,,,,,,,,,
,,,,The ruiniform limestones with ammonite of the Ben Cherrou Formation,Pal05,377397N,186281W,,,,,,,,,,
,,,,Panoramic view of the Cretaceous cuestas,Geom06,778875N,166099W,,,,,,,,,,
,,,,The bad land of Ait Ouabit,Flu07,379108N,165506W,,,,,,,,,,
,,,,Gorges of Ait Ouabit,Geom08,379104N,163634W,,,,,,,,,,
,,,,Conglomerate terraces of Oued El Abid,Stra9,381055N,165129W,,,,,,,,,,
,,,,The footprints of sauropod dinosaurs of Ayt Bouiqban,Pal10,382226N,164873W,,,,,,,,,,
,,,,Lower limit of the basaltic flow B2,Stra11,377188N,166975W,,,,,,,,,,
,,,,Jurassic-Cretaceous unconformity and volcanic activities,Stra12,391673N,170160W,,,,,,,,,,
,,,,Bioclastic limestone with ammonite of the Bine El Ouadane BIII Formation,Pal13,391105N,169708W,,,,,,,,,,
,,,,Panoramic view of Oued El Abid from the old Caïda of Taounza,Flu14,387128N,166982W,,,,,,,,,,
,,,,Caves of cats and the spring of Tisgui,Spe15,371295N,168639W,,,,,,,,,,
,,,,Bioclastic marly limestone of Ait Taifelt Formation,Pal16,375908N,170508W,,,,,,,,,,
,,,,Eroded sandstone of Jbel Taghmane,Geom17,374969N,171017W,,,,,,,,,,
,,,,Panoramic view of the red formations separated by the BI and BII magmatic events,Stra18,374470N,171140W,,,,,,,,,,
,,,,Ruiniform of Jbel Al Maqourra,Kar19,369907N,174781W,,,,,,,,,,
,,,,,,,,,,,,,,,,,
,,,,,,,,,,,,,,,,,
,,,,,,,,,,,,,,,,,
,,,,,,,,,,,,,,,,,
,,,,,,,,,,,,,,,,,
,,,,,,,,,,,,,,,,,
,,,,,,,,,,,,,,,,,
,,,,,,,,,,,,,,,,,
,,,,,,,,,,,,,,,,,
,,,,,,,,,,,,,,,,,
,,,,,,,,,,,,,,,,,
,,,,,,,,,,,,,,,,,
,,,,,,,,,,,,,,,,,
,,,,,,,,,,,,,,,,,
,,,,,,,,,,,,,,,,,
,,,,,,,,,,,,,,,,,
,,,,,,,,,,,,,,,,,
,,,,,,,,,,,,,,,,,
,,,,,,,,,,,,,,,,,
,,,,,,,,,,,,,,,,,
,,,,,,,,,,,,,,,,,
,,,,,,,,,,,,,,,,,
,,,,,,,,,,,,,,,,,
,,,,,,,,,,,,,,,,,
,,,,,,,,,,,,,,,,,
,,,,,,,,,,,,,,,,,
,,,,,,,,,,,,,,,,,
,,,,,,,,,,,,,,,,,
,,,,,,,,,,,,,,,,,
,,,,,,,,,,,,,,,,,
,,,,,,,,,,,,,,,,,
,,,,,,,,,,,,,,,,,
,,,,,,,,,,,,,,,,,
,,,,,,,,,,,,,,,,,
,,,,,,,,,,,,,,,,,
,,,,,,,,,,,,,,,,,
,,,,,,,,,,,,,,,,,
,,,,,,,,,,,,,,,,,
,,,,,,,,,,,,,,,,,
,,,,,,,,,,,,,,,,,
,,,,,,,,,,,,,,,,,
,,,,,,,,,,,,,,,,,
,,,,,,,,,,,,,,,,,
,,,,,,,,,,,,,,,,,
,,,,,,,,,,,,,,,,,
,,,,,,,,,,,,,,,,,
,,,,,,,,,,,,,,,,,
,,,,,,,,,,,,,,,,,
,,,,,,,,,,,,,,,,,
,,,,,,,,,,,,,,,,,
,,,,,,,,,,,,,,,,,
,,,,,,,,,,,,,,,,,
,,,,,,,,,,,,,,,,,
,,,,,,,,,,,,,,,,,
,,,,,,,,,,,,,,,,,
,,,,,,,,,,,,,,,,,
,,,,,,,,,,,,,,,,,
,,,,,,,,,,,,,,,,,
,,,,,,,,,,,,,,,,,
,,,,,,,,,,,,,,,,,
,,,,,,,,,,,,,,,,,
,,,,,,,,,,,,,,,,,
,,,,,,,,,,,,,,,,,
,,,,,,,,,,,,,,,,,
,,,,,,,,,,,,,,,,,
,,,,,,,,,,,,,,,,,
,,,,,,,,,,,,,,,,,
,,,,,,,,,,,,,,,,,
,,,,,,,,,,,,,,,,,
,,,,,,,,,,,,,,,,,
,,,,,,,,,,,,,,,,,
,,,,,,,,,,,,,,,,,
,,,,,,,,,,,,,,,,,
,,,,,,,,,,,,,,,,,
,,,,,,,,,,,,,,,,,
,,,,,,,,,,,,,,,,,
,,,,,,,,,,,,,,,,,
,,,,,,,,,,,,,,,,,
,,,,,,,,,,,,,,,,,
,,,,,,,,,,,,,,,,,
,,,,,,,,,,,,,,,,,
,,,,,,,,,,,,,,,,,
,,,,,,,,,,,,,,,,,
,,,,,,,,,,,,,,,,,
,,,,,,,,,,,,,,,,,
,,,,,,,,,,,,,,,,,
,,,,,,,,,,,,,,,,,
,,,,,,,,,,,,,,,,,
,,,,,,,,,,,,,,,,,
,,,,,,,,,,,,,,,,,
,,,,,,,,,,,,,,,,,
,,,,,,,,,,,,,,,,,
,,,,,,,,,,,,,,,,,
,,,,,,,,,,,,,,,,,
,,,,,,,,,,,,,,,,,
,,,,,,,,,,,,,,,,,
,,,,,,,,,,,,,,,,,
,,,,,,,,,,,,,,,,,
,,,,,,,,,,,,,,,,,
,,,,,,,,,,,,,,,,,
,,,,,,,,,,,,,,,,,
,,,,,,,,,,,,,,,,,
,,,,,,,,,,,,,,,,,
,,,,,,,,,,,,,,,,,
,,,,,,,,,,,,,,,,,
,,,,,,,,,,,,,,,,,
,,,,,,,,,,,,,,,,,
,,,,,,,,,,,,,,,,,
,,,,,,,,,,,,,,,,,
,,,,,,,,,,,,,,,,,
,,,,,,,,,,,,,,,,,
,,,,,,,,,,,,,,,,,
,,,,,,,,,,,,,,,,,
,,,,,,,,,,,,,,,,,
,,,,,,,,,,,,,,,,,
,,,,,,,,,,,,,,,,,
,,,,,,,,,,,,,,,,,
,,,,,,,,,,,,,,,,,
,,,,,,,,,,,,,,,,,
,,,,,,,,,,,,,,,,,
,,,,,,,,,,,,,,,,,
,,,,,,,,,,,,,,,,,
,,,,,,,,,,,,,,,,,
,,,,,,,,,,,,,,,,,
,,,,,,,,,,,,,,,,,
,,,,,,,,,,,,,,,,,
,,,,,,,,,,,,,,,,,
,,,,,,,,,,,,,,,,,
,,,,,,,,,,,,,,,,,
,,,,,,,,,,,,,,,,,
,,,,,,,,,,,,,,,,,
,,,,,,,,,,,,,,,,,
,,,,,,,,,,,,,,,,,
,,,,,,,,,,,,,,,,,
,,,,,,,,,,,,,,,,,
,,,,,,,,,,,,,,,,,
,,,,,,,,,,,,,,,,,
,,,,,,,,,,,,,,,,,
,,,,,,,,,,,,,,,,,
,,,,,,,,,,,,,,,,,
,,,,,,,,,,,,,,,,,
,,,,,,,,,,,,,,,,,
,,,,,,,,,,,,,,,,,
,,,,,,,,,,,,,,,,,
,,,,,,,,,,,,,,,,,
,,,,,,,,,,,,,,,,,
,,,,,,,,,,,,,,,,,
,,,,,,,,,,,,,,,,,
,,,,,,,,,,,,,,,,,
,,,,,,,,,,,,,,,,,
,,,,,,,,,,,,,,,,,
,,,,,,,,,,,,,,,,,
,,,,,,,,,,,,,,,,,
,,,,,,,,,,,,,,,,,
,,,,,,,,,,,,,,,,,
,,,,,,,,,,,,,,,,,
,,,,,,,,,,,,,,,,,
,,,,,,,,,,,,,,,,,
,,,,,,,,,,,,,,,,,
,,,,,,,,,,,,,,,,,
,,,,,,,,,,,,,,,,,
,,,,,,,,,,,,,,,,,
,,,,,,,,,,,,,,,,,
,,,,,,,,,,,,,,,,,
,,,,,,,,,,,,,,,,,
,,,,,,,,,,,,,,,,,
,,,,,,,,,,,,,,,,,
,,,,,,,,,,,,,,,,,
,,,,,,,,,,,,,,,,,
,,,,,,,,,,,,,,,,,
,,,,,,,,,,,,,,,,,
,,,,,,,,,,,,,,,,,
,,,,,,,,,,,,,,,,,
,,,,,,,,,,,,,,,,,
,,,,,,,,,,,,,,,,,
,,,,,,,,,,,,,,,,,
,,,,,,,,,,,,,,,,,
,,,,,,,,,,,,,,,,,
,,,,,,,,,,,,,,,,,
,,,,,,,,,,,,,,,,,
,,,,,,,,,,,,,,,,,
,,,,,,,,,,,,,,,,,
,,,,,,,,,,,,,,,,,
,,,,,,,,,,,,,,,,,
,,,,,,,,,,,,,,,,,
,,,,,,,,,,,,,,,,,
,,,,,,,,,,,,,,,,,
,,,,,,,,,,,,,,,,,
,,,,,,,,,,,,,,,,,
,,,,,,,,,,,,,,,,,
,,,,,,,,,,,,,,,,,
,,,,,,,,,,,,,,,,,
,,,,,,,,,,,,,,,,,
,,,,,,,,,,,,,,,,,
,,,,,,,,,,,,,,,,,
,,,,,,,,,,,,,,,,,
,,,,,,,,,,,,,,,,,
,,,,,,,,,,,,,,,,,
,,,,,,,,,,,,,,,,,
,,,,,,,,,,,,,,,,,
,,,,,,,,,,,,,,,,,
,,,,,,,,,,,,,,,,,
,,,,,,,,,,,,,,,,,
,,,,,,,,,,,,,,,,,
,,,,,,,,,,,,,,,,,
,,,,,,,,,,,,,,,,,
,,,,,,,,,,,,,,,,,
,,,,,,,,,,,,,,,,,
,,,,,,,,,,,,,,,,,
,,,,,,,,,,,,,,,,,
,,,,,,,,,,,,,,,,,
,,,,,,,,,,,,,,,,,
,,,,,,,,,,,,,,,,,
,,,,,,,,,,,,,,,,,
,,,,,,,,,,,,,,,,,
,,,,,,,,,,,,,,,,,
,,,,,,,,,,,,,,,,,
,,,,,,,,,,,,,,,,,
,,,,,,,,,,,,,,,,,
,,,,,,,,,,,,,,,,,
,,,,,,,,,,,,,,,,,
,,,,,,,,,,,,,,,,,
,,,,,,,,,,,,,,,,,
,,,,,,,,,,,,,,,,,
,,,,,,,,,,,,,,,,,
,,,,,,,,,,,,,,,,,
,,,,,,,,,,,,,,,,,
,,,,,,,,,,,,,,,,,
,,,,,,,,,,,,,,,,,
,,,,,,,,,,,,,,,,,
,,,,,,,,,,,,,,,,,
,,,,,,,,,,,,,,,,,
,,,,,,,,,,,,,,,,,
,,,,,,,,,,,,,,,,,
,,,,,,,,,,,,,,,,,
,,,,,,,,,,,,,,,,,
,,,,,,,,,,,,,,,,,
,,,,,,,,,,,,,,,,,
,,,,,,,,,,,,,,,,,
,,,,,,,,,,,,,,,,,
,,,,,,,,,,,,,,,,,
,,,,,,,,,,,,,,,,,
,,,,,,,,,,,,,,,,,
,,,,,,,,,,,,,,,,,
,,,,,,,,,,,,,,,,,
,,,,,,,,,,,,,,,,,
,,,,,,,,,,,,,,,,,
,,,,,,,,,,,,,,,,,
,,,,,,,,,,,,,,,,,
,,,,,,,,,,,,,,,,,
,,,,,,,,,,,,,,,,,
,,,,,,,,,,,,,,,,,
,,,,,,,,,,,,,,,,,
,,,,,,,,,,,,,,,,,
,,,,,,,,,,,,,,,,,
,,,,,,,,,,,,,,,,,
,,,,,,,,,,,,,,,,,
,,,,,,,,,,,,,,,,,
,,,,,,,,,,,,,,,,,
,,,,,,,,,,,,,,,,,
,,,,,,,,,,,,,,,,,
,,,,,,,,,,,,,,,,,
,,,,,,,,,,,,,,,,,
,,,,,,,,,,,,,,,,,
,,,,,,,,,,,,,,,,,
,,,,,,,,,,,,,,,,,
,,,,,,,,,,,,,,,,,
,,,,,,,,,,,,,,,,,
,,,,,,,,,,,,,,,,,
,,,,,,,,,,,,,,,,,
,,,,,,,,,,,,,,,,,
,,,,,,,,,,,,,,,,,
,,,,,,,,,,,,,,,,,
,,,,,,,,,,,,,,,,,
,,,,,,,,,,,,,,,,,
,,,,,,,,,,,,,,,,,
,,,,,,,,,,,,,,,,,
,,,,,,,,,,,,,,,,,
,,,,,,,,,,,,,,,,,
,,,,,,,,,,,,,,,,,
,,,,,,,,,,,,,,,,,
,,,,,,,,,,,,,,,,,
,,,,,,,,,,,,,,,,,
,,,,,,,,,,,,,,,,,
,,,,,,,,,,,,,,,,,
,,,,,,,,,,,,,,,,,
,,,,,,,,,,,,,,,,,
,,,,,,,,,,,,,,,,,
,,,,,,,,,,,,,,,,,
,,,,,,,,,,,,,,,,,
,,,,,,,,,,,,,,,,,
,,,,,,,,,,,,,,,,,
,,,,,,,,,,,,,,,,,
,,,,,,,,,,,,,,,,,
,,,,,,,,,,,,,,,,,
,,,,,,,,,,,,,,,,,
,,,,,,,,,,,,,,,,,
,,,,,,,,,,,,,,,,,
,,,,,,,,,,,,,,,,,
,,,,,,,,,,,,,,,,,
,,,,,,,,,,,,,,,,,
,,,,,,,,,,,,,,,,,
,,,,,,,,,,,,,,,,,
,,,,,,,,,,,,,,,,,
,,,,,,,,,,,,,,,,,
,,,,,,,,,,,,,,,,,
,,,,,,,,,,,,,,,,,
,,,,,,,,,,,,,,,,,
,,,,,,,,,,,,,,,,,
,,,,,,,,,,,,,,,,,
,,,,,,,,,,,,,,,,,
,,,,,,,,,,,,,,,,,
,,,,,,,,,,,,,,,,,
,,,,,,,,,,,,,,,,,
,,,,,,,,,,,,,,,,,
,,,,,,,,,,,,,,,,,
,,,,,,,,,,,,,,,,,
,,,,,,,,,,,,,,,,,
,,,,,,,,,,,,,,,,,
,,,,,,,,,,,,,,,,,
,,,,,,,,,,,,,,,,,
,,,,,,,,,,,,,,,,,
,,,,,,,,,,,,,,,,,
,,,,,,,,,,,,,,,,,
,,,,,,,,,,,,,,,,,
,,,,,,,,,,,,,,,,,
,,,,,,,,,,,,,,,,,
,,,,,,,,,,,,,,,,,
,,,,,,,,,,,,,,,,,
,,,,,,,,,,,,,,,,,
,,,,,,,,,,,,,,,,,
,,,,,,,,,,,,,,,,,
,,,,,,,,,,,,,,,,,
,,,,,,,,,,,,,,,,,
,,,,,,,,,,,,,,,,,
,,,,,,,,,,,,,,,,,
,,,,,,,,,,,,,,,,,
,,,,,,,,,,,,,,,,,
,,,,,,,,,,,,,,,,,
,,,,,,,,,,,,,,,,,
,,,,,,,,,,,,,,,,,
,,,,,,,,,,,,,,,,,
,,,,,,,,,,,,,,,,,
,,,,,,,,,,,,,,,,,
,,,,,,,,,,,,,,,,,
,,,,,,,,,,,,,,,,,
,,,,,,,,,,,,,,,,,
,,,,,,,,,,,,,,,,,
,,,,,,,,,,,,,,,,,
,,,,,,,,,,,,,,,,,
,,,,,,,,,,,,,,,,,
,,,,,,,,,,,,,,,,,
,,,,,,,,,,,,,,,,,
,,,,,,,,,,,,,,,,,
,,,,,,,,,,,,,,,,,
,,,,,,,,,,,,,,,,,
,,,,,,,,,,,,,,,,,
,,,,,,,,,,,,,,,,,
,,,,,,,,,,,,,,,,,
,,,,,,,,,,,,,,,,,
,,,,,,,,,,,,,,,,,
,,,,,,,,,,,,,,,,,
,,,,,,,,,,,,,,,,,
,,,,,,,,,,,,,,,,,
,,,,,,,,,,,,,,,,,
,,,,,,,,,,,,,,,,,
