Locality_ID,Dist_to_Highway_Routing_m
loc_00517,8492.084
loc_01163,0.0
loc_01164,0.0
loc_01165,0.0
loc_01166,0.0
loc_01167,0.0
loc_01168,0.0
loc_01169,0.0
loc_01170,0.0
loc_01171,0.0
loc_01172,0.0
loc_01173,1091.492
loc_01174,1091.492
loc_01175,0.0
loc_01176,0.0
loc_01177,0.0
loc_01178,0.0
loc_01179,592.3389999999999
loc_01180,0.0
loc_01181,0.0
loc_01182,0.0
loc_01183,2057.3569999999995
loc_00087,15239.169999999993
loc_00088,0.0
loc_00089,0.0
loc_00090,0.0
loc_00091,556.8240000000001
loc_00092,854.464
loc_00093,1566.3099999999995
loc_00094,15239.169999999993
loc_00095,854.464
loc_00096,534.564
loc_00097,534.564
loc_00098,5094.352
loc_00101,1186.9910000000002
loc_00102,822.8220000000001
loc_00103,0.0
loc_00104,899.4430000000001
loc_00105,3720.371
loc_00106,5315.226999999999
loc_00107,0.0
loc_00109,1983.256
loc_00110,6323.212999999997
loc_00112,19674.083999999995
loc_00113,19674.083999999995
loc_00114,19674.083999999995
loc_00115,2527.842
loc_00116,4784.717999999998
loc_00117,18998.55300000001
loc_00118,15104.542000000003
loc_00119,15104.542000000003
loc_00120,9322.272
loc_00124,1970.531
loc_00125,6745.086999999994
loc_00126,7204.041999999998
loc_00127,42898.67400000002
loc_00128,6629.101
loc_00129,0.0
loc_00130,1122.1420000000005
loc_00131,0.0
loc_00133,8777.712000000003
loc_00135,0.0
loc_00136,5105.349000000001
loc_00137,0.0
loc_00138,1566.3099999999995
loc_00139,5432.497
loc_00425,364.914
loc_00426,52521.41300000005
loc_00427,751.6649999999997
loc_00428,1356.9339999999995
loc_01504,0.0
loc_01530,14150.999000000002
loc_01531,7994.404999999999
loc_01532,6086.420999999999
loc_01533,0.0
loc_01534,139.568
loc_01535,23207.69099999997
loc_01661,17571.458000000002
loc_01662,10760.714999999998
loc_00158,2711.036000000001
loc_00159,2711.036000000001
loc_00160,240.825
loc_00161,3842.416999999999
loc_00162,721.447
loc_00163,0.0
loc_01350,0.0
loc_01351,620.4060000000001
loc_01352,6074.758999999996
loc_01353,0.0
loc_01354,0.0
loc_01355,0.0
loc_01356,5566.107999999998
loc_01358,18233.991
loc_01359,12610.854000000005
loc_00754,990.147
loc_01328,2441.226
loc_01329,1282.3289999999995
loc_01330,1982.6160000000004
loc_01331,0.0
loc_01332,3292.119999999998
loc_01333,3796.132000000001
loc_01334,5033.483
loc_01335,6477.340000000003
loc_01704,30596.45700000002
loc_01357,1368.825
loc_01663,3967.554999999999
loc_01664,0.0
loc_01198,18312.2
loc_01665,22245.647
loc_00251,0.0
loc_00252,1367.389
loc_00253,1367.389
loc_00254,1367.389
loc_00255,1367.389
loc_00256,0.0
loc_00257,0.0
loc_00258,0.0
loc_00259,0.0
loc_00260,0.0
loc_00261,3834.672
loc_00262,3834.672
loc_00509,0.0
loc_00510,719.1110000000001
loc_01184,2443.8540000000003
loc_01185,2359.853
loc_01186,0.0
loc_01187,3897.232000000001
loc_01188,16650.350000000002
loc_00507,0.0
loc_00506,18814.023
loc_00508,0.0
loc_00100,431.367
loc_00132,18345.687
loc_01659,24859.797999999977
loc_01660,19839.61000000002
loc_01703,51784.548999999926
loc_01666,15563.984
loc_01667,203758.40500000003
loc_00512,0.0
loc_00263,0.0
loc_00264,0.0
loc_00265,0.0
loc_00266,0.0
loc_00267,7615.748999999996
loc_01189,20825.932
loc_01190,4349.913000000003
loc_01191,0.0
loc_01192,0.0
loc_01193,6843.885999999996
loc_00150,5464.908
loc_00152,5259.867000000001
loc_00153,4127.257
loc_00154,0.0
loc_00155,36299.78599999999
loc_00156,65.95400000000001
loc_00430,861.34
loc_00431,67.671
loc_00432,967.2449999999998
loc_00513,0.0
loc_00514,5822.2419999999975
loc_00515,26059.018999999986
loc_00516,0.0
loc_00519,33457.020000000026
loc_00511,0.0
loc_00725,0.0
loc_01199,3140.581
loc_00271,205.837
loc_00272,0.0
loc_00454,79.224
loc_00455,288.32499999999993
loc_00457,0.0
loc_00458,717.877
loc_00459,1378.2870000000007
loc_00752,2490.127000000001
loc_00753,0.0
loc_01715,0.0
loc_01716,4814.842999999999
loc_01370,6844.341999999999
loc_01371,281.623
loc_01372,861.2279999999998
loc_01373,1042.8170000000002
loc_01374,2360.429
loc_01375,2279.236
loc_01376,1961.104000000001
loc_01377,6373.090000000004
loc_01385,3308.4939999999992
loc_01386,154.835
loc_01387,0.0
loc_01388,1843.9250000000009
loc_01389,0.0
loc_01390,3087.382
loc_01217,0.0
loc_00722,3047.8429999999994
loc_00026,0.0
loc_00027,0.0
loc_00006,0.0
loc_00007,0.0
loc_00008,0.0
loc_00009,0.0
loc_00010,0.0
loc_00011,0.0
loc_00012,0.0
loc_00013,0.0
loc_00014,0.0
loc_00015,0.0
loc_00016,0.0
loc_00471,643.5229999999999
loc_01203,8483.319000000005
loc_00078,225.348
loc_00079,0.0
loc_00080,5237.761000000001
loc_00822,0.0
loc_00827,0.0
loc_00830,88.293
loc_00946,0.0
loc_00947,8528.168999999996
loc_00952,2964.945000000001
loc_00989,78.94
loc_01011,78.94
loc_01012,0.0
loc_01016,7252.325999999999
loc_01040,0.0
loc_01041,0.0
loc_01044,3250.103999999998
loc_01045,3607.463000000002
loc_01047,0.0
loc_01048,1286.921
loc_01051,0.0
loc_01055,0.0
loc_01057,618.4000000000001
loc_01059,1583.8979999999997
loc_01063,822.4820000000002
loc_01065,959.37
loc_01068,3538.672
loc_01069,2492.2770000000005
loc_01070,2041.2519999999988
loc_01072,0.0
loc_01083,0.0
loc_01084,3022.062999999999
loc_01086,101.361
loc_01087,0.0
loc_01088,204.02500000000003
loc_01089,835.1170000000001
loc_01092,282.62
loc_01095,0.0
loc_01096,0.0
loc_01098,4110.058000000001
loc_01100,2383.1079999999997
loc_01102,0.0
loc_01104,445.337
loc_01105,1950.609999999999
loc_01107,507.2199999999999
loc_01110,0.0
loc_01111,5209.676
loc_01113,2679.4950000000013
loc_01114,4828.301000000001
loc_01115,1068.998
loc_01118,0.0
loc_01119,0.0
loc_01129,167.09699999999998
loc_01139,5058.192000000001
loc_01140,4092.375
loc_01143,1954.855
loc_01144,5237.761000000001
loc_01145,4311.586000000001
loc_01337,2078.219
loc_01338,388.30000000000007
loc_01340,955.009
loc_01341,0.0
loc_01669,342.7820000000001
loc_01670,0.0
loc_01671,3280.662
loc_01672,3801.331
loc_01673,4804.263000000001
loc_01674,0.0
loc_01675,0.0
loc_01676,0.0
loc_01677,0.0
loc_01678,0.0
loc_01679,1479.7690000000002
loc_01680,478.11000000000007
loc_01681,298.468
loc_01682,4375.638999999998
loc_01683,1318.282
loc_01684,1437.206
loc_01685,4868.169999999997
loc_01686,7860.240999999994
loc_01687,6057.601999999999
loc_01688,6273.187999999998
loc_01689,7820.243000000003
loc_01690,0.0
loc_01691,571.9029999999999
loc_01692,2300.0509999999995
loc_01693,377.11500000000007
loc_01694,0.0
loc_01695,551.6360000000001
loc_01696,2099.289
loc_01476,233.395
loc_01477,1795.083
loc_01478,1433.9060000000004
loc_00723,1446.629
loc_01195,5526.304000000002
loc_01651,1880.192
loc_01310,422.864
loc_01314,6959.355999999999
loc_01318,6959.355999999999
loc_00423,107.837
loc_00057,1951.698
loc_00396,325.38299999999987
loc_00397,0.0
loc_00398,0.0
loc_00399,0.0
loc_00400,0.0
loc_00401,0.0
loc_00473,120.589
loc_00518,3363.6450000000004
loc_00718,0.0
loc_00719,0.0
loc_00720,471.268
loc_00721,674.577
loc_01204,8986.815999999999
loc_01205,0.0
loc_01321,249.799
loc_00629,7741.622000000002
loc_00634,9303.225
loc_00166,353.4069999999999
loc_00168,4375.3460000000005
loc_00169,7103.502000000002
loc_00170,11413.097999999993
loc_00171,2560.74
loc_00173,97.012
loc_00176,0.0
loc_00328,1404.31
loc_00179,105.768
loc_00195,13149.470999999989
loc_00197,11288.901000000003
loc_00440,971.764
loc_00441,0.0
loc_00442,855.995
loc_00520,2208.1800000000003
loc_00530,10482.288
loc_00556,88.567
loc_00558,4996.732000000005
loc_00572,10200.022000000008
loc_00573,7249.117999999998
loc_00578,11288.901000000003
loc_00614,577.8560000000001
loc_00615,598.4800000000001
loc_00616,0.0
loc_00617,0.0
loc_00619,799.9920000000001
loc_00620,855.995
loc_00621,0.0
loc_00622,0.0
loc_00654,0.0
loc_00662,0.0
loc_00674,897.695
loc_00675,0.0
loc_00686,1148.853
loc_00688,81.514
loc_00689,9438.074999999995
loc_00690,4433.292000000001
loc_00692,7249.117999999998
loc_00698,11288.901000000003
loc_01344,7771.629000000001
loc_01346,0.0
loc_00340,0.0
loc_00199,10329.725999999991
loc_00433,6294.047000000004
loc_00434,11543.771000000002
loc_00435,18084.155000000013
loc_00436,7536.607000000008
loc_00437,10242.925000000005
loc_00439,7209.294999999999
loc_00523,0.0
loc_00524,0.0
loc_00525,0.0
loc_00526,0.0
loc_00527,6796.926000000005
loc_00528,7661.930000000002
loc_00529,102.549
loc_00579,7197.493
loc_00581,9083.374000000002
loc_00582,13963.601999999988
loc_00583,10541.329
loc_00585,113.72599999999998
loc_00586,7633.542000000006
loc_00589,9051.858000000007
loc_00590,12593.726999999995
loc_00591,7633.542000000006
loc_00593,8114.729000000006
loc_00595,4228.547
loc_00596,0.0
loc_00626,14585.082000000008
loc_00649,13936.426999999989
loc_00655,0.0
loc_00671,4228.547
loc_00677,41.617
loc_00691,10541.329
loc_00696,8180.886000000002
loc_00697,8180.886000000002
loc_00701,8977.953000000001
loc_00077,0.0
loc_00409,664.4130000000001
loc_00410,427.618
loc_00411,1533.6460000000002
loc_00412,2497.7849999999994
loc_00413,79.658
loc_00414,235.581
loc_00415,655.4000000000001
loc_00416,1231.1910000000005
loc_00417,1819.492
loc_00418,24.148
loc_00419,1034.3380000000002
loc_00420,0.0
loc_00421,5145.777
loc_00422,1363.8390000000004
loc_00424,0.0
loc_01718,2115.901
loc_00060,495.153
loc_00061,340.569
loc_00066,1405.4190000000008
loc_00005,0.0
loc_01315,313.935
loc_01317,1492.611
loc_01537,298.485
loc_00630,0.0
loc_00631,0.0
loc_00632,142.803
loc_00633,910.6820000000004
loc_00635,0.0
loc_00636,448.6170000000001
loc_00637,1282.852
loc_00638,2187.767
loc_00639,1558.0670000000002
loc_00640,699.8230000000001
loc_00679,558.7429999999998
loc_00366,0.0
loc_00367,0.0
loc_00369,0.0
loc_00370,372.13000000000005
loc_00371,2016.6829999999995
loc_00372,0.0
loc_00374,64.93
loc_00860,9064.455
loc_00884,1228.1460000000002
loc_00887,0.0
loc_00888,0.0
loc_00890,0.0
loc_00891,0.0
loc_00894,2193.8450000000003
loc_00895,0.0
loc_00896,1824.28
loc_00899,2927.0359999999982
loc_00905,0.0
loc_00906,0.0
loc_00907,2882.266999999998
loc_00908,0.0
loc_00909,2401.3659999999986
loc_00910,2401.3659999999986
loc_00914,3261.3590000000004
loc_00926,1933.772
loc_00981,1298.1830000000002
loc_00992,786.598
loc_00993,966.461
loc_01020,0.0
loc_01022,1985.455
loc_01026,6577.553999999997
loc_01028,0.0
loc_01029,0.0
loc_01612,4204.235
loc_01641,3261.989
loc_01648,4176.004999999999
loc_01649,5044.241999999995
loc_00204,0.0
loc_00205,0.0
loc_00206,0.0
loc_00207,306.81199999999995
loc_00208,0.0
loc_00209,0.0
loc_00210,0.0
loc_00211,0.0
loc_00213,489.7129999999999
loc_00214,489.7129999999999
loc_00215,4158.173
loc_00216,4809.046999999999
loc_00218,0.0
loc_00224,0.0
loc_00074,3821.297999999999
loc_00075,3818.134999999999
loc_00780,2812.1130000000003
loc_00781,117.173
loc_00782,423.774
loc_00783,3489.684
loc_00784,6903.354999999998
loc_00785,6682.929999999999
loc_00786,0.0
loc_00787,0.0
loc_00788,0.0
loc_00789,4319.274000000001
loc_00790,574.05
loc_00791,4879.336
loc_00792,1465.973
loc_00793,0.0
loc_00794,0.0
loc_00795,0.0
loc_00796,11221.296000000011
loc_00797,4319.274000000001
loc_00798,0.0
loc_00799,89.106
loc_00800,6886.380999999998
loc_00801,2929.599
loc_00802,0.0
loc_00803,6160.158000000002
loc_00804,5574.3150000000005
loc_00805,6788.175999999994
loc_00806,298.874
loc_00807,7119.547999999999
loc_00808,0.0
loc_00809,1871.708
loc_00810,2959.265
loc_00811,0.0
loc_00812,0.0
loc_00813,2763.3369999999986
loc_00991,2923.704999999999
loc_01019,388.166
loc_01024,1977.284999999999
loc_01116,6333.146999999999
loc_01135,8824.582999999999
loc_01287,0.0
loc_01595,192.444
loc_01597,347.802
loc_01608,0.0
loc_01627,4206.06
loc_00217,0.0
loc_00219,0.0
loc_01544,637.6490000000001
loc_01316,131.59300000000002
loc_00594,1026.3529999999996
loc_00623,260.646
loc_00624,1026.3529999999996
loc_00625,1026.3529999999996
loc_00653,1026.3529999999996
loc_00268,120.841
loc_00403,530.324
loc_01200,0.0
loc_01201,13.245
loc_01202,136.196
loc_00249,0.0
loc_00281,0.0
loc_00283,1798.7960000000005
loc_00498,326.863
loc_00500,796.078
loc_00501,1798.7960000000005
loc_00504,3440.7850000000003
loc_01461,4991.692999999997
loc_01462,877.272
loc_00020,0.0
loc_00024,0.0
loc_00025,15862.249999999998
loc_00029,0.0
loc_00772,0.0
loc_01367,0.0
loc_00535,5140.053999999998
loc_00537,1296.8970000000004
loc_00713,0.0
loc_00714,559.5720000000001
loc_00715,899.03
loc_00716,347.788
loc_01322,1056.955
loc_01323,0.0
loc_01324,30.93
loc_01325,9.111
loc_01326,0.0
loc_01327,0.0
loc_01342,927.466
loc_00003,4569.232000000002
loc_00776,4930.278999999996
loc_00777,10856.873
loc_01493,8695.044999999998
loc_01503,7134.628999999999
loc_01505,6494.955000000004
loc_01511,0.0
loc_01513,3211.742000000001
loc_01640,0.0
loc_01197,2111.1779999999994
loc_01409,0.0
loc_00076,0.0
loc_01288,0.0
loc_01289,0.0
loc_01290,0.0
loc_01291,462.935
loc_01292,0.0
loc_01293,0.0
loc_01652,0.0
loc_00465,0.0
loc_00466,441.187
loc_00467,1358.3239999999994
loc_00468,1757.7409999999995
loc_00469,0.0
loc_00470,579.1540000000002
loc_00472,1534.448
loc_00164,3761.848000000001
loc_00165,6374.8420000000015
loc_00521,365.171
loc_00522,364.168
loc_00531,6877.372999999995
loc_00580,8404.149000000001
loc_00584,2731.5280000000025
loc_00588,2702.5210000000025
loc_00647,3253.765000000002
loc_00650,2731.5280000000025
loc_00651,6418.96
loc_00667,3348.002000000001
loc_00668,3530.1310000000008
loc_00669,3666.323000000001
loc_00670,0.0
loc_00678,0.0
loc_00702,1653.5410000000008
loc_00318,0.0
loc_00178,3968.4569999999994
loc_00180,1591.2070000000003
loc_00181,7143.374000000001
loc_00182,681.241
loc_00183,737.165
loc_00184,6885.291999999995
loc_00185,8025.697999999996
loc_00186,12498.68
loc_00187,10136.428999999996
loc_00188,8842.430999999997
loc_00189,8842.430999999997
loc_00191,4162.967
loc_00192,3558.236000000003
loc_00193,0.0
loc_00194,5676.855000000003
loc_00196,8025.697999999996
loc_00198,3259.1760000000017
loc_00200,4385.121
loc_00201,7390.714999999992
loc_00202,0.0
loc_00203,0.0
loc_00542,1193.2630000000004
loc_00553,1727.1999999999998
loc_00554,642.3370000000001
loc_00555,1819.4860000000003
loc_00557,5359.017999999999
loc_00559,2986.6639999999998
loc_00560,4134.885
loc_00561,850.98
loc_00562,480.9989999999999
loc_00563,4134.885
loc_00564,1965.559
loc_00565,6146.452000000004
loc_00566,1309.9840000000002
loc_00567,1052.066
loc_00568,3887.847999999997
loc_00569,3897.628999999997
loc_00570,0.0
loc_00571,529.129
loc_00574,4259.217
loc_00575,0.0
loc_00576,1745.0290000000005
loc_00577,7176.434000000008
loc_00602,6734.590999999999
loc_00606,8732.250000000002
loc_00609,2427.9120000000007
loc_00611,669.2239999999999
loc_00612,77.858
loc_00613,686.366
loc_00618,2411.715000000001
loc_00643,5407.049000000002
loc_00644,2321.2180000000003
loc_00645,1641.8350000000007
loc_00646,9177.74900000001
loc_00648,0.0
loc_00658,2008.3730000000007
loc_00659,0.0
loc_00660,1296.9919999999995
loc_00661,0.0
loc_00663,0.0
loc_00664,159.367
loc_00665,1871.3130000000003
loc_00666,0.0
loc_00673,0.0
loc_00676,4187.982
loc_00681,617.7819999999999
loc_00682,5134.113999999998
loc_00683,0.0
loc_00684,1332.7869999999996
loc_00687,0.0
loc_00695,0.0
loc_01343,190.488
loc_01345,0.0
loc_00474,1881.344000000001
loc_00475,653.9560000000001
loc_00476,3943.917
loc_00728,3524.279000000002
loc_01379,12223.775000000003
loc_01391,10199.936000000002
loc_01392,7197.652
loc_01394,16315.48700000001
loc_01397,25182.83900000004
loc_01398,25182.83900000004
loc_01399,15865.759000000016
loc_01402,5246.912
loc_01403,5869.39
loc_01404,8348.776000000003
loc_01405,11935.079000000002
loc_01406,12251.464999999998
loc_01407,11244.072999999997
loc_01408,12721.990000000016
loc_01515,11830.308
loc_01516,16315.48700000001
loc_01518,14412.792000000009
loc_01519,7598.065
loc_01520,25182.83900000004
loc_01521,8304.831000000004
loc_01522,5997.79
loc_01525,24998.55300000004
loc_01527,15711.436000000014
loc_01528,14217.106999999993
loc_01668,10540.420000000004
loc_01698,10771.769000000002
loc_01699,15452.6
loc_01700,5443.817999999999
loc_01701,17533.713999999993
loc_01702,10790.039000000002
loc_01194,5784.841
loc_00212,57.766
loc_00222,0.0
loc_01312,426.564
loc_00779,3570.542
loc_01497,865.7549999999999
loc_01498,0.0
loc_01508,1901.914
loc_01509,10003.159999999994
loc_00359,2528.7969999999987
loc_00360,2849.213000000001
loc_00362,14859.757
loc_00363,1235.4590000000003
loc_00903,67.646
loc_00460,897.673
loc_00461,460.691
loc_00462,336.831
loc_00463,0.0
loc_00464,184.698
loc_01320,6282.600999999994
loc_00064,0.0
loc_00402,0.0
loc_00140,0.0
loc_00141,0.0
loc_00142,0.0
loc_00145,0.0
loc_00146,0.0
loc_00147,0.0
loc_00148,642.4329999999999
loc_00276,2774.7
loc_00277,0.0
loc_00278,0.0
loc_00429,1326.4099999999996
loc_00543,10143.449999999995
loc_00544,9900.319999999994
loc_00545,14247.568999999998
loc_00546,5173.272999999993
loc_00547,7919.117999999996
loc_00548,7194.853999999992
loc_00549,17038.03300000001
loc_00550,6624.475999999997
loc_00551,4853.623999999994
loc_00552,3193.176999999999
loc_00587,3193.176999999999
loc_00599,182.916
loc_00600,1197.2899999999995
loc_00601,148.084
loc_00603,973.955
loc_00604,321.03900000000004
loc_00605,155.58499999999998
loc_00607,458.059
loc_00608,583.0569999999999
loc_00610,896.287
loc_00641,978.094
loc_00642,3905.398999999999
loc_00656,4428.843
loc_00657,3840.961000000001
loc_00680,688.222
loc_01410,2769.668
loc_01411,0.0
loc_01412,837.7499999999998
loc_01413,1822.218
loc_01414,2015.358
loc_00274,422.941
loc_00275,2660.051
loc_00071,1933.3770000000004
loc_00929,3015.5
loc_00957,153.93200000000002
loc_00958,2143.474
loc_01017,2331.7349999999988
loc_01138,0.0
loc_01596,978.981
loc_01615,978.981
loc_01626,1447.3609999999996
loc_01628,2549.1319999999982
loc_01629,1602.2639999999997
loc_01630,0.0
loc_01631,1504.485
loc_01336,3816.851
loc_00694,644.8779999999999
loc_00703,1947.6600000000008
loc_00240,0.0
loc_00241,0.0
loc_00243,0.0
loc_00244,6805.167999999993
loc_00286,0.0
loc_00287,0.0
loc_00288,0.0
loc_00289,0.0
loc_00290,0.0
loc_00291,0.0
loc_00292,0.0
loc_00293,0.0
loc_00294,0.0
loc_00295,0.0
loc_00296,0.0
loc_00304,6805.167999999993
loc_00305,6805.167999999993
loc_00306,6805.167999999993
loc_00307,6805.167999999993
loc_00308,0.0
loc_00309,0.0
loc_00310,3329.274999999999
loc_00311,5151.463999999995
loc_00312,5151.463999999995
loc_00313,5151.463999999995
loc_00386,0.0
loc_00387,328.462
loc_00391,3014.273
loc_00392,2278.443999999999
loc_00393,4204.797999999996
loc_00395,321.175
loc_00443,0.0
loc_00444,1008.1539999999998
loc_00447,2509.063000000001
loc_00448,3069.7570000000005
loc_00449,807.9890000000001
loc_00488,5967.508999999994
loc_00492,0.0
loc_00499,0.0
loc_00503,0.0
loc_00738,0.0
loc_01438,5988.563999999993
loc_01465,0.0
loc_01466,3972.792000000002
loc_01467,2142.3570000000004
loc_01468,1198.176
loc_01469,6765.264999999996
loc_01470,5050.230999999996
loc_01471,0.0
loc_01472,2727.8199999999983
loc_01473,2519.407000000001
loc_01474,1114.6420000000005
loc_01479,1470.4960000000003
loc_01488,0.0
loc_01489,667.1730000000001
loc_01550,1869.912999999999
loc_01551,6410.888999999997
loc_01552,5227.224999999994
loc_01553,3438.887999999998
loc_01554,214.7
loc_01555,141.137
loc_01556,0.0
loc_01557,1849.201
loc_01558,3674.613
loc_01559,0.0
loc_01560,0.0
loc_01561,0.0
loc_01562,3041.3999999999987
loc_01563,321.27500000000003
loc_01564,19.139
loc_01565,0.0
loc_01566,0.0
loc_01567,0.0
loc_00004,233.9180000000001
loc_00778,0.0
loc_01536,0.0
loc_01657,0.0
loc_00353,0.0
loc_00354,0.0
loc_00355,0.0
loc_00356,0.0
loc_00357,0.0
loc_00358,0.0
loc_00361,29.151
loc_00373,4792.4450000000015
loc_00837,1846.107
loc_00839,626.9599999999999
loc_00850,0.0
loc_00889,0.0
loc_00892,7587.495999999999
loc_00893,8573.475999999997
loc_00898,6596.415999999995
loc_00900,1731.4350000000004
loc_00901,5683.387999999997
loc_00902,1704.609
loc_00911,2582.451
loc_00912,6576.840999999995
loc_00913,6197.591999999995
loc_00915,6281.963999999995
loc_00916,806.4349999999998
loc_00966,545.452
loc_00971,3631.447000000001
loc_00973,0.0
loc_00986,0.0
loc_01010,818.0290000000001
loc_01025,694.2819999999999
loc_01075,1626.774
loc_01079,5180.131000000001
loc_01141,2038.376
loc_01435,11364.832000000011
loc_01436,4893.1150000000025
loc_01437,2458.1730000000007
loc_01650,6739.202999999993
loc_01313,1175.275
loc_01196,4076.013999999996
loc_00023,1120.775
loc_00038,22481.091000000004
loc_00039,3014.845
loc_00055,18306.232
loc_01304,35183.75099999997
loc_01309,29533.074
loc_00225,4409.214999999998
loc_00226,654.719
loc_00227,0.0
loc_00228,0.0
loc_00229,0.0
loc_00230,0.0
loc_00231,2338.203000000001
loc_00232,0.0
loc_00233,3130.537
loc_00234,0.0
loc_00235,0.0
loc_00236,3416.9349999999986
loc_00237,5509.331999999999
loc_00238,0.0
loc_00239,0.0
loc_00242,0.0
loc_00245,0.0
loc_00246,9.805
loc_00247,413.9440000000001
loc_00248,0.0
loc_00280,413.9440000000001
loc_00284,6871.9119999999975
loc_00285,0.0
loc_00297,0.0
loc_00298,0.0
loc_00299,0.0
loc_00300,0.0
loc_00301,0.0
loc_00302,0.0
loc_00303,9.805
loc_00390,1389.1639999999998
loc_00446,17891.279000000006
loc_00451,4296.63
loc_00452,3075.9970000000008
loc_00453,8928.929000000002
loc_00484,0.0
loc_00485,0.0
loc_00486,0.0
loc_00487,3953.413
loc_00489,1322.8629999999996
loc_00490,9944.894000000008
loc_00491,1649.6659999999997
loc_00493,2573.9910000000004
loc_00494,4012.615999999998
loc_00495,1758.0779999999995
loc_00496,3082.185
loc_00497,10701.319999999996
loc_00502,441.2270000000001
loc_00505,1594.1910000000005
loc_00737,3578.1219999999976
loc_01306,15782.85000000001
loc_01307,17325.38500000002
loc_01308,0.0
loc_01439,121.371
loc_01440,300.86
loc_01441,977.689
loc_01442,1603.2459999999996
loc_01443,1221.495
loc_01444,788.0620000000002
loc_01445,10234.600999999995
loc_01446,0.0
loc_01447,6860.190999999997
loc_01448,0.0
loc_01449,292.026
loc_01450,0.0
loc_01451,2067.831
loc_01452,4809.918999999996
loc_01453,9481.032999999998
loc_01454,5489.368000000003
loc_01455,14762.097000000003
loc_01456,11697.39800000001
loc_01457,14124.316000000012
loc_01458,596.2420000000001
loc_01459,5180.010999999997
loc_01463,10870.567
loc_01464,10582.456999999997
loc_01483,4995.875000000002
loc_01484,0.0
loc_01485,6532.779999999999
loc_01486,8043.721000000002
loc_01487,17302.703999999994
loc_01490,0.0
loc_01491,4963.388999999998
loc_01492,17888.736000000004
loc_00724,248.197
loc_00108,5754.762999999999
loc_00394,0.0
loc_00408,3517.760999999999
loc_00445,2472.0380000000005
loc_00450,2472.0380000000005
loc_00707,307.54900000000004
loc_00708,25.589
loc_00709,760.771
loc_00710,0.0
loc_00711,624.988
loc_00712,726.836
loc_00729,0.0
loc_00730,97.056
loc_01393,855.435
loc_01395,1281.1409999999996
loc_01396,2252.728
loc_01400,169.16400000000002
loc_01401,1258.5370000000005
loc_01475,2472.0380000000005
loc_01517,1470.2130000000002
loc_01523,0.0
loc_01524,15929.366000000024
loc_01526,4937.4540000000015
loc_01529,610.2590000000002
loc_00747,1729.121
loc_00748,0.0
loc_00749,0.0
loc_00750,1965.591
loc_00751,0.0
loc_01512,1854.254
loc_01706,0.0
loc_01713,552.415
loc_01717,0.0
loc_00001,0.0
loc_00002,456.316
loc_01496,2563.964000000001
loc_01499,0.0
loc_01501,6507.591
loc_01502,3759.217
loc_01507,2437.0580000000004
loc_01510,6151.726
loc_01093,2399.189
loc_00775,0.0
loc_00814,3467.09
loc_00815,3864.129000000001
loc_00816,3864.129000000001
loc_00818,838.101
loc_00841,0.0
loc_00922,231.224
loc_00940,0.0
loc_00941,1000.714
loc_00955,51.665000000000006
loc_00988,4422.679999999999
loc_01002,1306.09
loc_01003,4167.422
loc_01008,3501.403
loc_01042,0.0
loc_01050,2300.036000000001
loc_01112,1652.0680000000002
loc_01142,0.0
loc_01147,0.0
loc_01159,0.0
loc_01569,0.0
loc_01572,0.0
loc_01573,0.0
loc_01582,3773.919
loc_01598,3576.829
loc_01601,0.0
loc_01619,2603.4310000000005
loc_01632,406.6980000000001
loc_01633,0.0
loc_01634,3030.144
loc_01635,0.0
loc_01639,0.0
loc_00034,0.0
loc_00035,0.0
loc_00532,0.0
loc_00533,465.191
loc_00534,1023.439
loc_00536,255.87999999999997
loc_00538,5299.503000000003
loc_00539,3713.3650000000007
loc_00540,0.0
loc_00541,9073.497000000005
loc_00378,20.223
loc_00379,0.0
loc_00726,688.391
loc_00727,0.0
loc_01378,0.0
loc_01380,5043.014000000003
loc_01381,2253.0290000000014
loc_01382,3895.195000000001
loc_01383,0.0
loc_01384,159.926
loc_00755,3003.175
loc_01369,1425.9200000000003
loc_01705,33756.31900000003
loc_01707,393.296
loc_01709,0.0
loc_01714,9076.414
loc_00021,836.273
loc_00022,0.0
loc_00030,0.0
loc_00031,0.0
loc_00032,654.9870000000003
loc_00033,406.473
loc_00036,1269.684
loc_00037,0.0
loc_00756,6274.108999999999
loc_00757,6084.442999999998
loc_00758,6065.896999999998
loc_00759,6084.442999999998
loc_00760,4040.4269999999983
loc_00761,3335.562999999999
loc_00762,3192.223
loc_00763,1758.8110000000004
loc_00764,2392.425
loc_00765,0.0
loc_00766,0.0
loc_00767,0.0
loc_00768,759.9490000000001
loc_00769,1889.543
loc_00770,2168.048
loc_00771,2346.582000000001
loc_00773,1035.368
loc_00774,0.0
loc_01494,0.0
loc_01495,1127.6569999999997
loc_00279,849.6390000000001
loc_00375,2365.880000000001
loc_00477,820.8970000000002
loc_00478,141.074
loc_00479,392.593
loc_00480,1149.3590000000002
loc_00481,2056.236999999999
loc_00482,511.7499999999999
loc_00483,199.72600000000003
loc_01206,1222.689
loc_01207,673.7829999999998
loc_01208,217.42400000000004
loc_01209,15.734
loc_01210,212.808
loc_01211,897.0359999999998
loc_01212,338.02599999999995
loc_01213,506.1410000000001
loc_01214,227.988
loc_01215,427.829
loc_01216,367.263
loc_01218,2762.105000000001
loc_01219,1065.292
loc_01220,981.202
loc_01221,300.925
loc_01222,975.514
loc_01223,1680.4530000000002
loc_01224,2545.316
loc_01225,3196.7999999999997
loc_01226,2420.443
loc_01227,2420.443
loc_01228,1615.0099999999993
loc_01229,1367.0690000000002
loc_01230,2052.78
loc_01231,1625.4980000000005
loc_01232,1033.7910000000004
loc_01233,398.469
loc_01234,366.3560000000001
loc_01235,0.0
loc_01236,0.0
loc_01237,236.272
loc_01238,451.147
loc_01239,55.832
loc_01240,186.127
loc_01241,14.668
loc_01242,191.907
loc_01243,74.55199999999999
loc_01244,472.768
loc_01245,566.7260000000001
loc_01246,269.81100000000004
loc_01247,369.86300000000006
loc_01248,223.08200000000005
loc_01249,399.1119999999999
loc_01250,271.304
loc_01251,384.169
loc_01252,115.875
loc_01253,872.8640000000001
loc_01254,196.16700000000003
loc_01255,342.2109999999999
loc_01256,426.297
loc_01257,234.805
loc_01258,396.978
loc_01259,454.975
loc_01260,567.0920000000001
loc_01261,8.105
loc_01262,252.092
loc_01263,336.874
loc_01264,481.4929999999999
loc_01265,232.894
loc_01266,379.805
loc_01267,11.031
loc_01268,324.15400000000017
loc_01269,320.37
loc_00739,0.0
loc_00740,0.0
loc_00741,0.0
loc_00742,0.0
loc_00282,273.537
loc_01480,299.729
loc_01481,759.146
loc_01482,0.0
loc_00086,122.442
loc_00821,1072.859
loc_00829,1412.073
loc_00831,5884.646
loc_00843,116.381
loc_00847,247.23
loc_00848,7178.328999999997
loc_00858,0.0
loc_00867,503.969
loc_00868,0.0
loc_00869,4471.785000000001
loc_00874,2576.654
loc_00875,3460.3710000000024
loc_00877,0.0
loc_00879,0.0
loc_00880,3046.8189999999986
loc_00881,809.6319999999998
loc_00885,3792.4500000000007
loc_00942,226.56500000000003
loc_00945,0.0
loc_00950,656.923
loc_00961,947.527
loc_00963,0.0
loc_00964,2171.5130000000004
loc_00969,3528.09
loc_00976,606.8729999999999
loc_01046,2369.393
loc_01078,2064.638
loc_01094,1148.8120000000004
loc_01270,0.0
loc_01271,0.0
loc_01272,0.0
loc_01273,0.0
loc_01274,7648.760999999999
loc_01275,148.166
loc_01276,0.0
loc_01277,693.2060000000001
loc_01278,0.0
loc_01279,0.0
loc_01280,908.2449999999998
loc_01281,138.236
loc_01282,4108.800999999999
loc_01283,4706.443999999996
loc_01284,4706.443999999996
loc_01285,4474.144999999999
loc_01286,610.402
loc_01594,1676.9579999999994
loc_00073,1523.872
loc_00873,0.0
loc_00904,0.0
loc_00917,559.283
loc_00918,0.0
loc_00919,2621.8629999999985
loc_00920,95.999
loc_00924,0.0
loc_00928,0.0
loc_00933,1463.487
loc_00935,2109.907999999999
loc_00936,4203.032999999998
loc_00975,0.0
loc_00983,3221.8030000000003
loc_01006,126.321
loc_01009,0.0
loc_01034,4585.852
loc_01062,5825.618
loc_01081,9136.166
loc_01577,0.0
loc_01578,0.0
loc_01581,0.0
loc_01584,6474.906999999999
loc_01585,8425.319000000003
loc_01593,0.0
loc_01600,373.226
loc_01602,974.4960000000002
loc_01611,4673.881999999996
loc_01647,0.0
loc_00070,1546.453
loc_00717,0.0
loc_00825,1257.5949999999998
loc_00851,574.788
loc_00870,705.0650000000002
loc_00883,0.0
loc_00939,0.0
loc_00953,377.298
loc_00954,1849.074
loc_00960,1028.23
loc_00967,814.485
loc_00968,2367.708
loc_00987,395.963
loc_00990,906.3190000000002
loc_00994,0.0
loc_00997,2095.16
loc_00999,3058.3609999999985
loc_01004,1291.075
loc_01005,377.5910000000001
loc_01023,602.786
loc_01035,3496.113
loc_01036,1520.3220000000003
loc_01052,0.0
loc_01053,0.0
loc_01054,3001.641999999999
loc_01064,948.8749999999998
loc_01082,0.0
loc_01117,3249.837000000001
loc_01128,1274.8999999999996
loc_00220,0.0
loc_00221,0.0
loc_00223,2842.423999999999
loc_01311,234.721
loc_01319,127.553
loc_01538,0.0
loc_01539,2471.6450000000013
loc_01540,0.0
loc_01541,0.0
loc_01542,0.0
loc_01543,1033.276
loc_01545,4684.087
loc_01546,0.0
loc_01547,0.0
loc_01548,0.0
loc_01549,0.0
loc_01347,6559.333999999999
loc_01348,305.46399999999994
loc_01349,0.0
loc_01506,19548.463000000003
loc_01708,25.922
loc_01710,6559.333999999999
loc_01711,305.46399999999994
loc_01712,0.0
loc_00269,0.0
loc_01360,29202.211
loc_01361,17896.373000000014
loc_01362,0.0
loc_01363,4795.789
loc_01364,8447.447
loc_01365,0.0
loc_01366,0.0
loc_01368,1091.463
loc_01654,1118.4
loc_01653,4374.780999999999
loc_00273,0.0
loc_00056,10501.115999999996
loc_00376,2730.077000000001
loc_00377,3040.3590000000004
loc_00380,0.0
loc_00381,0.0
loc_00382,120.351
loc_00383,0.0
loc_00384,6667.741000000003
loc_00385,10341.596000000009
loc_00388,4969.443999999997
loc_00389,11612.269
loc_00704,7481.280999999998
loc_00705,2360.0930000000008
loc_00706,0.0
loc_00731,0.0
loc_00732,1316.8819999999998
loc_00733,3364.6290000000013
loc_00734,4480.702000000001
loc_00735,0.0
loc_00736,637.4770000000001
loc_00058,875.9529999999999
loc_00059,804.8780000000002
loc_00062,420.057
loc_00065,1023.566
loc_00067,0.0
loc_00069,875.9529999999999
loc_00270,1816.505
loc_00404,1940.477
loc_00405,425.0250000000001
loc_00598,7167.928999999998
loc_00627,6202.325000000002
loc_00628,9313.655999999995
loc_00652,4984.178999999999
loc_00672,1225.2980000000002
loc_00685,4984.178999999999
loc_00700,820.5849999999998
loc_01655,9883.558000000006
loc_00072,1708.5300000000002
loc_00406,477.52700000000016
loc_00407,2844.359
loc_00817,1157.156
loc_00819,1157.156
loc_00823,564.8960000000001
loc_00828,1186.943
loc_00834,6104.193999999998
loc_00838,4585.253
loc_00840,5097.231000000001
loc_00852,0.0
loc_00854,4554.622
loc_00855,4598.348
loc_00856,0.0
loc_00857,2052.922000000001
loc_00859,0.0
loc_00862,0.0
loc_00864,6459.089999999997
loc_00886,0.0
loc_00897,55.178
loc_00921,928.8730000000004
loc_00923,7393.721999999998
loc_00925,928.8730000000004
loc_00927,237.207
loc_00930,8734.8
loc_00931,0.0
loc_00932,0.0
loc_00934,3522.173
loc_00937,3028.7010000000005
loc_00944,383.69
loc_00956,5420.989
loc_00965,1180.5409999999997
loc_00970,4304.19
loc_00974,2275.8590000000004
loc_00977,511.02600000000007
loc_00978,0.0
loc_00979,0.0
loc_00980,282.672
loc_00985,0.0
loc_00995,2210.945
loc_00996,955.1649999999998
loc_00998,0.0
loc_01000,446.796
loc_01001,2266.3810000000003
loc_01007,4644.882999999998
loc_01018,1221.2710000000004
loc_01031,7285.570000000003
loc_01037,6980.5030000000015
loc_01039,0.0
loc_01071,1039.5670000000002
loc_01080,0.0
loc_01137,0.0
loc_01148,1100.227
loc_01149,2293.718000000002
loc_01150,0.0
loc_01151,1529.9120000000005
loc_01152,5182.118999999999
loc_01153,5488.608000000001
loc_01154,2219.156000000001
loc_01155,3512.0679999999984
loc_01156,248.664
loc_01157,867.842
loc_01158,1228.1230000000005
loc_01160,0.0
loc_01161,5362.826000000001
loc_01162,0.0
loc_01568,914.6989999999996
loc_01570,879.1039999999996
loc_01571,327.194
loc_01574,315.117
loc_01575,253.41200000000003
loc_01576,6611.898
loc_01579,2466.5329999999994
loc_01580,0.0
loc_01583,0.0
loc_01586,346.054
loc_01587,0.0
loc_01588,0.0
loc_01589,942.165
loc_01590,0.0
loc_01591,0.0
loc_01592,3028.7010000000005
loc_01599,1751.1070000000004
loc_01603,7503.620999999998
loc_01604,1534.247
loc_01605,1635.0359999999994
loc_01606,0.0
loc_01607,5535.064
loc_01609,5313.8669999999975
loc_01610,0.0
loc_01613,1721.294
loc_01614,0.0
loc_01616,0.0
loc_01617,7241.164
loc_01618,1686.054
loc_01620,1980.211
loc_01621,1927.073
loc_01622,1845.065
loc_01623,0.0
loc_01624,0.0
loc_01625,305.597
loc_01636,597.471
loc_01637,0.0
loc_01638,0.0
loc_01642,0.0
loc_01643,0.0
loc_01644,1286.8079999999998
loc_01645,503.167
loc_01646,2506.505000000001
loc_00082,7351.721999999996
loc_00083,9660.781
loc_00084,0.0
loc_00085,1108.489
loc_00820,1756.6190000000004
loc_00824,10119.453000000003
loc_00826,556.1549999999997
loc_00832,4836.668000000001
loc_00833,6848.9490000000005
loc_00835,3515.769
loc_00836,4519.176
loc_00842,12162.477999999996
loc_00844,6908.420999999999
loc_00845,0.0
loc_00849,14522.16899999999
loc_00853,12407.138999999985
loc_00861,0.0
loc_00863,246.008
loc_00865,10201.590000000002
loc_00866,13375.761000000008
loc_00871,1111.3129999999996
loc_00872,0.0
loc_00876,1992.1210000000008
loc_00882,0.0
loc_00938,1825.118
loc_00943,2357.615999999999
loc_00948,7070.614000000006
loc_00949,1551.545
loc_00951,4456.149999999999
loc_00959,0.0
loc_00962,9206.361
loc_00972,0.0
loc_00982,868.734
loc_00984,1656.908
loc_01013,0.0
loc_01014,11307.948
loc_01015,12363.636
loc_01027,1108.489
loc_01030,0.0
loc_01033,6438.976
loc_01038,0.0
loc_01043,0.0
loc_01049,7219.796000000001
loc_01056,7132.265999999994
loc_01058,7582.906000000004
loc_01061,5263.923000000001
loc_01066,9718.524
loc_01067,6099.383999999996
loc_01073,2836.037
loc_01074,3391.711000000001
loc_01076,0.0
loc_01077,4471.641999999999
loc_01085,3391.711000000001
loc_01090,0.0
loc_01091,7865.484999999999
loc_01097,7949.787
loc_01099,6225.975999999997
loc_01101,0.0
loc_01103,12363.636
loc_01106,242.593
loc_01108,2471.4349999999995
loc_01109,2591.903
loc_01120,15140.252000000017
loc_01121,7132.265999999994
loc_01122,7625.944000000003
loc_01123,12015.162999999997
loc_01124,12281.318999999996
loc_01125,8907.170999999997
loc_01126,7674.491
loc_01127,0.0
loc_01130,162.459
loc_01131,1115.023
loc_01132,0.0
loc_01133,1689.689
loc_01134,10047.992
loc_01136,6438.976
loc_01146,3391.711000000001
loc_01339,9700.594
loc_01415,1829.343
loc_01416,0.0
loc_01417,5474.770999999997
loc_01418,8916.505000000008
loc_01419,0.0
loc_01420,6630.309000000007
loc_01421,5474.770999999997
loc_01422,1527.4640000000004
loc_01423,66.375
loc_01424,455.86800000000005
loc_01425,0.0
loc_01426,4392.882000000001
loc_01427,1323.353
loc_01428,1085.147
loc_01429,0.0
loc_01430,7070.614000000006
loc_01431,12919.364000000009
loc_01432,0.0
loc_01433,1702.889
loc_01434,4519.176
loc_01697,0.0
loc_00250,13313.448
loc_00438,12524.674999999994
loc_00592,0.0
loc_00597,0.0
loc_00693,291.633
loc_00699,346.57899999999995
loc_00017,961.0849999999996
loc_00041,875.104
loc_00043,1180.1179999999997
loc_00044,912.976
loc_00046,0.0
loc_00314,11422.167000000014
loc_01294,0.0
loc_01295,1541.241000000001
loc_01296,5714.053000000008
loc_01297,2542.9500000000003
loc_01298,298.186
loc_01299,2152.289
loc_01300,4859.905999999998
loc_01301,7629.245999999998
loc_01302,6942.906999999996
loc_01303,36856.803
loc_01305,2733.8
loc_01460,8110.731
loc_00123,0.0
loc_01500,3629.3870000000006
loc_00099,0.0
loc_00111,3646.371000000001
loc_00121,0.0
loc_00122,7512.014999999995
loc_00134,862.3239999999998
loc_01514,0.0
loc_01658,5030.964
loc_00456,0.0
loc_00743,0.0
loc_00744,0.0
loc_00745,0.0
loc_00746,0.0
loc_00081,1414.5790000000002
loc_00846,7746.559000000003
loc_00878,8233.553000000004
loc_01021,5975.765999999997
loc_01032,5438.113999999998
loc_01060,8024.916000000004
loc_01656,7605.837999999998
loc_00018,0.0
loc_00019,0.0
loc_00028,116.27
loc_00040,0.0
loc_00042,8611.86099999999
loc_00045,1838.934
loc_00047,0.0
loc_00048,0.0
loc_00049,0.0
loc_00050,0.0
loc_00051,0.0
loc_00052,0.0
loc_00053,1119.679
loc_00054,0.0
