Locality_ID,Dist_to_Trail_m
loc_00304,614.5322479592625
loc_00307,614.5322479592625
loc_00306,614.5322479592625
loc_00244,614.5322479592625
loc_00305,614.5322479592625
loc_00313,0.42396159435106584
loc_00312,0.42396159435106584
loc_00311,0.42396159435106584
loc_00310,32.01737526332192
loc_00246,12.924101367715563
loc_00303,12.924101367715563
loc_00056,47.752044101854516
loc_00294,1077.5967354495308
loc_00293,1077.5967354495308
loc_00295,1077.5967354495308
loc_00292,202.31086595045596
loc_00241,202.31086595045596
loc_00290,202.31086595045596
loc_00289,202.31086595045596
loc_00288,202.31086595045596
loc_00243,68.68855891576672
loc_00309,68.68855891576672
loc_00308,68.68855891576672
loc_00286,200.50525028829225
loc_00287,200.50525028829225
loc_00240,200.50525028829225
loc_00242,15.973924743188523
loc_00297,15.973924743188523
loc_00299,692.4143605859603
loc_00298,692.4143605859603
loc_00245,692.4143605859603
loc_00300,692.4143605859603
loc_00301,899.1214684510396
loc_00302,899.1214684510396
loc_00237,51.09444182058319
loc_00225,27.735049478833695
loc_00232,825.7264530101096
loc_00239,56.55947258235251
loc_00235,56.55947258235251
loc_00234,56.55947258235251
loc_00238,56.55947258235251
loc_00226,134.19037301952335
loc_00285,162.99296082509386
loc_00248,162.99296082509386
loc_00284,651.7216361684845
loc_00280,8.852513793822201
loc_00247,8.852513793822201
loc_00314,408.8625965909539
loc_00283,840.3172820217305
loc_00249,141.1897544962122
loc_00281,141.1897544962122
loc_00282,135.03530919729388
loc_00076,290.56576174771567
loc_00075,1476.841116064737
loc_00074,1438.4964722402162
loc_00233,153.5785606060832
loc_00229,243.36070515698194
loc_00231,92.03179990309236
loc_00236,116.17348990205224
loc_00227,296.0803585425439
loc_00228,104.44885466552086
loc_00291,784.978211624076
loc_00230,656.7223074208406
loc_00296,1134.6550699184897
loc_00726,362.8472993932259
loc_00727,248.08514011344158
loc_00728,1334.519353282711
loc_00729,212.22439150221288
loc_00730,216.26510961785416
loc_00731,1132.998018603614
loc_00732,668.3641251582395
loc_00733,370.4627399886508
loc_00734,324.295854827263
loc_00735,601.2039658194609
loc_00736,126.13521927536647
loc_00737,1840.5514286161253
loc_00738,2280.97922486335
loc_00484,554.5428148624438
loc_00485,173.0327711175893
loc_00486,1056.903828806528
loc_00487,320.35927915857025
loc_00488,97.62083313673065
loc_00408,17.438395803601612
loc_01194,1198.1529574797817
loc_00489,549.033345551242
loc_00490,199.71883904113042
loc_00493,424.57386374806646
loc_00495,324.82119538103973
loc_00497,14.008934630691623
loc_00500,4.35660269117795
loc_00501,836.8438895762226
loc_00502,43.611764036648324
loc_00503,844.3278582557406
loc_00504,37.111327971937975
loc_00505,435.05861564070153
loc_00378,2.350743868860447
loc_00379,17.790907881482454
loc_00382,669.7430085793277
loc_00385,2.3971600036550136
loc_00387,13.1575667846533
loc_00388,82.81847237333257
loc_00389,585.4342455360415
loc_00392,1055.1330656271505
loc_00704,349.6304654078352
loc_00705,183.3338959266521
loc_00706,55.68059329501741
loc_00707,18.713033461638105
loc_00708,76.8797467049357
loc_00709,112.96061963013622
loc_00710,60.57858194836627
loc_00711,39.837995203698064
loc_00712,2.592488835318907
loc_00443,1587.6886105313713
loc_00444,29.73951938014349
loc_00445,1138.4999704062195
loc_00446,1432.3013854483859
loc_00447,607.2522386889269
loc_00449,930.4708269067058
loc_00450,2.586198453131658
loc_00451,18.940865197445003
loc_00453,155.84481144424507
loc_00491,72.66945517104108
loc_00494,601.9753401135109
loc_00498,189.5172856575466
loc_00785,533.9793116033848
loc_00786,205.61207063814857
loc_00787,218.10594053584953
loc_00790,14.526732806775138
loc_00792,200.21432064580966
loc_00799,1845.003809862954
loc_00803,2006.4859240050607
loc_00806,113.70683504702943
loc_00781,424.1036127166697
loc_00782,841.0743870869927
loc_00783,723.2636702464218
loc_00784,297.27425313898743
loc_00788,1317.684818867309
loc_00789,814.8994139256266
loc_00791,749.4845092580046
loc_00795,810.9896438095324
loc_00796,1951.5074627699994
loc_00797,814.8994139256266
loc_00798,1320.3744508914895
loc_00800,547.6800328956842
loc_00801,226.16560981604064
loc_00802,2070.671185808637
loc_00804,519.2447895339977
loc_00805,1202.5826156020848
loc_00807,44.62344257671275
loc_00808,792.0959800542219
loc_00809,680.4621456731566
loc_00810,230.8405442149121
loc_00811,1604.087398768777
loc_00812,2409.4187147779444
loc_00813,1290.4802611843827
loc_00793,2216.5156157855936
loc_00794,452.9734691107809
loc_00004,130.2063108534723
loc_00003,1208.4506594653044
loc_00002,487.779522834417
loc_00001,2519.8961131259416
loc_00033,596.5915517156502
loc_00032,99.21657929672514
loc_00025,1647.9480934563849
loc_00031,848.9497273268408
loc_00034,186.2119897635677
loc_00030,586.3131704131425
loc_00035,106.62992656709591
loc_00021,47.02002614902972
loc_00036,255.53721066088835
loc_00029,617.7915009380853
loc_00022,402.12158738097213
loc_00037,1289.3607146735458
loc_00024,218.88195971647534
loc_00020,148.0893671080803
loc_00026,1372.5033884203813
loc_00023,1282.6029921404006
loc_00038,764.127772461621
loc_00039,72.66814221939416
loc_00027,162.75118144840937
loc_00055,1114.7332328474986
loc_00028,40.271330810684674
loc_00050,210.981740697625
loc_00019,1293.7206961373615
loc_00048,1503.191522892831
loc_00049,1503.191522892831
loc_00044,198.35631328586817
loc_00018,917.8472878735239
loc_00051,1279.3462592645685
loc_00046,423.2007864954509
loc_00054,2104.7176038623
loc_00040,582.2081367298288
loc_00053,13.838881938584985
loc_00017,349.2305912323854
loc_00043,70.7736391243419
loc_00042,435.80105417438864
loc_00016,398.038586802309
loc_00015,356.0020543501393
loc_00013,333.1175808294753
loc_00012,316.2104647799161
loc_00011,322.1556032278569
loc_00010,290.6262588637391
loc_00009,262.80323783556366
loc_00008,247.0057516462918
loc_00007,104.48359057410111
loc_00006,53.20736314411673
loc_00014,334.36243659426685
loc_00073,368.24847491321225
loc_00756,189.33731125263412
loc_00757,339.3319568239868
loc_00758,288.5094720901828
loc_00759,417.14936965504864
loc_00760,685.7776035376943
loc_00761,31.0833125760778
loc_00762,169.08368992877516
loc_00763,973.4503384880486
loc_00764,534.457880332308
loc_00765,951.3952958525421
loc_00766,1055.3175264708223
loc_00767,1108.756382912733
loc_00747,492.9516057037885
loc_00748,2819.5524127517597
loc_00749,698.4941584414217
loc_00750,4558.247813123556
loc_00751,1378.4109209296312
loc_00752,2127.5789825946044
loc_00753,2864.6674208556074
loc_00754,60.23246327375058
loc_00755,1518.5854333986467
loc_00454,77.79564885225146
loc_00455,46.585997570261505
loc_00456,315.22579939859156
loc_00457,457.03060166072504
loc_00458,206.3607528127438
loc_00775,1364.8172287379934
loc_00776,1286.2073219344747
loc_00739,451.1571104272712
loc_00740,855.0720618652751
loc_00741,1574.5103015843888
loc_00742,350.4578368234904
loc_00743,65.26428431214798
loc_00744,795.841495613594
loc_00745,1414.697324707156
loc_00746,2312.2844333664802
loc_00353,3513.9414479721954
loc_00354,2703.9156767844797
loc_00366,56.803806774218906
loc_00355,2947.4230403910237
loc_00357,3803.0682013162213
loc_00367,353.33802718844584
loc_00374,14.680802212411022
loc_00369,150.41764919586709
loc_00361,737.4474439346009
loc_00371,629.347979555157
loc_00370,8.184440596006468
loc_00372,146.51661303974007
loc_00072,679.8970933177665
loc_00362,1688.4861161507608
loc_00071,492.6050270584803
loc_00086,6.172225972870255
loc_00083,6.3984638814769
loc_00081,691.8414889290297
loc_00082,347.03884545688896
loc_00078,94.53024370661949
loc_00079,334.22397703854523
loc_01047,47.187413424531016
loc_01051,236.20982774517228
loc_01055,872.2890884571669
loc_01065,10.949200732991342
loc_01066,9.91749889058535
loc_00917,1582.0223261147182
loc_00918,338.5048497035005
loc_00919,1095.1047469200278
loc_00920,64.20636412004377
loc_00921,934.7127633389197
loc_00922,18.63404901256579
loc_00923,1107.2969916297905
loc_00924,2487.9693945697395
loc_00925,934.7127633389197
loc_00926,1788.3931774840657
loc_00927,89.3831791560957
loc_00928,1451.0999678575238
loc_00929,453.61858799546775
loc_00930,256.17527852915634
loc_00931,935.5230714752937
loc_00932,3193.0041680233367
loc_00933,474.76739256845696
loc_00934,313.83390794210095
loc_00935,921.9184060880261
loc_00936,211.92210752403008
loc_00937,674.057686137668
loc_00938,57.800115439739415
loc_00939,40.10537823527387
loc_00940,299.38707946615284
loc_00941,17.8063828017257
loc_00942,993.8621384654551
loc_00943,109.38673919353418
loc_00944,662.060498544195
loc_00945,600.5185271408287
loc_00947,126.10897549310701
loc_00948,198.64932605910812
loc_00949,96.31555713660235
loc_00950,395.24276603141914
loc_00951,190.54321940809373
loc_00952,22.37176007992613
loc_00953,36.22728224880425
loc_00954,888.5244805392927
loc_00956,1732.0357009389643
loc_00957,86.7275462975943
loc_00958,414.31215440633076
loc_00959,529.3153354456367
loc_00960,156.38872187386855
loc_00961,215.30759460687585
loc_00962,0.302117098680226
loc_00963,358.60484761376966
loc_00964,242.12652154926636
loc_00965,212.74397386689608
loc_00966,61.76051394796089
loc_00967,33.068072819405764
loc_00968,749.053453343159
loc_00969,350.47067312540605
loc_00970,1381.739373764281
loc_00971,279.1140729931195
loc_00972,1108.8824643317625
loc_00973,120.71491848702813
loc_00974,178.46908812501624
loc_00975,120.2172206056747
loc_00976,386.2401940686578
loc_00977,95.84759305321455
loc_00978,510.70760436038825
loc_00979,321.550499057318
loc_00980,79.87950485557833
loc_00981,210.75452182004923
loc_00982,5.869354641382084
loc_00983,1242.0550370234957
loc_00984,242.81658064329278
loc_00985,281.48276606601354
loc_00987,3.9446733262078744
loc_00988,494.1986538479556
loc_00989,27.88446332561639
loc_00990,16.647373260747855
loc_00991,500.72089692745834
loc_00992,76.90355485616564
loc_00993,103.0037994215313
loc_00995,811.7706341950715
loc_00996,385.0973354618522
loc_00997,119.75774959008031
loc_01071,768.3063638399022
loc_00998,728.5762767974933
loc_00999,666.6872951813701
loc_01000,206.29098329936363
loc_01001,428.99648697374084
loc_01002,1446.7803500027012
loc_01003,291.08593029775494
loc_01004,653.2287872483282
loc_01005,37.35222117559468
loc_01006,250.1184372768837
loc_01007,203.40246685361188
loc_01008,102.92694482279576
loc_01009,1516.9998969067838
loc_01010,71.27848312323775
loc_01011,27.88446332561639
loc_01012,203.4724246383026
loc_01013,871.2904239689282
loc_01014,1107.726886711124
loc_01015,394.2640459309163
loc_01016,1051.343970465406
loc_01017,1059.2996379312033
loc_01036,554.2983676229237
loc_01018,282.8168987133438
loc_01019,122.65451868862876
loc_00946,848.1861184329766
loc_01041,1022.4880176580874
loc_00955,91.95695136993392
loc_01042,1201.9303428969004
loc_00717,481.85011807880295
loc_00994,481.999447298361
loc_01039,1876.1048476392282
loc_01040,1038.0987858026629
loc_01119,1345.160269888103
loc_01043,971.664537800713
loc_01044,1332.2804244587126
loc_01045,417.6968024625398
loc_01046,40.30258025839243
loc_01048,674.0824290112021
loc_01049,1.4381319613994894
loc_01050,294.67370225668964
loc_01052,698.8208934440977
loc_01053,2617.7218025395828
loc_01054,594.6414759333536
loc_00842,525.0612251038076
loc_01056,162.7223246407347
loc_01057,429.87552807864233
loc_01058,307.9965555313188
loc_01059,262.05429819943515
loc_01060,351.89445930293135
loc_01061,1223.2474270417445
loc_01062,52.497441631459424
loc_01063,1202.3815029629247
loc_01064,254.64077591878274
loc_01067,552.1946508105378
loc_01068,1480.8987096296025
loc_01069,1510.8842627789406
loc_01070,1233.7212505363677
loc_01072,1020.6170088332502
loc_01073,435.78670314978166
loc_01074,1354.6826011304124
loc_01075,767.9712124198254
loc_01076,1028.301013810982
loc_01077,11.226933770180695
loc_01079,1121.2718982557083
loc_01080,4481.386271893033
loc_01081,194.9203900687769
loc_01082,906.4888075994203
loc_01083,454.0150444648027
loc_01084,561.2317266025475
loc_01085,1448.7532476761921
loc_01086,699.4964637452204
loc_01087,379.4944978206547
loc_01088,637.8319168987183
loc_01089,335.45494179183834
loc_01090,1040.0817494635119
loc_01091,128.99338287134165
loc_01092,264.35394893450797
loc_01093,140.16792950692877
loc_01094,1247.053133588031
loc_01095,147.57028785198153
loc_01096,471.6918763222171
loc_01097,158.49277149760746
loc_01098,1223.1840441143177
loc_01099,72.6783847404991
loc_01100,579.0913198443053
loc_01101,573.1564011022685
loc_01102,379.4944978206547
loc_01103,408.4329472860678
loc_01104,139.8723264214355
loc_01105,895.2621001740624
loc_01106,475.70264840684007
loc_01107,774.2589680887179
loc_01108,64.11917272391246
loc_01109,139.79779140931768
loc_01110,266.42640395108066
loc_01111,2205.6065852451084
loc_01112,729.696881770513
loc_01113,79.26412945131116
loc_01114,745.0218775367296
loc_01115,1012.4624734972545
loc_01116,334.1787910543466
loc_01117,1800.8228403317382
loc_01118,1318.460994105624
loc_01120,26.15338119216708
loc_01121,162.7223246407347
loc_01122,1137.5539533191366
loc_01123,89.0645139563681
loc_01124,929.1759182398471
loc_01125,16.371149133941728
loc_01126,4.403176453009333
loc_01127,1016.4762580395253
loc_01128,51.51226966986823
loc_01129,221.88510909849754
loc_01130,93.01574194605521
loc_01131,130.86848717892698
loc_01132,626.3167838169944
loc_01133,182.93906400631968
loc_01134,2288.769134942314
loc_01135,127.09053191290536
loc_01136,950.3073670195322
loc_01137,1354.893986093215
loc_01138,210.52186708045951
loc_01139,508.317366735015
loc_01140,502.8897958047456
loc_00916,704.0674453794338
loc_01141,357.26577336737006
loc_01142,164.53689965269928
loc_01143,1230.3035807450722
loc_01144,1030.0609100554282
loc_01145,1342.662403445989
loc_01146,1646.2189263802834
loc_01147,2407.9806558713085
loc_00820,926.9319260114244
loc_00821,136.86055359483404
loc_00822,277.55716234285967
loc_00823,344.8078495868913
loc_00824,450.9738267368925
loc_00825,397.8676461063804
loc_00826,296.31227897844803
loc_00827,1043.0228568347409
loc_00828,906.8576186535267
loc_00829,892.0225020836134
loc_00830,5.169175646624189
loc_00831,702.7818467550876
loc_00832,35.037606612736944
loc_00833,23.09303469199497
loc_00834,2142.400248231304
loc_00835,1125.2572553792813
loc_00836,1621.3056304433715
loc_00837,704.7687176836428
loc_00838,1921.5639690922771
loc_00839,843.3403249417803
loc_00840,302.19601368185323
loc_00841,946.9193316297036
loc_00867,679.672435857848
loc_00868,281.14039510288075
loc_00869,1628.8903902581383
loc_00870,95.51307004887977
loc_00871,135.84894359669227
loc_00872,374.7457364489929
loc_00873,1053.8887332267707
loc_00874,588.1500564026239
loc_00875,608.1923061517782
loc_00876,45.477161199366556
loc_00877,273.89678784306517
loc_00878,595.7838470419947
loc_00879,898.4249767484871
loc_00880,1902.22407199357
loc_00881,116.41358735666041
loc_00882,4.690418714518551
loc_00883,29.61402192705229
loc_00884,276.75576976704394
loc_00885,559.3225832486539
loc_00886,422.9081161454079
loc_00887,382.2410993557486
loc_00888,1674.9058032306673
loc_00889,2103.519469393106
loc_00890,669.5272365042479
loc_00891,806.146349750466
loc_00892,1075.6578573011968
loc_00893,833.0846611568845
loc_00894,519.8686976684842
loc_00895,958.4016224146145
loc_00896,1117.1029829529855
loc_00897,56.18013868643091
loc_00898,206.48233962950792
loc_00899,104.3564881482539
loc_00900,142.093664216859
loc_00901,610.5956994575398
loc_00902,120.7391590752477
loc_00903,90.92835549704049
loc_00904,238.88472330429678
loc_00905,604.3806599406304
loc_00906,588.411651546631
loc_00907,340.884998527245
loc_00908,1252.0877804977902
loc_00909,550.7891188642068
loc_00910,509.41037327705095
loc_00912,7.593479716278617
loc_00913,441.0080984286094
loc_00914,38.76235327387257
loc_00915,430.7634335585327
loc_01020,311.7204152572764
loc_01021,495.422160058563
loc_01022,534.6173609758732
loc_01023,180.45360436979925
loc_01024,664.3815514587848
loc_01025,53.825236327252156
loc_01026,28.64551832783649
loc_01027,1090.834679174741
loc_01028,1333.6210428704012
loc_01029,2656.806908575038
loc_01030,1087.739368793716
loc_01031,120.31342882885629
loc_01032,292.4101443831603
loc_01033,995.0595298452331
loc_01034,1246.3724124469766
loc_01035,638.8579209893106
loc_01037,263.1283508693216
loc_01038,442.65363570090153
loc_00212,581.7375378176879
loc_00215,20.859786188108597
loc_00216,281.81996504662055
loc_00213,241.125218528011
loc_00214,241.125218528011
loc_00224,1545.1327148415717
loc_00211,504.75284625231313
loc_00210,179.39984163975785
loc_00205,0.7037025950727619
loc_00208,17.211060536501293
loc_00207,26.225524252606636
loc_00209,590.6128414163293
loc_00206,967.0881929105825
loc_00222,1075.9022552360782
loc_00218,185.07474196874736
loc_00204,115.69953433457124
loc_00223,18.166204231397558
loc_00221,364.6669984564277
loc_00219,375.9653489890436
loc_00217,174.51468447003086
loc_00220,589.2036776079206
loc_00106,419.87453946059094
loc_00105,3.7056620430739726
loc_00131,386.97534655626697
loc_00133,6542.193875186536
loc_00129,281.83745530042324
loc_00092,1576.0024514144916
loc_00095,1576.0024514144916
loc_00139,1613.9877955750549
loc_00096,233.1879599340653
loc_00097,233.1879599340653
loc_00135,2949.7250893173386
loc_00103,3219.3740427990106
loc_00088,3423.5582660181503
loc_00089,3423.5582660181503
loc_00090,5759.2396706363215
loc_00137,4255.3697702245645
loc_00102,98.47891383959706
loc_00125,190.1625640359404
loc_00126,83.70375476214312
loc_00117,530.2151632097518
loc_00138,46.68697630813365
loc_00093,399.2485352184433
loc_00091,108.62693882480897
loc_00132,2612.292466604909
loc_00100,2667.5875109151866
loc_00111,172.5911788158132
loc_00134,686.1241731869446
loc_00099,887.9234155903545
loc_00123,447.42195303617166
loc_00121,2957.8917780620486
loc_00263,223.17385629424007
loc_00264,223.17385629424007
loc_00265,5561.387062146911
loc_00267,207.04153454018797
loc_00266,6841.4736225005745
loc_00261,707.4094652886823
loc_00262,707.4094652886823
loc_00260,6884.6280347351485
loc_00256,3583.1543612706814
loc_00257,3583.1543612706814
loc_00258,3583.1543612706814
loc_00259,3583.1543612706814
loc_00251,735.8004515704622
loc_00252,905.6283389833375
loc_00253,905.6283389833375
loc_00254,905.6283389833375
loc_00255,905.6283389833375
loc_00155,1031.5956720154654
loc_00154,308.18803254919567
loc_00150,1618.66374924329
loc_00153,771.3315654935619
loc_00152,2643.7677200847156
loc_00163,575.4775749935213
loc_00160,256.6167962663634
loc_00159,106.07072459190458
loc_00158,107.76900550505871
loc_00161,223.13866063929515
loc_00005,2802.7241274158505
loc_00077,780.5000740853865
loc_00065,35.59957802445826
loc_00275,520.7919551109903
loc_00066,486.1551471174237
loc_00067,563.8769825380737
loc_00058,835.7311422964895
loc_00069,835.7311422964895
loc_00059,36.675077104491315
loc_00061,191.70537836877253
loc_00060,369.7597750136626
loc_00062,272.23182906888945
loc_00270,354.9583231064267
loc_00064,370.97066961108874
loc_00273,26.226632179483563
loc_00269,770.3513203434801
loc_00272,53.31371604738075
loc_00271,11.530913961706197
loc_00268,55.87225140206081
loc_01184,82.21461672133266
loc_01185,194.7967415942267
loc_01186,664.5705234728363
loc_01187,1141.2542200111798
loc_01188,9515.13179233568
loc_01189,18943.861878247044
loc_01192,8293.08568632348
loc_01193,5520.6154529225205
loc_00402,518.1213632760815
loc_00403,269.7697653622777
loc_00404,159.60518440531817
loc_00405,1262.0772347193072
loc_00413,16.82542277898158
loc_00414,43.369691766514904
loc_00418,44.15701120104848
loc_00420,656.2624562031781
loc_00423,220.8798761226298
loc_00424,411.215972867376
loc_00179,101.14014071009493
loc_00173,129.66664017891335
loc_00176,213.49275131295713
loc_00166,177.72765988371992
loc_00193,634.4730688978358
loc_00340,382.15671294062736
loc_00180,61.99985689700376
loc_00182,66.08352319794304
loc_00202,478.80010887848596
loc_00181,16.467658333143493
loc_00203,711.7713221298698
loc_00183,665.1957430785669
loc_00178,570.0956337732872
loc_00328,419.6461299337882
loc_00192,108.72087589971058
loc_00171,90.36012274391122
loc_00198,655.7312298088992
loc_00200,278.28492649707204
loc_00168,250.21374483093555
loc_00191,735.1429117948326
loc_00164,36.78784371536263
loc_00165,429.5209730641154
loc_00196,6.813488789229143
loc_00185,6.813488789229143
loc_00184,58.96608150055765
loc_00201,2260.9619274569227
loc_00194,212.44035007044457
loc_00189,12.815809398582399
loc_00188,11.844454325355363
loc_00197,1335.3196442370865
loc_00195,1329.5813875059318
loc_00187,68.72072437085366
loc_00169,1616.628887327797
loc_00170,386.10724355021387
loc_00186,593.5352667726228
loc_00199,3004.189142840969
loc_00543,434.4119979076927
loc_00544,1154.8639094727157
loc_00545,93.70983857313075
loc_00546,1496.0670299763578
loc_00552,244.40985830951323
loc_00553,191.67431738180096
loc_00555,153.5358773409696
loc_00556,9.431742489712438
loc_00561,170.17208416500569
loc_00562,829.9350052377404
loc_00568,314.8462583710723
loc_00570,129.49563112398553
loc_00571,188.00246672834
loc_00440,214.5919623478859
loc_00441,677.9627887657862
loc_00442,569.5057935189874
