Locality_ID,n_tourism_poi_10km,dist_nearest_tourism_poi_m,dist_nearest_settlement_town_m,nearest_settlement_type
loc_00261,0,,,
loc_00262,0,,,
loc_01188,0,,,
loc_00250,0,12686.528101024878,4477.421896698041,village
loc_00076,0,10552.671376685945,8461.334032939492,hamlet
loc_01288,1,6171.181758110968,1326.6159141444637,village
loc_01289,14,2286.631994796193,397.308324662797,hamlet
loc_01290,14,2708.321974052316,375.1104410008704,hamlet
loc_01291,1,7734.257620527397,2180.1246193333286,village
loc_01292,2,9671.75001846454,4137.685116029895,village
loc_01293,14,2766.593080672546,2927.4227709507886,village
loc_01652,13,8991.349002800278,6451.055036554029,village
loc_01163,3,1166.4398513588724,2141.4373159063266,village
loc_01164,3,1166.4398513588724,2141.4373159063266,village
loc_01175,3,298.70021222742776,1236.64971673816,village
loc_00274,2,5483.714922150494,3010.285692491222,town
loc_00275,0,13305.574112885404,4412.4529801140825,hamlet
loc_00023,21,2478.4318381570506,2025.7058459395216,village
loc_00038,0,10801.895765606503,4679.750213993052,hamlet
loc_00039,1,9882.099990780858,3115.506759756155,village
loc_00055,0,10209.512039653337,6568.231560766752,hamlet
loc_01304,3,3018.4684966971304,1291.7210438222603,hamlet
loc_01309,2,9309.275769412963,1372.2636799926595,village
loc_00718,0,17231.07587609603,7249.313088716708,hamlet
loc_00719,0,32356.00518619425,2455.0169457341385,village
loc_00720,0,38813.84742209095,1124.050320803928,hamlet
loc_00721,0,46618.92055648174,991.234001709552,village
loc_01204,0,25691.38934624595,5749.831762147236,village
loc_01205,0,30973.387654644877,459.107566863241,village
loc_00722,1,9649.463582737795,3410.046437899944,village
loc_00271,2,840.225494600594,982.5314313826746,village
loc_00272,2,868.823352542817,958.04774051127,village
loc_00273,0,11049.129004999682,280.9018645242951,village
loc_00471,122,111.06587144884084,105.97551005946272,hamlet
loc_01203,95,26.68501103721224,4535.58654833428,village
loc_00018,25,2989.626828988639,1450.5541119604643,village
loc_00019,26,1798.9531392127612,1296.8143731069931,village
loc_00028,14,454.72639220201137,391.8564946998664,village
loc_00040,4,5306.1285411783365,1361.5489229501184,village
loc_00042,9,285.41486058841286,913.8269574801682,hamlet
loc_00045,25,3126.9441928116494,2247.881618271614,village
loc_00047,25,4445.733351855399,3418.259879600647,village
loc_00048,25,3546.8633114680465,2028.8326206580325,village
loc_00049,25,3546.8633114680465,2028.8326206580325,village
loc_00050,26,1850.582836614776,483.6369055733644,village
loc_00051,25,3187.3553445081525,2056.792270135892,village
loc_00052,25,3992.295370994827,3552.0639912852976,village
loc_00053,2,4851.550713602049,1128.7287620591658,village
loc_00054,22,2499.6080209010343,2131.1129637347585,village
loc_00161,0,13042.076659080243,720.6899361151521,village
loc_01352,2,4972.455306870812,770.5203089390275,hamlet
loc_00087,1,4195.626606048983,12608.48096728506,village
loc_00088,1,3091.336911548809,6062.382151850172,village
loc_00089,1,3091.336911548809,6062.382151850172,village
loc_00094,1,4195.626606048983,12608.48096728506,village
loc_00096,2,6179.6061435757365,624.1566276597282,village
loc_00097,2,6179.6061435757365,624.1566276597282,village
loc_00103,1,4487.009121604347,4543.495416271639,village
loc_00127,1,5090.533869464726,11908.31686999232,village
loc_00133,1,2229.7705800319086,9779.73280869723,village
loc_00135,1,2976.727641221129,4724.652055903398,village
loc_00136,1,8064.044308592883,6884.41727296602,town
loc_01530,0,20474.508679120667,9465.53981961835,village
loc_00460,1,7278.860613904864,1593.2291367179455,village
loc_00461,1,7724.697807992789,565.7186624127095,village
loc_00462,1,8335.008040098683,3874.5347738542782,village
loc_00463,1,6233.191343029206,529.0779117156798,hamlet
loc_00464,1,8962.973250708405,1922.2070707035589,village
loc_00060,28,5456.678807787422,1764.2365937935826,village
loc_00061,28,4695.187987707499,2680.281032418155,village
loc_00066,0,36786.92097370522,1268.640281726183,village
loc_01360,0,14414.510104156883,6146.906596683729,village
loc_01361,0,15280.158443763728,1684.761335726744,village
loc_01362,0,16135.990038753158,4773.167277306365,village
loc_01363,15,3674.035601886192,3712.483891901401,village
loc_01364,13,7573.295941777346,958.9994820338726,village
loc_01365,14,3394.6663675108016,3760.945326520368,village
loc_01366,14,3077.5726226345128,3068.034302802364,village
loc_01368,15,794.5487343360242,1035.9935514609544,village
loc_01654,9,2986.67040382486,5929.451822665562,village
loc_00509,2,5309.831522710976,10926.02375448646,village
loc_00594,2,2964.278716983654,1624.2129691768416,village
loc_00623,0,11386.083842609796,439.9547867665631,village
loc_00624,2,2760.764915737628,1422.2008835299569,village
loc_00625,2,3107.618473165277,1740.044726989419,village
loc_00653,2,2030.938244811093,764.0516578382114,village
loc_00256,0,16847.939252590397,20821.1418237255,village
loc_00257,0,16847.939252590397,20821.1418237255,village
loc_00258,0,16847.939252590397,20821.1418237255,village
loc_00259,0,16847.939252590397,20821.1418237255,village
loc_01186,5,781.2218093625737,10318.77378330452,village
loc_00082,1,8825.546296418288,4616.576771717913,hamlet
loc_00083,0,11473.38487559152,6098.795685351623,hamlet
loc_00084,6,2190.936330382755,6133.6134460188005,hamlet
loc_00085,2,6896.343909956524,9332.307992095926,village
loc_00820,3,2099.0497221493497,3430.5033573508167,village
loc_00824,2,9384.461366929552,6274.177727779086,village
loc_00826,0,12770.132929483329,2092.298253246,village
loc_00832,0,14034.909108592432,7173.367964973396,hamlet
loc_00833,0,11205.9609387263,4922.500648325664,village
loc_00835,3,3360.518427856989,7267.130242572913,village
loc_00836,4,5699.695138049951,6001.907457346469,hamlet
loc_00842,0,14830.057294533648,6352.855832077918,village
loc_00844,2,8429.952675077513,2689.8020115766,hamlet
loc_00845,6,3102.4228950212096,7268.275998458724,hamlet
loc_00849,0,14115.495266397143,3969.119854512773,village
loc_00853,0,14494.291728529975,6800.159488585424,village
loc_00861,3,987.1469438018488,5999.211702115473,village
loc_00863,1,8503.543003897834,2195.9813430259965,village
loc_00865,0,13637.983160175843,6168.027531110723,village
loc_00866,0,11519.521445569912,6426.206698233359,hamlet
loc_00871,0,14473.985893885529,1655.6117068442609,village
loc_00872,2,8879.268417242749,3236.271987901941,village
loc_00876,0,10007.591848902388,4256.756223987111,village
loc_00882,0,10902.79834661743,124.67458481649308,village
loc_00938,4,4905.121497397831,2826.734010095487,village
loc_00943,6,3486.815362547285,8360.120455663227,village
loc_00948,6,6281.337808067882,4886.589559904324,hamlet
loc_00949,4,1883.3691392377727,6595.601543511423,village
loc_00951,3,6491.601027588859,824.9930569910343,village
loc_00959,6,1895.478970986352,6457.816115988403,hamlet
loc_00962,0,11713.237359290104,7505.260769541891,hamlet
loc_00972,6,1250.1384959371942,6983.698412484963,hamlet
loc_00982,3,2065.305329404365,5453.784848836056,hamlet
loc_00984,4,4475.25409269881,5572.627627644421,village
loc_01013,4,5973.06851296097,3737.128436062624,village
loc_01014,2,3833.084961684551,7222.174321165652,hamlet
loc_01015,0,10998.485916750564,5493.0511006864535,hamlet
loc_01027,2,6805.960078016282,9352.52989212167,village
loc_01030,1,6823.439901462289,8186.966784644209,village
loc_01033,1,6482.081867934051,7994.982274150127,village
loc_01038,4,6087.9744556870855,3017.912639211185,village
loc_01043,0,10203.515177539148,2564.558199210318,hamlet
loc_01049,4,5110.493468993043,3696.5792830264127,hamlet
loc_01056,2,8286.010670363316,3972.4403944161154,hamlet
loc_01058,4,5966.841788706228,4424.006491411692,hamlet
loc_01061,5,4468.88645821631,2606.390582446053,hamlet
loc_01066,0,11505.388160396244,6111.153524528177,hamlet
loc_01067,1,9345.384304956746,2186.6191837991023,village
loc_01073,2,2512.2672369829606,3856.639351605931,village
loc_01074,4,6619.982170071505,9870.874713134664,hamlet
loc_01076,5,1980.551487733142,1311.1865591706428,hamlet
loc_01077,2,8454.462919767067,840.5701416439084,hamlet
loc_01085,3,3956.7817519321848,8214.972729625895,village
loc_01090,5,1501.9937326075185,1041.7215150565612,hamlet
loc_01091,0,10811.633985959868,6332.500408415954,hamlet
loc_01097,0,10685.968817736855,6122.797772438353,hamlet
loc_01099,3,7794.987152145035,4151.576344125723,hamlet
loc_01101,7,7286.82831060042,3981.182060858317,hamlet
loc_01103,0,11035.056109074028,5518.106990678463,hamlet
loc_01106,2,8914.408010181583,7568.774331348151,hamlet
loc_01108,2,2692.832408945093,3715.865393610127,village
loc_01109,2,2590.285320702838,3696.9497079789567,village
loc_01120,0,10691.262738983864,7899.389633180331,village
loc_01121,2,8286.010670363316,3972.4403944161154,hamlet
loc_01122,0,13721.23788385479,6854.010569557561,village
loc_01123,0,12979.979804971796,5236.995312460064,village
loc_01124,0,14508.20205152928,5943.309612570545,village
loc_01125,0,11748.299065148163,7178.671650916564,hamlet
loc_01126,4,63.29525733994775,6122.758985744415,hamlet
loc_01127,1,8770.737774754969,6288.299555942187,village
loc_01130,3,2886.7088975546803,4744.829759173228,hamlet
loc_01131,3,3168.0849714626534,5147.630696008788,hamlet
loc_01132,3,2892.73492513012,3582.454381073,hamlet
loc_01133,3,2954.0249466669425,5939.558726084358,hamlet
loc_01134,4,6673.053376433998,6917.238478680616,hamlet
loc_01136,1,6104.781925923909,7947.269973577378,village
loc_01146,3,3663.825239029181,8070.9771443575955,village
loc_01339,0,11418.132688774878,5987.914963833126,hamlet
loc_01415,3,2140.2756308534717,6190.655089858416,village
loc_01416,3,2728.7913223673527,3342.6911749845435,hamlet
loc_01417,0,10871.7512799697,4170.281558078808,hamlet
loc_01418,0,10698.378978086052,3045.477898770032,hamlet
loc_01419,2,7131.762508536491,7735.281560465584,hamlet
loc_01420,0,12620.36159869127,4531.479568933703,village
loc_01421,0,10817.55899779773,5486.49095999347,hamlet
loc_01422,0,10838.566221473262,4714.131181611327,village
loc_01423,2,2322.6981378628057,537.5966651187681,village
loc_01424,3,892.0830404917766,5939.212837044766,village
loc_01425,2,5222.660282281544,1372.5498783727362,village
loc_01426,0,13383.781476163877,6790.369524980624,hamlet
loc_01427,6,740.6074431706207,7624.883295186397,hamlet
loc_01428,3,8478.15154792015,1233.8957840156754,village
loc_01429,4,2185.072025162596,6834.368304758413,village
loc_01430,5,6792.996049310136,3990.564343309667,hamlet
loc_01431,4,4108.731584572111,3853.9104074072234,hamlet
loc_01432,5,2169.7172459394287,6370.157014017077,hamlet
loc_01433,6,2657.6166762823154,2580.9130491896053,hamlet
loc_01434,4,4528.078070641289,5226.417840481462,hamlet
loc_01697,1,6997.4413579590455,2910.3364995124084,village
loc_01656,0,29610.1223433996,10520.221422450675,village
loc_01351,8,4531.811110164183,1019.4028078928834,village
loc_00077,2,2955.871812735151,2720.54898247195,village
loc_00409,7,436.0220455832633,1193.0102101022924,village
loc_00410,7,275.8965414667707,1270.1944789136628,village
loc_00411,2,2417.897016652683,3304.6543509505423,village
loc_00412,7,1337.2520971799188,2204.0948680122897,village
loc_00413,7,2006.038704306639,297.8377427979665,village
loc_00414,7,2083.636052779191,398.5853253993589,village
loc_00415,6,2517.1665421751395,838.4015997312473,village
loc_00416,6,2951.1595538340925,1296.8329282694324,village
loc_00417,6,3450.041733672304,1849.166943554787,village
loc_00418,2,3013.339369152813,2660.5622990253128,village
loc_00419,2,2911.8252850131244,2745.046718550325,village
loc_00420,2,3904.756703421884,4571.971998735616,village
loc_00421,2,1138.3258100077555,4447.936560137505,village
loc_00422,2,2158.151416282764,3427.702571804586,village
loc_00424,7,1421.8824424585298,796.6707283014226,village
loc_01194,0,14766.906289301143,6185.110690234146,village
loc_00021,93,277.3381004142649,401.1175274781053,village
loc_00022,79,42.5727841403348,1207.2149348480557,village
loc_00030,1,4178.046990657562,6102.920462146119,village
loc_00031,3,2838.88900733639,974.4751217324234,village
loc_00032,2,675.1634174477681,358.2287152667541,village
loc_00033,4,5424.153262677688,4920.426202668227,village
loc_00036,103,274.55651651019144,1013.9472223681596,village
loc_00037,67,117.49246578900885,2099.593025962195,village
loc_00756,3,7394.323052703818,6038.202048090449,village
loc_00757,3,7170.912371747039,5873.013617170526,village
loc_00758,3,7201.612046125284,5803.996484104627,village
loc_00759,3,7101.368418005555,5926.357090537475,village
loc_00760,3,6173.985969429808,4321.834322538896,village
loc_00761,3,5959.3100822952565,4179.76038138506,village
loc_00762,3,6114.731724041568,4391.653945620339,village
loc_00763,3,5443.836337013041,3798.072670922681,village
loc_00764,3,5963.054739354307,4304.645254221341,village
loc_00765,1,4962.957371581806,6910.572497408504,village
loc_00766,1,5022.077215002604,6820.86339234436,village
loc_00767,1,5086.72618334265,6307.200732550826,village
loc_00768,1,4783.57656613381,5601.709798310074,village
loc_00769,1,4608.042824106111,4790.027898611266,village
loc_00770,1,5246.145873036015,4138.198968295957,village
loc_00771,1,4783.392603590561,4365.495011503275,village
loc_00773,78,510.8947961183955,1437.6555131241987,village
loc_00774,79,22.638038244648943,1087.5196694323636,village
loc_01494,14,7692.386900614589,7949.708198184354,village
loc_01495,3,4151.175462904678,2911.061986609796,hamlet
loc_01310,12,2650.250686829805,2121.2347537563173,town
loc_01314,0,11233.34992752053,4388.505671909758,village
loc_01318,0,11045.816503689988,4626.011507893364,village
loc_00629,21,3867.561558644744,2175.3304486919465,hamlet
loc_00634,8,3111.122161186044,2798.9013492678123,hamlet
loc_01640,0,13054.860128517,4862.28321215804,village
loc_00164,264,1195.7909066963791,398.070110591453,hamlet
loc_00165,266,1044.7920496063366,937.169211867841,hamlet
loc_00521,250,92.36658366887538,396.9715854063339,town
loc_00522,250,35.0831441561579,491.5113558779632,town
loc_00531,263,1905.6747507801497,2291.072408114903,village
loc_00580,266,257.8530862177656,1658.2098502062306,village
loc_00584,262,1043.1737027639813,1080.229616482314,hamlet
loc_00588,263,1038.5963379273346,1125.9290518369276,hamlet
loc_00647,261,300.3876298651053,1552.494613144457,town
loc_00650,262,1047.6694300038291,1087.16568089134,hamlet
loc_00651,1,2776.263811120062,1477.2811460092205,hamlet
loc_00667,27,3473.588871881601,939.5034173064862,hamlet
loc_00668,22,3401.895858740984,726.2069382802615,hamlet
loc_00669,16,3577.636726298393,691.0226525515496,hamlet
loc_00670,2,3591.6803778830185,1308.7193564112144,hamlet
loc_00678,2,9622.649373060083,2423.8275057209835,hamlet
loc_00702,2,4685.5761256701135,911.0045163979838,hamlet
loc_00057,0,35530.93285043164,2227.876324738113,village
loc_00396,0,38024.24649782621,4645.180427755084,village
loc_00397,0,38078.859813551855,4692.986674801354,village
loc_00398,0,39454.13154628188,6098.6149191194,village
loc_00399,0,40360.82300418252,7062.760682837281,village
loc_00400,0,41052.95840770035,7372.205952513478,hamlet
loc_00401,0,42613.34108360128,5895.422788038809,hamlet
loc_00473,0,40549.06789458735,7291.483443366505,village
loc_00518,0,30725.57809424528,9257.626382260312,village
loc_01093,5,7344.864267735718,3230.9673684192007,hamlet
loc_00754,19,659.2809076976745,1576.484647344014,village
loc_01330,31,1125.0224898716488,3652.4501933908864,village
loc_01332,30,2440.8019238188945,4220.991507450219,village
loc_01335,8,4195.900457104243,5500.296022594251,village
loc_00071,8,4601.991733978131,3433.775481041929,village
loc_00929,1,9688.964913093756,3570.99652679406,village
loc_00957,9,166.52373893829147,130.3857454133279,town
loc_00958,4,9229.705190366343,5455.695550065058,hamlet
loc_01017,0,13504.81611361398,5315.471898986152,village
loc_01138,9,825.8027900963161,900.1920376291471,town
loc_01596,0,11923.70057814763,10588.814988515804,village
loc_01615,0,11707.13171281682,9479.579388235648,village
loc_01626,8,1248.8171073923622,1020.4459087449886,village
loc_01628,0,13795.654427669522,5174.436370012744,village
loc_01629,0,14205.194980465163,4149.722353748701,town
loc_01630,6,8742.070185203878,5878.1737724051945,hamlet
loc_01631,8,5123.939985819352,2406.324613566148,hamlet
loc_00091,1,5720.445860698765,429.02356081928775,village
loc_00093,1,5519.77411680321,1746.621359896469,village
loc_00107,3,1959.2385555050207,1368.929915134981,village
loc_00138,1,5037.932657371463,1358.2500055725573,village
loc_01534,1,6354.033425762424,799.1869947430666,village
loc_00220,0,23666.88548830897,11018.419112035766,village
loc_00221,0,29266.801039235288,3882.306515122108,village
loc_00223,0,30796.35828534229,3171.3433892514718,village
loc_01311,4,1180.609767450742,8192.219036583378,town
loc_01319,112,2612.3088865841733,6188.6183960811295,village
loc_01538,431,2527.7916759904965,6908.025124447601,village
loc_01539,24,4588.958791849825,6337.645442327979,village
loc_01540,438,2435.189131932568,6681.275582369684,village
loc_01541,444,2356.4024864743023,6533.436698715,village
loc_01542,452,2224.913786136517,6469.793342501883,village
loc_01543,0,11261.736947115893,4496.916860110767,village
loc_01545,333,4057.30938048698,7247.19803807492,village
loc_01546,443,2364.2151916262037,6562.6523548235255,village
loc_01547,436,2499.21624594812,6878.281134842042,village
loc_01548,432,2527.5635966096493,6914.198803074943,village
loc_01549,440,2496.5878953169467,6922.44601859283,village
loc_00026,21,4021.874612746976,5054.349387290523,village
loc_00027,5,1588.038064751583,3460.251543302061,village
loc_00752,3,8717.287555994597,12138.551516755007,village
loc_00753,4,4222.824966648144,5336.544949100486,village
loc_01715,4,5772.240641127831,7792.394423503001,village
loc_01716,0,15284.954068530276,16477.05660095088,village
loc_00511,0,19092.277096432597,18993.313823474007,hamlet
loc_00240,12,985.6867627579448,1422.900126575675,village
loc_00241,11,914.9699558776226,944.2012367585204,village
loc_00243,13,634.0311110038732,2302.734173482272,village
loc_00244,11,4143.891250110615,4278.590978012461,village
loc_00286,12,985.6867627579448,1422.900126575675,village
loc_00287,12,985.6867627579448,1422.900126575675,village
loc_00288,11,914.9699558776226,944.2012367585204,village
loc_00289,11,914.9699558776226,944.2012367585204,village
loc_00290,11,914.9699558776226,944.2012367585204,village
loc_00291,11,303.12480062671665,354.5310547827909,village
loc_00292,11,914.9699558776226,944.2012367585204,village
loc_00293,11,106.27485601461127,126.6611236482228,village
loc_00294,11,106.27485601461127,126.6611236482228,village
loc_00295,11,106.27485601461127,126.6611236482228,village
loc_00296,11,905.8042633893186,3050.44204882174,village
loc_00304,11,4143.891250110615,4278.590978012461,village
loc_00305,11,4143.891250110615,4278.590978012461,village
loc_00306,11,4143.891250110615,4278.590978012461,village
loc_00307,11,4143.891250110615,4278.590978012461,village
loc_00308,13,634.0311110038732,2302.734173482272,village
loc_00309,13,634.0311110038732,2302.734173482272,village
loc_00310,11,1035.4208548283832,3222.3989040342717,village
loc_00311,11,2537.0298460150307,3873.668725498248,village
loc_00312,11,2537.0298460150307,3873.668725498248,village
loc_00313,11,2537.0298460150307,3873.668725498248,village
loc_00386,11,91.60848332568472,1169.4234986496317,village
loc_00387,32,13.27715166122042,507.973032160842,village
loc_00391,5,805.433504755308,2290.021576445659,village
loc_00392,5,1359.2060043893575,2159.376142527289,village
loc_00393,12,2907.7899630474176,3291.1929818310327,village
loc_00395,32,400.039097898638,636.5582369085731,village
loc_00443,32,2025.2817819018733,2527.542986958257,village
loc_00444,32,36.14991339967985,809.5899096538079,village
loc_00447,32,1363.0686395558046,855.6195544301852,village
loc_00448,32,794.7578250266968,157.7237324710449,village
loc_00449,31,1690.230638825125,2246.451839393329,village
loc_00488,11,2035.251065823545,2522.195122595426,village
loc_00492,4,452.1627711898532,2694.3650543917165,village
loc_00499,5,735.7333611987801,3537.2963165737115,village
loc_00503,4,3727.2706229874993,3330.922494798781,village
loc_00738,5,542.2859008436152,3687.4659561302783,village
loc_01438,11,2499.294476359725,2954.0792340621247,village
loc_01465,8,1868.224481195993,3435.878260448648,hamlet
loc_01466,4,2012.3337464988765,2240.17484856792,hamlet
loc_01467,4,4522.066462056889,5623.880512325145,village
loc_01468,0,13072.311664354434,1486.5630504304002,village
loc_01469,3,3634.529601984269,3660.074388689929,village
loc_01470,2,8180.94078380424,944.033797306363,village
loc_01471,31,1497.0538202118305,5882.847799043919,village
loc_01472,32,110.6946828865504,1331.8732160344337,village
loc_01473,32,1199.236481671369,623.6834217550759,village
loc_01474,32,1499.8223656229968,1781.086562785562,village
loc_01479,24,8158.578003767791,1236.907317494179,village
loc_01488,7,898.2070724900344,4011.953260420616,village
loc_01489,9,2227.62837853531,3468.4281169983524,village
loc_01550,5,747.4627776689927,1703.0705734288897,village
loc_01551,4,3086.198926641345,5107.865876407888,village
loc_01552,2,496.1724212859106,7925.8098755339715,town
loc_01553,3,1260.68612109433,7416.242068998978,town
loc_01554,2,4800.349991781257,3334.9749277549654,town
loc_01555,30,824.1473282657914,4696.971454644584,town
loc_01556,31,1222.1863794108217,6180.240563774245,village
loc_01557,30,1584.9740741860169,5714.136721115504,village
loc_01558,27,2717.2001267015,4777.09104699157,village
loc_01559,30,3188.88041457827,2428.1502376642616,town
loc_01560,9,6543.110564250827,2072.3680523531298,village
loc_01561,9,7000.726660307611,2796.0894761370414,village
loc_01562,2,7921.128720906331,825.1216343725727,village
loc_01563,5,9059.525360474096,519.0560858477006,village
loc_01564,3,6769.27561559819,1356.54914379991,town
loc_01565,3,7716.808950872091,2207.513954912789,town
loc_01566,2,8115.60515992871,2609.631360468097,town
loc_01567,0,11831.80679409939,297.88791593749875,village
loc_00755,36,1961.6552363967796,2385.163015978532,village
loc_01369,55,2552.414594663714,2699.560371418647,village
loc_01705,0,21011.381970580773,28124.48183265145,town
loc_01707,9,667.8730587127687,7791.027417202582,village
loc_01709,10,268.9654766599959,535.1069879876003,village
loc_01714,8,7955.595343707556,8101.9818485592705,village
loc_00108,0,32403.74536314011,3604.655006903284,village
loc_00004,0,38870.56353062769,305.4213626366539,village
loc_00778,0,36833.25176722404,9595.929968063936,village
loc_01536,0,10188.7164855399,5892.673979773582,village
loc_01657,0,16686.16302157112,10146.346646420345,village
loc_00378,17,18.29685804438845,221.2321400662264,village
loc_00379,16,185.21357496596,228.7328573589049,village
loc_00726,17,671.1506782346949,832.1585745530612,village
loc_00727,6,3859.205497767171,337.7227410123026,village
loc_01378,17,175.47190619557048,531.6204375039923,village
loc_01380,1,5704.679127298096,1001.2288756960926,hamlet
loc_01381,6,3922.420257135109,1348.3704719643763,village
loc_01382,2,5588.515481021776,1919.7484246372003,hamlet
loc_01383,2,8838.376647084187,1128.13980561911,hamlet
loc_01384,17,155.6452266818307,274.0230207571292,village
loc_00078,9,1418.2109915093556,8597.028518486815,village
loc_00079,10,1022.83925980638,8336.222434485397,village
loc_00080,9,3732.760132802297,3740.344750892284,village
loc_00822,4,6515.367317997807,4908.436262054282,village
loc_00827,11,1071.7588512457655,4914.555272739202,village
loc_00830,0,11326.296300249876,2762.9455542907917,village
loc_00946,9,2983.477560720176,7904.221443320892,hamlet
loc_00947,3,4960.017450586773,3976.8099369594775,hamlet
loc_00952,9,4336.411215679185,3211.076216933135,hamlet
loc_00989,14,761.7809485020274,5792.971394698822,village
loc_01011,14,761.7809485020274,5792.971394698822,village
loc_01012,7,2702.735852891087,5315.787402746756,village
loc_01016,5,3916.874948426429,6139.581814042384,village
loc_01040,7,5009.878285183717,4128.744148022431,hamlet
loc_01041,9,3494.149016479272,7407.771690645769,hamlet
loc_01044,9,4121.640316020589,4128.308082768381,hamlet
loc_01045,9,4692.634211917385,3070.747885466307,hamlet
loc_01047,11,1395.8891871213284,1390.2020479525618,village
loc_01048,6,1621.5230284997183,6581.176511267559,village
loc_01051,11,1094.7261819184637,1087.3287265071317,village
loc_01055,11,2352.761816789224,2343.8099303611502,village
loc_01057,9,1602.5530628983506,1946.127009570085,village
loc_01059,7,1627.5321376890822,5315.002579771649,hamlet
loc_01063,9,3756.235161676069,6809.205783970305,hamlet
loc_01065,9,8.021422540289274,5869.438146759559,village
loc_01068,4,9153.932931663692,3500.924481135684,hamlet
loc_01069,4,8995.722465830999,3429.26318784945,hamlet
loc_01070,4,8468.342240575952,2756.3655455328194,hamlet
loc_01072,7,4278.228978867214,5153.427518216265,hamlet
loc_01083,7,3285.736104653807,5344.805212499463,hamlet
loc_01084,7,4077.192120509933,5877.409701294842,hamlet
loc_01086,11,2957.479922332538,2951.0078443652164,village
loc_01087,12,2679.405963959371,3353.7030126671407,village
loc_01088,12,3204.4427092922697,3185.993236184793,village
loc_01089,12,2910.9318168359887,3742.652586305921,village
loc_01092,9,1105.6341671410148,1484.547732184934,village
loc_01095,7,3616.4081592805273,5011.484210026337,hamlet
loc_01096,11,2560.239276543965,2480.4176078230744,village
loc_01098,11,1218.18486351748,8839.55931158945,village
loc_01100,9,2165.730132484941,7552.165973082619,village
loc_01102,12,2679.405963959371,3353.7030126671407,village
loc_01104,14,910.3776730498364,5609.459840117046,village
loc_01105,5,8007.946199831137,2717.644849583849,hamlet
loc_01107,7,4170.62389500257,4165.705315711265,hamlet
loc_01110,9,2983.0771368200853,7058.486858472675,village
loc_01111,2,9893.11848366699,5094.379020228261,hamlet
loc_01113,9,4701.926526848387,2835.7691080204745,hamlet
loc_01114,9,2722.640430991599,2640.6259291661304,village
loc_01115,10,1679.0194337521602,1598.2035728673316,village
loc_01118,7,6735.402539313384,6297.697145791253,hamlet
loc_01119,9,2916.4494977921054,8004.1148966900255,hamlet
loc_01129,15,504.2602575480348,7020.428119479431,village
loc_01139,9,2829.712645768181,2843.4936852677406,village
loc_01140,9,3013.07876639656,3144.802066302412,village
loc_01143,5,3340.7768570045846,7009.019097088225,hamlet
loc_01144,9,4375.142060336515,4200.935434233006,hamlet
loc_01145,12,1349.59496297573,8982.644268774231,village
loc_01337,0,13326.124418460622,1345.4802150108967,village
loc_01338,14,385.5716204183925,1616.654818875867,city
loc_01340,9,90.5624877108762,5865.798794709331,village
loc_01341,11,2032.5027403090016,1844.0547035329032,village
loc_01669,15,1379.0081452961806,5458.621005299108,village
loc_01670,15,626.3950957971665,6068.126372117372,village
loc_01671,8,628.1725872126622,8050.248704511434,village
loc_01672,8,978.6276129528889,8579.81428086188,village
loc_01673,10,1888.616988640656,8827.947949355887,village
loc_01674,9,483.4433254910868,6313.298773791022,village
loc_01675,9,247.8696301078742,5594.310500519216,village
loc_01676,10,762.9131530139719,5125.461853987558,village
loc_01677,12,2592.3093472559035,3367.765953459234,village
loc_01678,11,2793.470753254176,2746.6506067798337,village
loc_01679,11,1623.584310690401,1401.8894481461443,village
loc_01680,10,564.9476564438824,322.1327365649278,village
loc_01681,10,358.323413651994,98.00108395746462,village
loc_01682,7,4805.502712125887,6493.535046825531,hamlet
loc_01683,9,2689.514838006354,4543.779309276016,village
loc_01684,7,1828.3959015601088,6393.233137384423,village
loc_01685,9,2311.115630252737,2752.56527594345,village
loc_01686,7,4967.751409792206,6550.98023056384,village
loc_01687,8,6010.568904518464,5012.077044837481,village
loc_01688,9,4677.0195635994805,6327.200161981993,village
loc_01689,10,5713.018960329484,6560.087505266115,village
loc_01690,9,549.136281275356,6335.945379353627,village
loc_01691,0,14356.543433204512,777.8969071812915,village
loc_01692,0,12240.768110088013,1992.5192419270816,village
loc_01693,1,9262.513741506724,1070.9651527545327,village
loc_01694,11,5147.668514135643,5195.602855989642,village
loc_01695,1,9427.281086110304,1003.7679751711372,village
loc_01696,0,10317.864075972891,3509.8945781999123,village
loc_01370,5,3405.965337341229,1267.8349302558256,village
loc_01371,8,2151.3418015618263,1585.8444674178322,village
loc_01372,8,768.4197558419487,73.97539968666888,village
loc_01373,8,1549.4239500056842,1263.9421583092628,village
loc_01374,9,3565.92508806385,1425.4150856376782,village
loc_01375,4,2123.367716248689,989.7444655798618,village
loc_01376,8,1802.6758275917016,1442.6090501505994,village
loc_01377,8,2663.0110679691293,777.7757711612688,hamlet
loc_01385,4,1669.24319412945,1947.8786641873703,village
loc_01386,5,1112.6419504936011,2142.853343684099,village
loc_01387,5,1374.1454341282838,1557.4953984052256,hamlet
loc_01388,6,2224.453671378996,426.9674500665628,hamlet
loc_01389,4,4742.624023864792,1852.9824290934312,village
loc_01390,8,2525.467774725895,129.552559755009,village
loc_01476,0,14481.586091895686,6469.451096461684,village
loc_01477,0,12699.313626398744,6347.6486790622885,village
loc_01478,0,12091.199405650164,4832.70826319621,village
loc_00513,1,8084.525898232883,12136.640344857831,town
loc_00064,4,652.0580797399912,2842.24411640575,town
loc_00402,4,1163.996600016308,1123.4567707010865,town
loc_00268,122,3.3185050415685198,1116.901252403013,city
loc_00403,104,2467.8055694400846,564.1376372084076,town
loc_01200,103,3716.4838319156847,945.750690060577,village
loc_01201,103,3316.2570619734047,941.538102792293,village
loc_01202,104,3206.2938767469277,948.4451451586956,village
loc_00150,8,5637.619442130837,6865.962360939127,village
loc_00152,3,3529.9517074513105,3571.5334507765738,hamlet
loc_00153,6,6708.656588788822,8091.6233327326845,village
loc_00430,8,5556.726588592391,6381.383936369778,village
loc_00431,8,7251.938125266591,7831.024788075618,village
loc_00432,8,6737.002780936863,8052.590796145532,village
loc_00725,7,1363.397015350884,218.51671173903352,hamlet
loc_00003,0,15703.2058195986,3281.934054929723,village
loc_00776,6,6690.691604019081,15019.868402960288,village
loc_00777,0,17212.001842540172,5929.25633845674,village
loc_01493,6,1289.2304952096176,3820.495630813027,village
loc_01503,0,11397.510750311456,1638.323073001186,village
loc_01505,1,9050.419148690527,2815.286326373918,hamlet
loc_01511,4,8262.43391676106,13716.31009124865,village
loc_01513,31,3639.588280873387,3997.0521667804246,village
loc_00269,0,11255.451824059362,6863.714242768826,village
loc_00282,4,601.209165303002,540.9201209326127,town
loc_01480,0,11317.160053885344,486.4939960732327,hamlet
loc_01481,0,15575.272615515576,3027.3175804672705,hamlet
loc_01482,0,17525.587384796338,3710.2379517050153,hamlet
loc_00630,34,593.1510287650673,948.7630553328326,village
loc_00631,35,114.76854846157072,1150.183627425655,village
loc_00632,34,166.48873356765074,1454.4338799358834,village
loc_00633,36,171.59188260793528,1517.829736334267,hamlet
loc_00635,36,99.51194635151334,381.2971933359099,city
loc_00636,36,108.66813809281918,551.5490153071436,hamlet
loc_00637,36,38.71368773159206,333.2349715254882,hamlet
loc_00638,36,570.5389651756116,934.3374663079852,hamlet
loc_00639,37,464.5302802574696,813.9864537343016,hamlet
loc_00640,30,2532.147086889762,3127.993570167007,village
loc_00679,36,216.8991331761158,542.1451211051724,hamlet
loc_00123,2,2420.0945021839266,516.1499152581423,village
loc_01500,1,4294.463601618638,2685.7613504940987,hamlet
loc_01665,0,23007.86065829882,45032.85193521853,village
loc_00512,1,9388.984635214663,12728.111826615712,village
loc_00249,2,2135.5244737871567,2578.152463630513,town
loc_00281,2,2135.5244737871567,2578.152463630513,town
loc_00283,0,10594.78931793451,904.9976162058858,village
loc_00498,2,1123.062026919483,1608.8754023225652,town
loc_00500,1,2501.9884485712746,2664.552183152397,village
loc_00501,0,10565.862157164478,902.410396834607,village
loc_00504,1,3387.3050011084483,2225.5207180299267,village
loc_01461,3,6752.440234096534,3207.507760266943,hamlet
loc_01462,0,11904.237929213852,2568.525433430297,village
loc_00160,6,321.85617697651617,205.7377435138561,village
loc_01353,2,3780.5289766054298,1694.813615620816,village
loc_01354,0,16317.325710261288,11361.672842216987,village
loc_01359,10,8594.254239821603,4703.357757973798,hamlet
loc_00263,2,819.3296211533658,1911.520438380077,town
loc_00264,2,819.3296211533658,1911.520438380077,town
loc_01190,2,5771.554038937607,6882.1557950219885,town
loc_01191,2,6098.92838195562,5824.21481094374,town
loc_01192,0,18169.73124311984,17147.19035725974,town
loc_01328,31,3616.605341126178,5423.662198459205,village
loc_01329,31,2023.5712326863445,4389.734573971064,village
loc_01331,44,2314.0305738389275,5651.393186780519,village
loc_01333,27,4847.146253219545,5618.37672413522,town
loc_01334,23,6588.882777536239,6625.289070077404,town
loc_01704,0,14446.508455363391,28825.63587399483,village
loc_00132,3,2992.427528555504,20155.083375592472,hamlet
loc_01667,0,,,
loc_01664,0,,14408.360311955015,village
loc_00694,34,1564.3420472364105,1691.152696242416,hamlet
loc_00703,36,4012.5917333100665,1295.371102907173,hamlet
loc_01217,6,1029.9459798035095,2533.6437144748425,hamlet
loc_00535,0,12083.237232135798,1200.862266586311,village
loc_00537,0,11866.362087882691,1237.4645069277117,village
loc_00713,8,1787.9861726985855,1973.407332371934,village
loc_00714,8,546.6942616015892,393.18747466607255,village
loc_00715,17,617.4220035255051,1462.5109495509876,village
loc_00716,44,133.46490173698774,2863.867644165141,village
loc_01322,188,22.636104437203336,5488.954849581706,village
loc_01323,125,1146.5848073773593,2369.473680842444,village
loc_01324,16,19.64818891726295,309.6066184364396,village
loc_01325,16,59.91665701309278,287.62818661283893,village
loc_01326,16,281.46862640972023,562.7737346516692,village
loc_01327,114,233.90031728592348,1606.134856246962,village
loc_01342,190,158.63800759381397,5392.205734666056,village
loc_00508,0,42643.90719157691,,
loc_00099,10,1721.8021821797086,1490.7438229376346,village
loc_00111,9,2706.9690531095403,2063.5217220485342,village
loc_00121,1,5622.222925388259,3611.4921897156073,village
loc_00122,0,18043.211376392348,362.16284711930416,village
loc_00134,10,1130.7828791899683,1205.8126664209171,village
loc_01514,9,3755.527135673487,2277.136197002564,village
loc_01658,9,7019.5991732287775,5493.679811743644,village
loc_00056,0,11813.03324804176,2711.5370763814494,hamlet
loc_00376,17,201.36928820511983,111.09365294987136,village
loc_00377,19,20.64433470401932,458.3617482062569,village
loc_00380,7,3024.887065968016,4769.792765428818,village
loc_00381,7,3059.8788017871275,4680.857472351357,village
loc_00382,7,2178.622346623257,2405.345957802313,village
loc_00383,7,2647.456997707174,2796.560363480025,hamlet
loc_00384,6,3832.0932271300862,4457.823933045801,village
loc_00385,18,37.51926362188018,199.85220740849775,hamlet
loc_00388,14,1308.6139823218616,1672.267671437845,hamlet
loc_00389,20,2031.0093623949692,2377.4911625609966,hamlet
loc_00704,8,3704.065383866649,3779.096074549384,village
loc_00705,20,2796.330658729212,456.1633077101849,village
loc_00706,25,700.426041458592,1068.8119811621757,hamlet
loc_00731,16,3000.274294233915,1944.5583414064215,village
loc_00732,7,3049.9494616608404,3230.786539460631,village
loc_00733,12,8428.049421679556,2726.3349761777417,village
loc_00734,18,1216.3916323888025,399.0787675900662,hamlet
loc_00735,14,1273.341229076236,2537.708068897543,hamlet
loc_00736,14,1001.3004316898472,1768.5770406465087,village
loc_00074,2,4970.837113495495,4994.315636378139,town
loc_00075,2,5020.815488817245,5044.133878234924,town
loc_00780,0,10159.615431631975,1379.3388145050096,village
loc_00781,0,10524.814705396486,7593.998608420362,hamlet
loc_00782,6,5093.712298672982,5539.76887819935,village
loc_00783,6,3313.9150845100785,4282.896675140802,hamlet
loc_00784,8,3837.799857441208,8451.876674457848,village
loc_00785,0,11762.005308825805,5816.247099633859,hamlet
loc_00786,8,225.61806942738468,10222.093615448612,village
loc_00787,11,936.0003449462012,9626.054203628428,village
loc_00788,6,3779.477911951704,3490.620862843404,village
loc_00789,3,4476.939724659483,2942.391685206488,hamlet
loc_00790,4,40.10046307542995,564.6504025500245,village
loc_00791,12,5558.0136651408175,6193.686969933692,village
loc_00792,0,10854.709694307658,7489.347634103741,hamlet
loc_00793,5,6181.894958589657,4394.733214474772,village
loc_00794,6,3045.7876087015666,2821.0440221761964,hamlet
loc_00795,6,5275.983456060875,5466.385665667903,village
loc_00796,0,12963.4140864097,8238.049975619453,hamlet
loc_00797,3,4476.939724659483,2942.391685206488,hamlet
loc_00798,9,3521.9111906125718,8520.902368811365,village
loc_00799,6,1394.851282468513,7462.661980699606,hamlet
loc_00800,8,3577.864877017,8723.665675925457,village
loc_00801,8,3316.6166790386105,9970.84936379804,village
loc_00802,11,3287.832284455449,8442.250292890623,village
loc_00803,0,10571.352017250743,10465.971670765655,hamlet
loc_00804,6,3301.386660219629,5209.193531820515,hamlet
loc_00805,8,4460.078639267029,4273.287772526069,village
loc_00806,3,478.4660897218619,10171.274154052662,village
loc_00807,8,4978.907703287747,6327.609132623482,village
loc_00808,7,825.8660660751747,4681.465153436365,village
loc_00809,7,1865.8827786202903,4690.736519235897,village
loc_00810,3,9686.515898976995,3478.3279885523634,hamlet
loc_00811,5,2198.33930879727,6049.913544119602,hamlet
loc_00812,5,3386.3684098685508,4522.971634186538,hamlet
loc_00813,5,7618.922072924788,1930.2113737515929,hamlet
loc_00991,0,11325.741809181482,5433.731818774222,hamlet
loc_01019,8,200.36514923815585,5229.639374019795,village
loc_01024,0,10802.382770080065,6140.487710939479,hamlet
loc_01116,0,13413.695604310951,10625.863948936943,hamlet
loc_01135,0,10919.7845422944,11405.833284253054,hamlet
loc_01287,2,6193.564535121485,7371.702572547561,town
loc_01595,0,12404.326346586511,2265.549894776593,hamlet
loc_01597,0,10592.342787803176,12926.836958005852,village
loc_01608,0,10239.88507412134,11990.238413052744,hamlet
loc_01627,8,1748.2773309945,4282.4810134510735,village
loc_00086,0,16084.110503218242,4032.799585284391,village
loc_00821,1,9143.416330695443,2217.7318022320487,village
loc_00829,0,15150.089656022914,6424.018465942388,village
loc_00831,0,16419.06304268636,779.9029109211788,hamlet
loc_00843,0,12338.065579510168,1347.4063165807288,village
loc_00847,0,17025.399422495404,4145.4542920760105,hamlet
loc_00848,0,10069.717559553805,2932.8796439095213,hamlet
loc_00858,0,11963.741123460391,4429.178834029445,village
loc_00867,0,13618.872865863064,515.8608819116117,village
loc_00868,0,16687.105085123287,5868.535673177934,hamlet
loc_00869,0,16637.798554737514,3792.878664465624,village
loc_00874,0,22278.156218971184,3080.852542439168,village
loc_00875,0,15999.66654139293,974.9805734368148,hamlet
loc_00877,0,11616.07732787699,4163.16384160101,village
loc_00879,0,21755.14777392566,2896.959450271032,village
loc_00880,0,17304.703142361814,4329.8798949703305,village
loc_00881,2,2721.802085338272,867.0849313320551,village
loc_00885,0,19305.39071004445,6389.477454915592,village
loc_00942,0,19091.649626852504,1903.5989472116423,village
loc_00945,0,20712.698083411447,4455.26333510291,village
loc_00950,0,20512.66354114288,5692.081994963077,village
loc_00961,0,20164.35785201289,5677.34415072883,village
loc_00963,0,16261.808908780686,3407.602671438736,village
loc_00964,1,5805.126135145441,4914.364286651679,village
loc_00969,0,22224.36811841479,2536.7121332650736,village
loc_00976,0,16763.329858380086,3693.425778981412,village
loc_01046,2,9144.968288862396,3306.9305892075035,village
loc_01078,2,2637.387839733726,3386.7805883858864,village
loc_01094,2,3274.0613378460807,1363.0162297800916,village
loc_01270,0,15438.381335976825,2479.661845149183,hamlet
loc_01271,0,12406.404534130836,4756.16368799962,village
loc_01272,0,12369.894370895954,4734.466269737561,village
loc_01273,0,15039.675755795346,2908.956753024221,hamlet
loc_01274,0,18362.61481634889,1263.9191051755606,hamlet
loc_01275,0,13651.151069167638,1344.5612035533616,town
loc_01276,0,13522.612597191475,701.1329263105707,village
loc_01277,0,14496.982384161682,521.3329465169805,town
loc_01278,0,14113.978332288892,1178.3853645105562,village
loc_01279,0,15571.997111114168,2301.174893411674,village
loc_01280,0,13038.161222368024,848.2650166161778,village
loc_01281,0,12546.623577045504,1097.6679437503867,village
loc_01282,0,16754.61543832781,2823.654349956053,village
loc_01283,0,13388.915123981133,5033.400795429368,hamlet
loc_01284,0,14073.538989000168,4869.042040772844,hamlet
loc_01285,0,15293.767567010971,3943.528942715709,hamlet
loc_01286,0,14592.232881042755,6610.928410227368,village
loc_01594,0,23516.149949203933,2551.437785939097,village
loc_00166,26,524.8123259930278,432.4945545802368,village
loc_00168,24,1601.7797109474488,1428.0551421486414,hamlet
loc_00169,18,3723.078328346896,2051.958998003775,hamlet
loc_00170,19,4814.575844505069,2333.035323455861,hamlet
loc_00171,18,2572.115935994011,2352.6262379728005,hamlet
loc_00173,24,321.3134461546726,642.3607358710013,village
loc_00176,7,4337.20893159846,410.54495152801815,hamlet
loc_00328,26,1133.810242552407,1265.4015783547072,village
loc_00179,26,809.474288354363,196.6040540452209,village
loc_00195,4,5388.599336101271,1694.067469280419,hamlet
loc_00197,4,3250.762230219768,3313.3972351093225,hamlet
loc_00440,21,613.0615975891274,405.5155026162791,hamlet
loc_00441,2,1439.4783447760394,1592.5973376687946,village
loc_00442,4,432.6664301246268,783.8642538918433,hamlet
loc_00520,26,272.10738065018546,36.022215067029485,hamlet
loc_00530,19,483.5551027947621,593.0101045265806,hamlet
loc_00556,17,2175.6173621592466,764.0942514461216,hamlet
loc_00558,20,1912.477512667513,830.0091779762296,hamlet
loc_00572,4,1758.2178410466124,2197.3279832407206,hamlet
loc_00573,22,100.65212469069408,1840.5731548199096,hamlet
loc_00578,4,2787.6086642632104,2605.099716675337,hamlet
loc_00614,7,4657.018069341226,364.12807472254485,hamlet
loc_00615,9,2441.67276816545,132.6562463914524,hamlet
loc_00616,22,145.71570144556733,793.5342398497684,hamlet
loc_00617,22,651.6058091885981,2589.147499136121,hamlet
loc_00619,21,429.2722070108664,615.8587475879885,hamlet
loc_00620,4,905.4078792062228,810.0175405899673,hamlet
loc_00621,1,6546.772298976748,618.9403685977707,hamlet
loc_00622,1,4935.376400061344,1161.2188537554366,hamlet
loc_00654,2,1737.9824761864052,1981.571456261928,village
loc_00662,3,1669.3279622234045,691.5691661302978,hamlet
loc_00674,22,1832.8810597003285,1174.46595941375,hamlet
loc_00675,5,349.76898163094774,637.3555061014521,hamlet
loc_00686,25,1545.0961220193728,2250.4037060422256,village
loc_00688,4,1141.701016107976,273.3821142655138,hamlet
loc_00689,1,7238.065897237058,2624.141282980944,hamlet
loc_00690,24,1469.8292116151947,1444.4262335321164,hamlet
loc_00692,22,85.16689438557772,1851.576607282866,hamlet
loc_00698,4,2309.612201071249,2480.0904248777483,hamlet
loc_01344,1,5703.205921776378,1507.4921941560235,hamlet
loc_01346,21,865.8677669666683,879.9883084710459,hamlet
loc_00423,2,5961.893305433344,180.82152659779504,village
loc_00279,166,3791.6547674453454,555.4597709793594,village
loc_00375,2,5114.807688026462,1381.2793507804874,hamlet
loc_00477,108,2843.5502866333486,1072.8335365621822,village
loc_00478,30,1838.8987852492055,538.5471857396515,village
loc_00479,203,428.3330896474168,628.1567092905758,hamlet
loc_00480,49,379.3456245266371,2034.166274551276,hamlet
loc_00481,77,13.50773293449502,2515.1053522951943,village
loc_00482,48,797.4179119784388,1450.0258395938,hamlet
loc_00483,39,30.435361900812573,1260.0998110221342,hamlet
loc_01206,158,2510.9877512673697,1442.392572568771,village
loc_01207,185,864.8319189571321,1653.611984461858,village
loc_01208,188,221.2741062988608,3128.485359151151,village
loc_01209,187,191.57985745387376,2496.996258651171,city
loc_01210,204,366.9107248499879,893.6627804359161,hamlet
loc_01211,49,617.9793806481579,1814.129788648464,hamlet
loc_01212,49,492.7272764187712,1148.2247473618634,hamlet
loc_01213,46,156.893800125753,738.1872890059694,hamlet
loc_01214,34,2401.531827643749,1819.149399652129,village
loc_01215,46,231.98689846849248,849.6271112080253,hamlet
loc_01216,6,3978.177918690018,946.8815541027324,village
loc_01218,13,1392.4998805656896,1588.583712263612,hamlet
loc_01219,175,73.5641310813934,1468.443196304507,village
loc_01220,188,579.3801589346668,1704.7131075363989,village
loc_01221,187,555.5678779035348,3030.677603225846,city
loc_01222,206,359.8524859982045,1127.2502968025417,hamlet
loc_01223,202,1820.9585397631904,1629.095489876469,hamlet
loc_01224,194,1407.6638278742855,1873.287134601951,village
loc_01225,195,1472.6920038374951,1466.7597528296533,village
loc_01226,13,2007.9976710288415,1253.022220227801,hamlet
loc_01227,13,2007.9976710288415,1253.022220227801,hamlet
loc_01228,209,905.3659944621344,741.2169231065374,hamlet
loc_01229,206,800.6380736413186,1226.6489293715715,hamlet
loc_01230,197,2388.2242425757886,1330.7711847918883,hamlet
loc_01231,48,187.78691654565495,2401.244713838802,hamlet
loc_01232,207,405.3345990282654,360.7470133400005,hamlet
loc_01233,200,148.18191949341676,254.33009079628775,hamlet
loc_01234,189,2031.2043348136435,625.1166593271108,hamlet
loc_01235,136,3216.3740834108544,1843.815684122676,hamlet
loc_01236,6,2578.7082269062857,2068.729640801625,hamlet
loc_01237,207,491.10545250732616,2256.959798686135,hamlet
loc_01238,172,756.7801495563774,736.0815686901494,village
loc_01239,187,569.032401864824,3076.7315909345,city
loc_01240,188,83.82277949101683,3437.225437408414,village
loc_01241,191,32.64408655399417,253.285186983018,hamlet
loc_01242,191,26.30265261430486,169.8362069535915,hamlet
loc_01243,191,141.02569059068577,204.8346777203531,hamlet
loc_01244,192,85.87752425258377,197.19526236993931,hamlet
loc_01245,198,11.052825542472698,141.86911005944137,hamlet
loc_01246,191,9.06139153086251,122.49556834283749,hamlet
loc_01247,191,42.63794594723068,107.089260003901,hamlet
loc_01248,191,35.95614585725441,124.61462412597048,hamlet
loc_01249,191,34.94682549004136,87.48840261807108,hamlet
loc_01250,191,18.96878838595826,142.85151277433027,hamlet
loc_01251,200,112.22327714510608,219.3736683252125,hamlet
loc_01252,191,25.35224002516647,398.9951503753194,hamlet
loc_01253,206,554.607444892886,1231.1305654103232,hamlet
loc_01254,39,16.743097860741685,1244.9876744032103,hamlet
loc_01255,42,336.844960311798,890.3730509093112,hamlet
loc_01256,191,246.0499843746303,385.4631754973926,hamlet
loc_01257,191,11.21320811290076,94.3740112439708,hamlet
loc_01258,201,18.148107194961096,244.5953203126581,hamlet
loc_01259,191,67.43588019804301,175.84805084092795,hamlet
loc_01260,198,25.398020390170867,92.28382855557604,hamlet
loc_01261,202,412.2250595185774,670.4764382578331,hamlet
loc_01262,191,48.53850062176834,160.68625147657062,hamlet
loc_01263,191,36.69115965608215,98.2390963688682,hamlet
loc_01264,191,17.287575553029274,117.35650901815512,hamlet
loc_01265,191,171.7286668369815,391.74870644858936,hamlet
loc_01266,192,16.63036794735623,90.58384827891736,hamlet
loc_01267,201,312.566132631662,706.6796185090429,hamlet
loc_01268,198,102.5753584688277,356.93951729182555,hamlet
loc_01269,191,56.62244275684409,146.65939131692704,hamlet
loc_00456,8,2231.056109860396,6499.201497882579,village
loc_00743,7,2517.612985939408,6483.681271485653,village
loc_00744,8,428.9299492244375,7406.8624629043,village
loc_00745,8,71.61760185137665,10450.245087971196,village
loc_00746,7,5322.424771891352,9646.014662802372,village
loc_00070,0,12524.412253662043,7627.949392357208,village
loc_00717,11,318.6645303925886,2288.8065052937304,village
loc_00825,10,2203.138691072896,2313.8988950014013,town
loc_00851,9,7322.853942358765,3366.9603316408434,village
loc_00870,8,338.82717918573826,1194.3935067181644,town
loc_00883,11,2054.361616698745,1885.049607589331,town
loc_00939,11,1536.19739950119,1436.6022634743451,village
loc_00953,10,2362.9491571947888,2314.1839386595707,town
loc_00954,0,13045.331345701945,8273.29197270589,village
loc_00960,6,6853.473137566523,2458.8942298575844,village
loc_00967,11,114.5139891794125,1863.9807797066865,town
loc_00968,0,12646.082587438832,8210.6293076117,village
loc_00987,11,6.849219311737905,1730.3557657536442,town
loc_00990,8,222.8277992343583,1544.7554324999348,town
loc_00994,11,331.0043051432685,3035.984649974809,village
loc_00997,0,10882.907738716189,9318.231404777209,village
loc_00999,4,5489.219253231558,8437.869751913027,village
loc_01004,0,13084.662039867146,7897.406721253774,village
loc_01005,0,14781.008463466824,2705.9059485562684,village
loc_01023,9,2267.4172271694165,2083.877938389256,village
loc_01035,0,12455.794799493491,5613.922159851116,village
loc_01036,0,17355.22307481231,2543.2147181863097,village
loc_01052,3,9271.443414763922,4859.298859282402,village
loc_01053,0,14551.810337357942,10980.762715044404,village
loc_01054,0,12220.197944832336,9024.885524008392,village
loc_01064,12,339.9100333451322,1088.8799890993196,town
loc_01082,8,1260.6441709535777,3749.625903510704,village
loc_01117,0,18660.859640730592,6963.6579838381895,village
loc_01128,12,856.419688063686,1203.2923634505153,town
loc_00359,0,16590.300838316994,15512.152596709431,village
loc_00360,10,1173.253099917356,1160.0921885803157,village
loc_00362,0,14308.526444765295,6621.272488009052,village
loc_00363,0,14527.83695625304,984.070249590588,hamlet
loc_00903,10,258.79026694714486,348.12092387833314,village
loc_00072,0,13370.857129384953,13232.414948621745,village
loc_00406,21,799.8881010805243,11125.270173463545,village
loc_00407,0,14320.593550104028,6412.791666004991,village
loc_00817,51,1847.954178054656,2002.9997231920397,village
loc_00819,51,1847.954178054656,2002.9997231920397,village
loc_00823,62,2344.6237771874085,959.4862399297016,village
loc_00828,1,8987.139337050257,10085.559127969347,hamlet
loc_00834,0,13318.350955123236,16536.60791023562,town
loc_00838,0,11994.141117796647,14327.224574368314,town
loc_00840,0,14891.244895249312,4731.702434369764,town
loc_00852,0,10071.013032721028,11056.6569015939,hamlet
loc_00854,0,10482.67643129786,13811.04707582063,town
loc_00855,0,10460.483888543224,15054.762762253236,town
loc_00856,0,15432.946878637757,7702.142036953179,town
loc_00857,1,8592.800096957792,12875.305074183683,hamlet
loc_00859,0,13633.863308488397,8743.72852767064,town
loc_00862,62,467.66546937692254,3948.9275503163217,village
loc_00864,2,5506.3633389456045,12506.847136775605,village
loc_00886,3,556.2271821834167,557.9254339645764,village
loc_00897,0,16146.251166993845,8211.002208018264,village
loc_00921,3,3161.001231811607,3283.4132842862286,village
loc_00923,2,8078.950757913904,2543.6512678514205,hamlet
loc_00925,3,3161.001231811607,3283.4132842862286,village
loc_00927,0,11555.787477965468,1797.8268721158845,hamlet
loc_00930,2,9526.035431854216,9211.032371459543,village
loc_00931,45,253.8629025101989,3953.504813237839,town
loc_00932,2,8405.015807530906,12331.706076930874,village
loc_00934,13,4168.6163039332805,11135.060526632284,village
loc_00937,2,3629.5639464657456,3331.349550145053,village
loc_00944,63,550.0555012603962,2958.1788305028967,village
loc_00956,2,8569.413812615465,2485.637639380167,hamlet
loc_00965,60,690.0199518671727,4352.353948625189,village
loc_00970,10,5844.719955419234,11777.427748351896,village
loc_00974,2,3660.954675981312,3426.115793542247,village
loc_00977,28,654.0283259373464,2137.4538996536457,town
loc_00978,26,105.63838617477704,2176.0184306999445,town
loc_00979,32,764.098024328625,4106.196618654291,town
loc_00980,61,114.9797682252449,4865.249907960464,village
loc_00985,29,229.21215966301168,451.9632140564705,town
loc_00995,1,9347.322476131048,10048.047646529212,village
loc_00996,2,8875.768774213342,10320.21034211201,town
loc_00998,0,16080.263487258138,8752.958459681124,town
loc_01000,38,1808.585163811008,2748.4415122342125,town
loc_01001,39,542.6268209220502,3381.9854039651336,town
loc_01007,0,12847.940808758463,6174.379099619459,hamlet
loc_01018,0,15413.732756416555,267.7906528215954,village
loc_01031,0,16488.839758322512,8567.098153552068,village
loc_01037,0,15788.44756807204,11764.780007710066,town
loc_01039,0,12393.396120964791,8840.53067603955,hamlet
loc_01071,0,12836.889644681069,12719.831757134269,village
loc_01080,2,6699.476285191885,13837.916913821944,village
loc_01137,31,1044.295314851166,5318.10156242748,town
loc_01148,2,5906.996451844744,5498.416030130364,village
loc_01149,43,1577.1192362422616,2767.017122415189,village
loc_01150,11,6855.271624420439,10443.321322660691,village
loc_01151,0,10611.253450462817,10205.238144817513,village
loc_01152,5,4268.068117829515,12400.814415853829,hamlet
loc_01153,1,9312.300229953496,7274.184719541671,hamlet
loc_01154,15,6240.473702001618,9852.53617415425,village
loc_01155,2,5385.374947936181,5001.799050352953,village
loc_01156,12,6996.818598924012,10453.935462718771,village
loc_01157,9,8900.505090744055,12350.87712476896,village
loc_01158,3,658.8150063035084,982.6472393493702,village
loc_01160,29,2668.29835310202,2955.5346733443057,village
loc_01161,1,8961.65332524804,8033.437381558517,hamlet
loc_01162,11,6852.563659078399,10456.3137504106,village
loc_01568,61,785.8293413823934,3083.43366833687,village
loc_01570,62,581.5706663209709,3175.8696727929296,village
loc_01571,62,436.4765409788883,3363.458265550428,village
loc_01574,62,449.5321129777421,3364.7654927213084,village
loc_01575,1,9944.655915509727,10678.373781497115,village
loc_01576,2,9396.016048920585,8994.287455552261,village
loc_01579,10,7371.606105055956,11571.277310702031,village
loc_01580,10,6378.377162539642,11308.005040338876,village
loc_01583,41,3082.026995943118,6495.39975829704,village
loc_01586,3,1723.1065007711677,1505.4252298442825,village
loc_01587,32,5350.127616505183,8773.949209467304,village
loc_01588,22,6152.950119291762,9634.2989562795,village
loc_01589,40,2731.490508485591,6086.657865559564,village
loc_01590,37,3646.303008197372,7451.268527997288,village
loc_01591,2,9148.755028673537,8743.265888257401,village
loc_01592,2,3690.24102405932,3382.607722620041,village
loc_01599,2,3001.5520312297363,2711.613524367541,village
loc_01603,2,8304.009954970257,3251.649955452492,hamlet
loc_01604,40,2785.1639343031616,6631.647015181584,village
loc_01605,1,9673.949166737131,13071.885777287756,town
loc_01606,0,11327.116417388384,11200.196443773031,village
loc_01607,2,7800.763532522935,7409.219921999048,village
loc_01609,2,6839.731518167205,6632.414358913192,village
loc_01610,38,3378.854366012487,6859.50895646094,village
loc_01613,2,1496.762135923011,1568.6313122695117,village
loc_01614,35,4113.928053948625,7567.3555912463025,village
loc_01616,2,8702.563440764443,11652.741358269848,village
loc_01617,0,10161.472385305162,9762.025064500838,village
loc_01618,2,3252.2948898998384,2943.5506422588733,village
loc_01620,2,9769.8169630805,11847.796255722707,town
loc_01621,2,9624.592356386042,11480.371723008151,town
loc_01622,2,7774.322069304974,11953.774428072757,town
loc_01623,2,6546.722885454683,12210.173104464648,town
loc_01624,3,6778.281042312781,13302.617610044696,town
loc_01625,27,843.0551141396561,2255.70254165437,town
loc_01636,2,6193.874951818968,1444.5648856253176,hamlet
loc_01637,0,11845.799737486064,2307.765072573773,hamlet
loc_01638,44,708.409039536962,3978.0660782602577,village
loc_01642,29,5901.253768630513,9378.631585660683,village
loc_01643,10,6335.825633066725,11146.379648066984,village
loc_01644,9,9210.59870791817,12653.069013217722,village
loc_01645,2,9134.062482342608,11950.690139200666,village
loc_01646,0,10305.905087815308,9144.692552471804,hamlet
loc_00154,0,14681.789616107764,16986.314443484163,hamlet
loc_00155,0,37623.61865925188,40290.68158323197,hamlet
loc_00156,3,3649.860164980895,6001.644000675264,hamlet
loc_00516,3,2828.6634410730435,4731.144267520779,hamlet
loc_00001,7,423.9883066355808,4424.914320908118,village
loc_00002,3,5457.396075672208,6817.567414958045,village
loc_01496,1,6222.317006533669,5765.315410657893,village
loc_01499,7,885.08684524754,4345.386145863788,hamlet
loc_01501,3,3051.824757538342,4970.188139287971,village
loc_01502,5,7543.652470615633,2505.364551051024,village
loc_01507,3,6585.628877360659,2180.0308679531454,village
loc_01510,1,6200.230667319175,2909.6745146602784,hamlet
loc_01321,0,,9380.727353091494,hamlet
loc_01356,0,17439.70717573479,1078.8022087552044,hamlet
loc_01357,11,1734.3537714916342,3434.203058731025,village
loc_01358,0,31838.668918563875,1142.3723760129008,hamlet
loc_00340,2,7801.433171055641,1425.730380759294,hamlet
loc_00199,7,5264.31870504582,2126.2009060883224,hamlet
loc_00433,0,13173.745540985614,1224.5953071686477,hamlet
loc_00434,3,7833.756396550836,1158.4357389488205,hamlet
loc_00435,0,12020.836727572258,1682.665974078929,hamlet
loc_00436,4,7063.5638813896,1036.3124930697963,hamlet
loc_00437,0,10977.03687414426,1376.9372039993837,hamlet
loc_00439,3,5996.212878903551,220.4861995648847,hamlet
loc_00523,4,5230.627116797483,597.0837953539657,hamlet
loc_00524,2,4817.929298530868,274.25903965521854,hamlet
loc_00525,2,4818.924047146368,275.18673566059766,hamlet
loc_00526,2,6343.752625392442,301.5395028167856,hamlet
loc_00527,6,4756.773740819876,2323.878292618824,hamlet
loc_00528,9,2322.980577783798,3647.7856374860457,hamlet
loc_00529,2,4259.387781805154,329.5904387096648,hamlet
loc_00579,2,1748.4458201774191,1760.8740171565014,hamlet
loc_00581,266,811.9941657507261,857.3285884639384,hamlet
loc_00582,266,894.9506068475932,898.2784786507005,village
loc_00583,266,1116.0169372770374,1126.3390297722617,village
loc_00585,1,8987.392482320134,128.03784060526337,village
loc_00586,5,5125.165505759592,2712.8955108494683,hamlet
loc_00589,12,1209.7177754369354,3299.804055366213,hamlet
loc_00590,21,2513.954604227161,743.3740288316804,hamlet
loc_00591,5,5111.559285966279,2727.246719851828,hamlet
loc_00593,5,5847.339278512982,1802.532551799001,hamlet
loc_00595,5,1151.4943779391306,2098.400903344654,hamlet
loc_00596,4,5450.215729280817,2416.3275639969747,hamlet
loc_00626,9,2346.872714652037,3823.632703611604,hamlet
loc_00649,266,509.83441861555656,510.5222523015386,village
loc_00655,5,552.8045039763621,1091.8150976269276,hamlet
loc_00671,5,1482.830245275696,2332.3167256165025,town
loc_00677,2,4357.164874994591,234.9938321639952,hamlet
loc_00691,266,1112.9419882190552,1123.3850139975634,village
loc_00696,266,32.16263913637582,1404.8677739133534,hamlet
loc_00697,266,21.495096078637363,1408.5484574417524,hamlet
loc_00701,4,111.06947719039384,2290.3812152105197,hamlet
loc_00251,53,713.6980580991826,7081.935521931108,city
loc_00252,13,4592.18353444881,7025.373992807067,hamlet
loc_00253,13,4592.18353444881,7025.373992807067,hamlet
loc_00254,13,4592.18353444881,7025.373992807067,hamlet
loc_00255,13,4592.18353444881,7025.373992807067,hamlet
loc_00510,5,5992.653530932183,11998.754213642793,hamlet
loc_01184,21,1701.239213747236,14167.67592195321,city
loc_01185,13,4445.1318188393225,7246.733408931344,hamlet
loc_01187,5,5308.417564615359,17006.48372757287,hamlet
loc_00598,9,3372.026320918424,2926.2365928419845,hamlet
loc_00627,10,1661.655680096983,396.7924675893661,hamlet
loc_00628,6,123.95694704674897,3956.496024123825,hamlet
loc_00652,1,2775.3533221726057,759.2196191077766,hamlet
loc_00672,0,17882.838200133105,762.4850754477663,town
loc_00685,1,2775.565781828157,759.4316061411257,hamlet
loc_00700,0,10517.136223055011,494.34752831566914,hamlet
loc_00212,0,,11726.221738622726,village
loc_00222,0,,5309.04050017937,village
loc_01312,0,,1750.7214455243943,village
loc_00506,0,,44772.31388341484,hamlet
loc_00204,0,23725.222094593213,7384.794770589789,village
loc_00205,0,14486.497872743514,4190.7629109741965,village
loc_00206,0,16594.212726352656,1147.8634756143836,village
loc_00207,0,15426.140384190152,2066.43792162787,village
loc_00208,0,14498.72680954411,4174.448287358042,village
loc_00209,0,17577.939180769845,1752.7188203889998,village
loc_00210,0,21210.97150443965,4449.472812517531,village
loc_00211,0,21143.60018499891,4824.348692351228,village
loc_00213,2,7541.604907425204,4781.146297621948,town
loc_00214,2,7541.604907425204,4781.146297621948,town
loc_00215,1,3589.5874682489016,3596.649692146127,hamlet
loc_00216,1,4079.5463486724543,4088.374041669657,hamlet
loc_00218,0,26698.152941385182,1446.102074254665,village
loc_00224,0,12379.15675593054,12352.291717980175,hamlet
loc_00779,4,7168.605578898667,269.52675464407304,village
loc_01497,5,1191.0829672906978,1386.3244526570538,town
loc_01498,4,6126.943377625353,2672.0168656027186,hamlet
loc_01508,6,5660.526242390974,3453.425340779675,hamlet
loc_01509,4,6609.002723633324,2483.359465422284,village
loc_00474,28,1653.3717305896205,1692.445262404939,village
loc_00475,29,554.5589770535008,3053.3639642863063,town
loc_00476,29,5265.942142963295,6820.580579520689,town
loc_01199,1,8547.902586260101,6309.143804110589,village
loc_00090,0,23052.135980306197,6300.565324333511,village
loc_00117,0,17802.19987113912,3200.2137581473025,village
loc_00118,0,22019.141673083763,2907.9998541611203,hamlet
loc_00119,0,22019.141673083763,2907.9998541611203,hamlet
loc_00124,3,1368.466704994148,530.2656924378255,village
loc_00125,0,20451.213473076856,528.7033763226211,village
loc_00126,0,26407.911947237637,352.0716799010286,village
loc_00137,0,22120.49700669823,4815.091831546285,village
loc_01531,0,14091.553626948296,3585.177186179685,village
loc_01535,0,22283.73374671994,2720.961615219812,village
loc_01177,24,3063.411924093329,4475.675638888723,city
loc_00020,88,91.9110648707114,770.011655521406,hamlet
loc_00024,95,88.50834248442526,1571.9800354061665,town
loc_00025,1,9322.881587010635,7365.273513763322,village
loc_00029,62,1771.1597449741423,3257.9691131713303,village
loc_00772,0,12949.06083351744,9496.98712369664,village
loc_01367,1,9320.225780294904,5893.471851353586,hamlet
loc_00426,0,46528.11025914669,28124.48351272516,village
loc_01661,0,14143.987230075592,14417.943544451258,village
loc_00058,28,771.5695524198126,1092.3481218454056,city
loc_00059,28,272.4823363117126,898.6890501224395,city
loc_00062,10,1142.090751114527,1605.572556970302,village
loc_00065,3,876.8230531849664,244.34716048877888,town
loc_00067,0,10038.19366794507,3266.046811470997,village
loc_00069,28,771.5695524198126,1092.3481218454056,city
loc_00270,8,92.08307263544091,1380.2788654853975,village
loc_00404,29,562.4855783240686,2515.794311624218,city
loc_00405,29,1180.6320670484422,2910.701871524472,village
loc_00366,1,65.75219733380122,725.0391755980739,town
loc_00367,1,4512.986985612129,4389.075608506444,town
loc_00369,0,13737.687056537456,1935.2469007716868,hamlet
loc_00370,0,17026.563213685065,422.39243713100507,village
loc_00371,0,16306.333884459042,1022.502723513095,village
loc_00372,0,11962.981990463417,511.24747464554446,town
loc_00374,2,7641.217373361811,182.44488935933995,village
loc_00860,1,6895.874923219552,6031.108431525522,hamlet
loc_00884,0,14284.35272973837,7040.400977994303,village
loc_00887,1,5177.672992943214,1788.6916892394877,hamlet
loc_00888,1,9144.277363304427,3068.599251128035,village
loc_00890,1,5741.413452921755,2657.85553148528,hamlet
loc_00891,1,5862.473317689159,2075.41121753039,hamlet
loc_00894,1,7700.617382275063,4930.051869870648,hamlet
loc_00895,2,9828.597214742182,2112.4264278288424,hamlet
loc_00896,1,2326.528999727247,5405.905509355088,hamlet
loc_00899,3,6562.238614450039,2379.3884564891955,village
loc_00905,1,6941.469187083055,880.0138371575956,hamlet
loc_00906,2,6703.944289023303,1347.4381963768424,village
loc_00907,3,6129.693911784657,2151.123205848413,hamlet
loc_00908,2,5520.777889154584,916.9501604709542,hamlet
loc_00909,3,4680.549863484216,780.3887062869684,hamlet
loc_00910,3,4700.911478823959,809.3508847904163,hamlet
loc_00914,3,6752.133263103022,3163.029778482566,village
loc_00926,0,15004.333368722548,2220.067253968894,village
loc_00981,0,10499.67071197733,3392.9754389301943,village
loc_00992,0,11778.230903778289,672.5960433820106,town
loc_00993,0,16916.403363571368,337.74801209826444,village
loc_01020,0,14486.873954695548,491.5787631368184,hamlet
loc_01022,0,26509.20266024564,12988.845668719892,village
loc_01026,1,4081.5504623641,6467.629861514209,village
loc_01028,0,11664.330577344364,4694.113917796379,hamlet
loc_01029,0,13014.509752789209,7628.095815803283,hamlet
loc_01612,0,25953.472044112663,9414.35127033987,village
loc_01641,1,1992.2491729767005,2274.4535151175646,town
loc_01648,3,5061.0655103101735,1682.3410298731355,hamlet
loc_01649,3,4812.679137623813,1282.851329062561,hamlet
loc_00100,10,2674.644652961317,4098.75587925194,village
loc_01660,0,14203.505725279068,14829.93972328614,village
loc_00438,0,12892.59939452543,835.2006888400642,hamlet
loc_00592,12,228.71245680069208,635.1072006916352,village
loc_00597,0,10168.41212353334,2478.231674647012,hamlet
loc_00693,12,523.9034956847132,434.7943924858891,town
loc_00699,0,17571.65265519702,1249.1281962025264,hamlet
loc_00532,112,293.7570607645539,246.3047552495666,village
loc_00533,117,294.51689263381206,1245.2828029900395,village
loc_00534,117,73.7466074269576,916.8019504703486,village
loc_00536,75,138.28459593948182,298.5449113163323,village
loc_00538,119,250.8456114901001,1298.892424375513,village
loc_00539,4,7530.369998095383,2826.964286816916,village
loc_00540,16,5111.330940444776,2415.9603342135083,hamlet
loc_00541,6,1238.9872762634818,1058.7025494051552,village
loc_01316,562,536.245096857284,706.4174849311927,village
loc_00517,0,19429.145268099484,24249.08191173713,village
loc_00265,1,9406.943452934607,9814.577885702214,town
loc_00266,0,11847.73718710077,11842.880168684753,town
loc_00267,0,17510.63764068067,18122.793132347982,town
loc_01193,0,22053.04414594981,22960.492405510864,town
loc_00115,0,24878.38754978853,22105.111313327543,village
loc_00318,16,1175.3304411729837,1493.2500511061996,hamlet
loc_00178,19,1945.024825534893,1754.571704422504,hamlet
loc_00180,16,1597.9753470211278,1516.3626952043087,hamlet
loc_00181,250,3225.445473701364,1266.1954993367456,hamlet
loc_00182,246,4701.062431971694,1275.4151924354371,hamlet
loc_00183,6,4356.875984398023,815.0073561680908,hamlet
loc_00184,7,4846.03013808985,1890.988333401244,hamlet
loc_00185,2,1917.3814112181212,1721.6068919770444,hamlet
loc_00186,3,4945.862273725047,1065.5668167684078,hamlet
loc_00187,2,3208.9092120130863,1536.1871413565414,hamlet
loc_00188,2,2344.4697694708466,1858.3187369857276,hamlet
loc_00189,2,2343.643739723029,1858.833953690788,hamlet
loc_00191,1,4148.204176312489,1366.0102905885378,hamlet
loc_00192,7,7431.4485127557455,1282.668276646069,hamlet
loc_00193,1,6704.218609071576,1541.8615919180895,village
loc_00194,263,3178.43203724512,716.883039410752,hamlet
loc_00196,2,1917.3814112181212,1721.6068919770444,hamlet
loc_00198,260,5071.7421315756,632.7277051896069,hamlet
loc_00200,14,2127.893900570733,300.5952841415024,hamlet
loc_00201,6,4865.316810179962,951.3141725572256,hamlet
loc_00202,250,5414.745738869844,419.1634756368952,hamlet
loc_00203,23,7773.253285419939,999.4508618299536,hamlet
loc_00542,1,8135.063948894267,1197.2022843034586,village
loc_00553,91,1707.3746157530302,2196.798464410383,hamlet
loc_00554,89,1640.7956928931148,1193.0553675082294,hamlet
loc_00555,17,1973.6877489707192,1209.9124490950749,hamlet
loc_00557,76,1849.000143691794,193.4418828860377,hamlet
loc_00559,90,1828.7766243498293,495.5681533889442,hamlet
loc_00560,2,8425.308148559494,883.872176762695,hamlet
loc_00561,32,816.5005561979239,998.1739112597976,village
loc_00562,234,7029.740236062253,1393.5996573516798,hamlet
loc_00563,2,8425.151429945625,884.1968561992878,hamlet
loc_00564,2,8895.63227524376,881.4264633152031,hamlet
loc_00565,5,7081.116739587152,1186.3129020801268,hamlet
loc_00566,1,7596.318315156951,351.3341263717762,hamlet
loc_00567,16,1751.953010050141,1089.878755224482,hamlet
loc_00568,16,1819.923068218205,570.361379307705,hamlet
loc_00569,16,1886.6054174166763,615.6111684155618,hamlet
loc_00570,17,125.70305567408298,959.8415618221316,hamlet
loc_00571,16,1322.8633836156778,231.1126922044049,hamlet
loc_00574,3,4947.987581529281,1286.6124471031208,hamlet
loc_00575,66,2124.667501247769,859.4128413374781,hamlet
loc_00576,7,1055.4207657867516,1045.2914265882505,hamlet
loc_00577,6,482.3132416145233,2508.5234035523285,hamlet
loc_00602,15,6766.275043704207,1620.529247688789,hamlet
loc_00606,7,4251.798252980002,681.0048907411714,hamlet
loc_00609,78,2850.294622653265,807.8108921741056,hamlet
loc_00611,42,898.2966170042395,1492.8588037431286,hamlet
loc_00612,32,262.6581912922913,281.19530385635056,village
loc_00613,18,2506.5560622757143,1736.527141610449,village
loc_00618,6,6869.902484673852,1051.5504646719912,hamlet
loc_00643,77,3376.920597292815,889.1502287620992,village
loc_00644,73,2859.380057635673,1753.2401003435834,hamlet
loc_00645,79,1850.342009786371,1465.2099012821782,hamlet
loc_00646,76,1944.538651960141,305.0382426230443,hamlet
loc_00648,22,698.4863027886713,980.3543060807998,village
loc_00658,1,6234.875930374606,979.1147862808916,hamlet
loc_00659,10,7163.229626290317,1692.4437153261158,hamlet
loc_00660,11,6100.800377291163,2458.923632394595,village
loc_00661,4,5803.774987729815,2871.7122406099907,hamlet
loc_00663,246,5285.410372822795,929.585269873814,hamlet
loc_00664,1,9783.312044825438,1480.5030330130164,hamlet
loc_00665,6,741.6911291719844,1210.2606405796068,hamlet
loc_00666,30,2087.772319232706,2200.074754728103,village
loc_00673,4,8004.140676522815,177.03250015344378,hamlet
loc_00676,2,8430.513499708824,1005.7780885936602,hamlet
loc_00681,120,1620.9374477705078,1580.115455867942,hamlet
loc_00682,84,46.86937690348313,157.99373723077764,village
loc_00683,17,1186.2387424764404,504.92534632062666,hamlet
loc_00684,14,2472.479067264236,1274.9022718583108,village
loc_00687,16,852.2275095203955,312.09766650905993,hamlet
loc_00695,16,1180.1692742166604,1502.2312187873467,hamlet
loc_01343,16,806.693459301742,1276.1145335363913,hamlet
loc_01345,23,351.95943033185205,250.5018861613114,hamlet
loc_00017,23,526.4757919225679,4169.925005724318,hamlet
loc_00041,23,215.7095213901217,4132.527500452787,town
loc_00043,23,1282.5040926129336,3404.6254589805776,hamlet
loc_00044,23,681.5656955408548,696.4064717678157,town
loc_00046,25,2507.590240099531,950.2208812540588,village
loc_00314,0,10051.284859769758,981.9301193070596,hamlet
loc_01294,0,10202.200602122814,5322.388328133564,village
loc_01295,3,1670.776784784562,1748.583166488265,village
loc_01296,5,5344.120122170652,5510.813820974277,village
loc_01297,3,1601.933823386591,1761.9245987995942,village
loc_01298,3,870.420001408052,915.0519951969108,village
loc_01299,3,1945.397825439768,530.4566442589015,hamlet
loc_01300,3,1867.853520951556,1906.3035612801875,village
loc_01301,3,1651.5642587640675,1729.2642952036615,village
loc_01302,3,1720.793681622848,1728.7376302937323,village
loc_01303,3,2684.122571555777,1109.646904477077,hamlet
loc_01305,3,2196.192137601319,2141.0599627131487,village
loc_01460,2,8996.158484005515,961.4078545988992,hamlet
loc_01336,0,,6852.531493265448,village
loc_01355,1,7911.191543563021,4931.25079419823,hamlet
loc_01320,2,7176.8691395889045,4394.547511065824,village
loc_01196,4,2856.458820567848,4971.315010130648,village
loc_00162,2,9133.33643331044,2809.0112711043053,village
loc_01167,19,7165.109757683141,9582.992186094927,city
loc_01168,0,16503.33295969864,8571.942983705087,village
loc_01169,0,23962.490019750672,346.2148794229763,village
loc_01170,0,15813.192434756254,8840.498813542963,village
loc_01171,0,15813.192434756254,8840.498813542963,village
loc_01172,0,15813.192434756254,8840.498813542963,village
loc_01173,1,8028.557900285792,336.4985659373218,village
loc_01174,1,8028.557900285792,336.4985659373218,village
loc_01178,0,15465.913110811252,9716.988631787935,village
loc_01179,0,24217.778503626505,563.9677222512665,village
loc_01180,0,29572.284061819464,6014.48091258054,village
loc_01181,0,21897.928105533512,14207.693849171774,village
loc_01182,0,20311.532248283536,12714.138726333083,village
loc_01183,1,8248.05357270497,787.5268882781206,village
loc_00814,0,11822.821089233568,8339.767993346135,village
loc_00815,0,11715.24738090647,7450.85232746521,village
loc_00816,0,11630.062791815351,7468.621904929923,village
loc_00818,2,8908.390426633308,13340.627166277334,village
loc_00841,4,6462.982204833391,8864.866267564761,hamlet
loc_00922,7,5490.745115241398,3948.133371906676,village
loc_00940,2,3867.7342236079,2220.608884181405,village
loc_00941,4,2052.50000125717,3050.2799344221057,village
loc_00955,0,12187.779653240752,12901.277606273426,village
loc_00988,8,2698.5353256273534,8091.412720549321,village
loc_01002,1,9189.251706405694,8583.092586514289,village
loc_01003,3,7314.7016936142,8045.698187383895,village
loc_01008,7,8318.505102444116,7413.477660617019,village
loc_01042,0,12198.631219609124,11957.901577970351,village
loc_01050,2,2821.2023699721226,1938.8034862462443,village
loc_01112,8,6369.016785475623,8565.556727459236,village
loc_01142,6,6996.986918619573,5345.95187646309,village
loc_01147,2,6786.104271923385,10680.640658196722,village
loc_01159,21,3546.4824805723783,3505.3736629569844,village
loc_01569,36,770.1116938995489,1672.0065415589036,village
loc_01572,46,99.02962288374134,207.1699152703982,town
loc_01573,5,5446.067072071568,1441.8189656964223,village
loc_01582,31,3405.318548978476,3868.263570157148,village
loc_01598,32,4152.818776737584,4433.427892716061,village
loc_01601,1,9946.144563714875,8817.155509095308,village
loc_01619,1,8185.309739216407,7457.524861437134,village
loc_01632,4,7288.570804641779,8430.452928286943,hamlet
loc_01633,4,2768.631453018177,7974.2921929259155,village
loc_01634,2,9669.417013781534,12250.463526945328,hamlet
loc_01635,5,3440.8089913886656,7079.737703638647,village
loc_01639,3,2450.0630427370866,10581.27734322891,village
loc_00514,0,11396.52353485368,,
loc_00515,0,24870.047953392303,,
loc_00519,0,15114.688548341936,,
loc_00507,0,26945.44495326149,36103.36826486504,village
loc_00081,0,11640.149451799927,3002.9973815972644,hamlet
loc_00846,2,8394.47720736174,1276.445895205406,village
loc_00878,1,8776.6429055222,1794.1895794402983,village
loc_01021,0,12363.252616980715,671.608816161257,hamlet
loc_01032,1,9641.336253399671,2433.628958715965,village
loc_01060,2,8567.04209834753,1467.6486251760982,village
loc_01653,0,17826.346175812425,10624.16032442179,village
loc_01350,0,12529.245249344507,6487.506045598371,hamlet
loc_01655,17,5950.838915746298,5128.490142522204,village
loc_00724,1,3865.6540273768055,1198.030028483145,town
loc_00006,2,4773.631601887847,6888.635082344914,hamlet
loc_00007,2,4784.664118950675,6942.460683867256,hamlet
loc_00008,2,4899.851547795242,7066.525094405512,hamlet
loc_00009,2,4922.994958470276,7079.116681774334,hamlet
loc_00010,2,4945.1197267341695,7103.769460280159,hamlet
loc_00011,2,4971.443795804988,7130.829587008636,hamlet
loc_00012,2,4980.785629112237,7121.021758860129,hamlet
loc_00013,2,5009.597497136811,7128.797853949571,hamlet
loc_00014,2,5013.587778389864,7128.418921001728,hamlet
loc_00015,2,5022.296219716725,7150.164840948819,hamlet
loc_00016,2,5087.638610856406,7166.390440089908,hamlet
loc_00130,2,7896.081812814581,185.5695801185548,hamlet
loc_00158,14,407.1443327118458,1548.406798861809,village
loc_00159,14,407.4482558611919,1548.859256332598,village
loc_00105,3,3028.428597627174,3677.8164844884154,village
loc_00106,3,6911.420837266409,6430.327317110938,town
loc_00131,1,9222.068356042491,684.0584976445152,town
loc_01504,0,12376.175480387226,10786.908985210295,hamlet
loc_01198,0,,20684.656168659298,village
loc_00353,0,13531.113390118802,12369.511552208349,village
loc_00354,0,12820.092403760447,12816.011336922773,village
loc_00355,0,11323.364716669468,11312.329662400472,village
loc_00356,0,10841.39224251028,10834.197702968822,village
loc_00357,0,10804.922508206972,10801.91002422653,village
loc_00358,1,9975.139905469428,9963.24590453423,village
loc_00361,10,1301.4863552620295,590.051536471084,village
loc_00373,11,2294.683563173586,2047.8784264572,village
loc_00837,0,10715.161216355384,2110.211988500526,hamlet
loc_00839,4,1327.923872848485,2119.915067854125,hamlet
loc_00850,4,2093.836712410084,409.6513946367543,hamlet
loc_00889,4,5100.619422891722,877.7945344803752,village
loc_00892,3,3907.602883764872,1177.5624912004123,hamlet
loc_00893,3,4171.173027003903,782.4704471956608,village
loc_00898,5,3934.23554951876,1438.6702195931723,hamlet
loc_00900,4,1720.1569719851375,2346.3427408701195,hamlet
loc_00901,4,4667.190671400891,1393.3903589370564,hamlet
loc_00902,4,1734.5447178392585,2115.4093297783925,hamlet
loc_00911,4,1641.7558930940925,2406.238466320636,town
loc_00912,5,4527.345132698319,373.0747852091642,hamlet
loc_00913,5,3956.8185331071872,771.8048171855056,hamlet
loc_00915,4,4289.249238150929,1718.6126129045297,hamlet
loc_00916,5,1148.9645238360993,2165.298193602578,hamlet
loc_00966,5,861.8280418714395,3028.050667717816,hamlet
loc_00971,4,2270.6638248870186,2549.048233506104,town
loc_00973,4,434.6459592984795,973.58651931389,town
loc_00986,4,692.0629884634802,350.9534702337424,town
loc_01010,4,1297.91919196735,1517.8185702235307,town
loc_01025,5,771.1870640284404,3031.752088124617,hamlet
loc_01075,4,1451.8124255838363,1874.9303618804463,hamlet
loc_01079,3,6934.468425134197,2335.785834837296,hamlet
loc_01141,5,1637.0880911044576,2851.544881934971,hamlet
loc_01435,2,7391.918327747309,2395.351504140088,hamlet
loc_01436,0,11426.762339325123,3155.4170221538247,village
loc_01437,5,487.2606232570274,3741.7156383551055,hamlet
loc_01650,5,4717.16045606931,908.7871667281984,hamlet
loc_00739,15,2366.0416909470755,1752.7124069091365,village
loc_00740,15,4809.468049438409,1281.854364269716,village
loc_00741,14,5604.076737923136,2901.0081018067835,village
loc_00742,9,4232.481794066934,3896.1040166458206,village
loc_01197,3,3674.172961986248,2103.3693847665195,village
loc_01409,0,13581.78918623816,1347.2971939154893,hamlet
loc_00260,0,,,
loc_01663,0,36728.43491767943,6226.70588631687,town
loc_00394,9,858.7271378373583,1528.9217217161863,town
loc_00408,3,2460.865264610054,1731.6580972684692,hamlet
loc_00445,32,2643.7789392355016,3214.2824402364927,village
loc_00450,32,1597.641281064111,2690.6865821634137,village
loc_00707,20,255.1517860084799,755.7352360775719,village
loc_00708,20,805.8722594365804,477.2585319926832,town
loc_00709,20,113.6800865686301,505.0426834365046,village
loc_00710,22,154.73057353278705,202.1862413929195,village
loc_00711,21,153.3977968048056,79.9499294949405,hamlet
loc_00712,21,1439.821385258699,1207.0195172620422,village
loc_00729,19,2640.900573995587,787.0779684944725,hamlet
loc_00730,21,1128.8659554708267,193.2494153687694,village
loc_01393,20,1091.5666025546434,184.71862431288932,town
loc_01395,7,3229.4598205710363,1332.7682069631533,village
loc_01396,10,1906.0792203828223,2154.929373266072,hamlet
loc_01400,7,127.93522502446592,168.97937213377088,village
loc_01401,12,1287.3536958874183,591.1273419679594,village
loc_01475,31,2949.653442947232,4125.378585085434,village
loc_01517,12,1041.9606866645413,420.0110892285508,village
loc_01523,21,506.9615829513377,671.9635200867114,village
loc_01524,4,5814.223714570386,2729.931861155695,village
loc_01526,23,1356.260416119847,1012.8267128076752,village
loc_01529,7,378.0650116031427,303.4332375103361,village
loc_00454,9,208.29810995303612,2006.995760752336,village
loc_00455,9,519.7082158922257,147.29147498541835,hamlet
loc_00457,7,67.10136365460637,1307.7457694823436,hamlet
loc_00458,10,366.48234994852095,6053.369892557976,village
loc_00459,9,785.1765785129226,6470.529832350203,village
loc_00728,7,4401.0912886913575,2054.767092182169,village
loc_01379,6,688.9258326521109,510.81350787391045,village
loc_01391,15,1585.8566570463768,1540.9444742859607,hamlet
loc_01392,19,1672.9458072528207,1721.5195693447822,hamlet
loc_01394,3,8582.09291053982,2782.3777465805165,hamlet
loc_01397,1,6647.313957095258,5581.732296945595,village
loc_01398,2,8441.047087522567,5849.994790406182,hamlet
loc_01399,2,8467.76502411749,3975.7957246802207,hamlet
loc_01402,6,4803.07184938858,851.1630410126833,hamlet
loc_01403,9,3822.628376984078,520.0503101381817,hamlet
loc_01404,8,3700.2502037941786,1508.5135895194956,village
loc_01405,5,3244.849101260648,501.5247399289271,village
loc_01406,8,2680.762834444821,2070.3715284492714,village
loc_01407,8,2067.934674575055,3319.740180321065,village
loc_01408,11,3440.6387688536965,2769.4157469448,village
loc_01515,5,3176.0943151369424,371.2945319992612,village
loc_01516,3,8721.551623568947,2884.466743080848,hamlet
loc_01518,2,7149.644847565326,2815.935869271122,hamlet
loc_01519,8,3375.292818148056,969.1712666602788,village
loc_01520,2,7346.400061992967,5494.52291353741,village
loc_01521,7,2110.7647981694004,1272.6865118183864,village
loc_01522,9,3793.052409598857,570.0105063003434,village
loc_01525,1,6456.608649037887,5528.233265905056,village
loc_01527,2,7498.056759656079,4882.196627232777,hamlet
loc_01528,4,4678.841097346348,3123.050026238079,hamlet
loc_01668,16,1835.0710618291384,1800.5088672244751,hamlet
loc_01698,16,1762.5778721749791,1994.3946297986704,hamlet
loc_01699,9,4149.829440359841,6828.216098228677,hamlet
loc_01700,7,1129.573695296819,2388.7127042921643,village
loc_01701,8,2565.168594089683,6819.470570688739,hamlet
loc_01702,16,1588.2663622521193,2532.042028526163,hamlet
loc_00225,0,21163.230062222265,123.39730558008706,village
loc_00226,1,9454.034487060548,5188.321898405384,village
loc_00227,0,10153.075161095598,3578.3810292461567,village
loc_00228,1,9407.36648814534,4525.1468033471565,village
loc_00229,1,9817.870275197696,4641.073160538707,village
loc_00230,0,16442.509858870944,4297.258301353941,hamlet
loc_00231,0,14213.566351553454,4529.4311312628415,village
loc_00232,0,13746.981324252289,2550.110377226575,village
loc_00233,0,15161.28088250076,3139.353339982006,village
loc_00234,0,23032.738606783616,148.31007283586277,village
loc_00235,0,23032.738606783616,148.31007283586277,village
loc_00236,0,21854.06065831148,731.8566073336502,village
loc_00237,0,21058.30012459059,1850.2588064522165,village
loc_00238,0,23032.738606783616,148.31007283586277,village
loc_00239,0,23032.738606783616,148.31007283586277,village
loc_00242,11,190.66183534972015,3014.398891629773,hamlet
loc_00245,1,8227.299253221163,1179.679407377554,village
loc_00246,4,7728.873312001657,2694.013809522541,village
loc_00247,26,439.576864759397,1863.6487117235988,city
loc_00248,24,6298.278651606301,5935.723347388561,village
loc_00280,26,439.576864759397,1863.6487117235988,city
loc_00284,0,12390.807112985536,8986.649992700355,village
loc_00285,24,6298.278651606301,5935.723347388561,village
loc_00297,11,190.66183534972015,3014.398891629773,hamlet
loc_00298,1,8227.299253221163,1179.679407377554,village
loc_00299,1,8227.299253221163,1179.679407377554,village
loc_00300,1,8227.299253221163,1179.679407377554,village
loc_00301,1,9309.493610412588,183.41431495599232,village
loc_00302,1,9309.493610412588,183.41431495599232,village
loc_00303,4,7728.873312001657,2694.013809522541,village
loc_00390,0,28735.42202354307,1628.2553285074362,hamlet
loc_00446,0,13776.94637780403,1780.454256753576,hamlet
loc_00451,0,21160.457186650376,152.38194882410576,village
loc_00452,0,13263.646289553111,3879.145093718861,village
loc_00453,0,19855.9653818874,3048.454301942565,village
loc_00484,1,9066.266366379288,416.3423231234539,village
loc_00485,3,6485.322309304751,1114.965617066094,hamlet
loc_00486,4,5931.924110177541,3233.8428218470194,hamlet
loc_00487,0,10138.628424032026,4304.988841027911,village
loc_00489,25,2362.742163919367,3592.605911962817,city
loc_00490,0,18292.217695113355,3569.070291574248,hamlet
loc_00491,1,8574.53391382561,5722.821977554297,village
loc_00493,25,1871.6493091556783,2788.384056674154,city
loc_00494,25,1875.414496233569,3441.604879853175,city
loc_00495,25,3126.5862246055844,3364.907806170475,village
loc_00496,25,1925.076446423765,3036.9543437884927,city
loc_00497,8,7542.425924154337,6627.410301978334,village
loc_00502,26,440.9422656113815,1811.5368736766384,city
loc_00505,2,9114.890055952288,1229.148598373294,village
loc_00737,0,10119.40972649963,3504.7933306826635,village
loc_01306,9,8643.500052996485,1028.0887964389503,hamlet
loc_01307,0,10212.075525435028,1351.1050047817532,hamlet
loc_01308,11,1695.2330471614644,1635.5036919398567,village
loc_01439,26,421.6049591350617,1521.9588032421054,city
loc_01440,25,2484.336579913215,3111.301082479833,city
loc_01441,25,677.6903772805997,1603.0952446319814,city
loc_01442,25,2481.3856271954087,3790.151804346762,city
loc_01443,25,4845.9091901781,766.5955236948164,village
loc_01444,7,8169.966151067162,502.8072076498494,village
loc_01445,17,7138.896914096391,5062.297871544431,village
loc_01446,1,9643.38324651876,3043.766853370464,village
loc_01447,1,9632.900155988526,2682.100848249405,village
loc_01448,0,10907.979261155117,2455.0515971174395,village
loc_01449,0,11739.61840332852,2224.36143905575,village
loc_01450,0,13518.649208931947,3280.186845504999,village
loc_01451,0,14387.514185495023,2379.9140996405185,village
loc_01452,0,13547.109717046276,2330.524871735879,hamlet
loc_01453,0,16236.522975680036,402.8533307711654,hamlet
loc_01454,0,16178.091451490856,4507.599582787369,hamlet
loc_01455,0,12489.1476977519,3838.272561199826,hamlet
loc_01456,0,15491.092222048475,4703.133236853873,hamlet
loc_01457,0,15716.565130204186,3539.858322781528,hamlet
loc_01458,0,23965.94621080376,1227.4993598885508,village
loc_01459,0,26863.73038457363,3641.075647949961,hamlet
loc_01463,0,15920.474299225065,5980.378893075124,hamlet
loc_01464,0,21457.179903054937,1796.6041400686445,hamlet
loc_01483,0,22528.839155820653,2254.7967947308507,hamlet
loc_01484,0,22109.974709283124,3983.979965524591,village
loc_01485,0,20188.644090535472,2380.570015232318,village
loc_01486,0,19289.886974053243,3160.141047157861,hamlet
loc_01487,0,14420.4389976248,2120.6484337234106,hamlet
loc_01490,6,3487.5255523778096,332.70862686458105,hamlet
loc_01491,0,10774.002783854046,3126.9747067143558,village
loc_01492,0,13582.113864025694,2225.132801383824,hamlet
loc_01347,2,5882.228785865366,6664.230430970368,town
loc_01348,2,5134.347806889812,4710.469899910812,village
loc_01349,1,9114.600199201202,3722.8939167685294,village
loc_01506,9,3494.783462465476,1891.8790148240464,village
loc_01708,6,3547.3756845571265,505.0753440924633,village
loc_01710,2,6100.971732734999,6888.200478941382,town
loc_01711,2,4890.998276566882,4347.573417328412,village
loc_01712,1,9008.459244909847,3101.5486246698124,hamlet
loc_00101,0,29011.48330950828,3130.840073090817,village
loc_00102,16,2171.4455090484744,1226.757372002004,village
loc_00109,0,25498.90154506634,158.5568369563069,village
loc_00110,0,32970.661720353004,1593.2378863239933,hamlet
loc_00112,0,17537.977384054248,12504.966625091649,village
loc_00113,0,17537.977384054248,12504.966625091649,village
loc_00114,0,17537.977384054248,12504.966625091649,village
loc_00116,0,16298.650136154833,4309.480856689737,village
loc_01532,0,10979.8444239594,4579.599503942512,hamlet
loc_01533,0,16345.602866214627,8492.15843535579,hamlet
loc_00775,5,4249.148348400207,7773.624807418666,hamlet
loc_01659,3,2998.885663917752,24458.36313310615,hamlet
loc_00140,110,1221.7034974106994,1150.3088376408832,village
loc_00141,110,1221.7034974106994,1150.3088376408832,village
loc_00142,110,693.120493943414,400.45872550671663,village
loc_00145,110,714.4562468497728,379.1891477910677,village
loc_00146,110,707.7401002999254,373.60635467563446,village
loc_00147,108,258.3808281127989,132.5053438108968,village
loc_00148,108,418.4632303148974,340.53970569780614,village
loc_00276,98,823.463257611864,864.0877682908205,hamlet
loc_00277,20,997.9050705252756,1069.9465139981014,village
loc_00278,20,997.9050705252756,1069.9465139981014,village
loc_00429,103,1485.49254226028,383.3665982664731,hamlet
loc_00543,16,8204.35000566219,435.2139343128969,village
loc_00544,19,7597.755923953916,1464.2297061043146,village
loc_00545,24,4260.220891115279,247.4601822439104,hamlet
loc_00546,3,247.26496047021917,837.1063714831123,hamlet
loc_00547,27,2168.6073964747693,118.41625441602233,hamlet
loc_00548,100,3786.5308810734778,222.7298807851674,hamlet
loc_00549,19,1143.080415209303,497.040728083037,hamlet
loc_00550,24,2840.3205112004757,351.6926620186485,village
loc_00551,2,2004.792801804604,311.449204368439,hamlet
loc_00552,85,2833.722375229519,1326.4734140250926,hamlet
loc_00587,87,2844.594573186404,1188.8564908189708,hamlet
loc_00599,20,47.63965201025932,331.73003793437255,village
loc_00600,18,1052.8274974905455,750.3148790114524,village
loc_00601,21,2897.9731328672106,343.5109561075682,village
loc_00603,109,428.5400529788249,2281.825103045394,city
loc_00604,117,407.7089201456985,668.0696414234682,town
loc_00605,32,235.2197770702444,974.8031952287438,village
loc_00607,67,103.71950388314968,1392.827476812774,town
loc_00608,68,282.9626974402146,563.2529871851109,village
loc_00610,70,272.98247578130497,808.4915652285586,town
loc_00641,17,4527.9607827208665,2883.9637778192523,village
loc_00642,71,1171.697595343769,1380.714718403968,hamlet
loc_00656,20,3015.43394979277,805.9241476737272,hamlet
loc_00657,2,6988.813178887861,1896.4704000813788,hamlet
loc_00680,21,1102.098860738551,2603.879150466773,village
loc_01410,78,2214.772940975427,1012.4903143526832,village
loc_01411,102,1024.2020979660194,853.6589179214865,hamlet
loc_01412,110,2008.8820911654948,496.00405281451583,hamlet
loc_01413,108,1717.8493500122715,885.1460458466994,hamlet
loc_01414,105,1111.4000284233684,99.96963331629962,hamlet
loc_00217,0,12573.655959170925,2767.9719991357733,village
loc_00219,0,13074.228182969113,2984.8787847537656,village
loc_01544,2,3902.42144582164,5554.154486627661,village
loc_00747,0,12879.21507681498,14817.461806331596,village
loc_00748,0,16308.352686575645,18085.54686825557,village
loc_00749,0,14473.970162206286,16491.36675140874,village
loc_00750,0,15508.984081917795,16890.429217552177,village
loc_00751,0,16566.870738996797,18569.263664797178,village
loc_01512,3,2576.818136431055,5849.010181202629,village
loc_01706,0,15765.403098901725,17298.395597114188,village
loc_01713,0,13987.315609899862,15943.989338459913,village
loc_01717,0,16911.55077778246,18851.03791691395,village
loc_01165,2,4032.4255941775054,3961.029184903605,village
loc_01166,2,4032.4255941775054,3961.029184903605,village
loc_01176,2,3792.117106315882,3725.0159193527215,village
loc_00465,23,1061.3532655026038,452.34852807268015,hamlet
loc_00466,28,776.0341876950316,299.1473641528972,hamlet
loc_00467,28,1204.2601124621235,549.5829048861846,hamlet
loc_00468,37,2670.0835486206047,183.76251580398943,hamlet
loc_00469,33,1348.8339762560008,727.7634314425084,town
loc_00470,37,705.1908997560099,402.124560214796,hamlet
loc_00472,23,1165.61341959144,959.1210205371656,hamlet
loc_01313,0,11840.67182637644,6750.588082863035,village
loc_00005,0,39475.53561529388,4302.279261709491,hamlet
loc_00723,5,1548.8950294379024,1838.1038808736128,city
loc_01195,0,11046.346002859073,11441.45214184779,city
loc_01651,5,4457.268269377597,3365.4726030442234,village
loc_00034,67,474.6566889197844,657.513932453235,village
loc_00035,74,115.094715571571,1183.66237168875,village
loc_01666,0,,31071.636210358964,village
loc_01718,0,23014.541786525417,19314.030861901527,village
loc_01703,15,8217.862373767777,9630.582156953982,hamlet
loc_00163,1,2527.680396673769,1700.041005950883,town
loc_01189,0,,,
loc_00073,4,187.3607067907264,6264.716953617559,hamlet
loc_00873,5,544.4268642712617,3310.1187842018094,hamlet
loc_00904,3,6648.322793714263,5319.100369587296,hamlet
loc_00917,2,7893.937374664332,10817.86549553911,village
loc_00918,5,530.997149742005,2688.816789976057,hamlet
loc_00919,4,4988.029687443994,5901.192323370383,village
loc_00920,5,43.53543212441732,2334.33306479907,hamlet
loc_00924,3,8796.212021438821,9280.373177295718,village
loc_00928,2,6258.396137382167,11491.394739293031,village
loc_00933,4,3734.048862350952,6850.98375635236,village
loc_00935,4,3234.460697096409,6475.405819894464,hamlet
loc_00936,0,10633.617343955026,11314.142961600164,village
loc_00975,0,13116.062835692112,13326.793064735792,village
loc_00983,2,8146.506633677392,11309.418227303651,hamlet
loc_01006,4,4666.577687647069,7787.792860523113,village
loc_01009,0,10207.344411113503,10554.647186419605,village
loc_01034,0,11122.899583656514,11027.33343561586,hamlet
loc_01062,0,10309.545637260002,7500.492482736084,hamlet
loc_01081,0,12235.895131500136,7770.856621919315,hamlet
loc_01577,4,6111.813597805978,6741.387756399168,village
loc_01578,4,4127.814956956836,5163.948291391939,village
loc_01581,4,2635.0773426148744,7927.345488037943,hamlet
loc_01584,4,6722.964831733142,6561.478422482199,hamlet
loc_01585,4,6578.648517436204,6709.345624702334,hamlet
loc_01593,0,13575.57764467645,9676.89658335523,village
loc_01600,0,17558.990199447995,5295.549078603365,hamlet
loc_01602,4,5768.232470761954,6516.987130763605,village
loc_01611,0,11733.830975125396,4210.081836064625,hamlet
loc_01647,4,1380.555703309066,957.218287579136,hamlet
loc_01315,138,565.7149219982681,3010.5070433274927,city
loc_01317,25,5321.576107195333,3565.7439359668897,town
loc_01537,491,803.7363820182392,4092.112929645696,city
loc_00092,1,9182.24727161758,1984.8769706562784,village
loc_00095,1,9182.24727161758,1984.8769706562784,village
loc_00098,0,11760.122235977724,12481.380266999618,village
loc_00104,0,22772.18110063837,1391.1836931623973,village
loc_00120,1,3076.803827039493,5400.705324915601,hamlet
loc_00128,1,9156.064368038074,13582.636892688664,hamlet
loc_00129,1,7976.359980320021,614.9594011624386,village
loc_00139,0,13249.0684759161,11003.997600052677,village
loc_00425,1,8483.628774470191,1170.7590163536688,village
loc_00427,0,14370.280520416814,10393.560939521203,village
loc_00428,1,6351.837484080435,1403.340603974712,village
loc_01662,2,6625.668098240776,7584.779086925478,hamlet
