Geological domain,Administrative region,Evaluated geosites,Geosite's type,Coordinates,,Center coordinates,,,,,,Coordonées centrique,,
,,,,X_Easting,Y_Northing,X_Easting,Y_Northing,,ID,Coordonnées originales,Type,Latitude (° déc.),Longitude (° déc.),Remarques
Anti-Atlas,Draa-Tafilalet,Eburnian-Proterozoic Unconformity,SG,680098,3380902,….,….,,1,"X=714535, Y=3373807",UTM,30.50,−6.40,Zone 29N
,,Bou Offroh ophiolit,PT,694626,3381120,,,,2,"31°06,87' N 08°58,97' W",DMS,31.1145,−8.9838,Conversion minutes décimales
,,Oceanic Moho rocks,PT,729166,3375617,,,,3,"32°35'25.01""N 4°30'17.65""W",DMS,32.5903,−4.5049,
,,Tamaliout Folding & Thrusting,PT,724893,3368999,,,,4,"31°48'00""N 5°36'00""W",DMS,31.8000,−5.6000,
,,Bleida granodiorite,PT,743890,3362396,,,,5,"X=745373, Y=3558424",UTM,31.90,−5.80,Zone 29N
Western High Atlas,Marrakech-Safi,Sauropod tracksite,S & PL,"31°06,87' N","08°58,97' W","31°06,87' N ","08°58,97' W",,6,"Intervalle 31°20′0″ N–32°40′0″N, 5°20′0″ W–7°20′0″ W",Intervalle,32.00,−6.33,Point médian
Central High Atlas,Draa-Tafilalet,Tension joints & veins,SG,"32°35'34.12""N","4°30'15.40""W","32°35'25.01""N","4°30'17.65""W",,7,31°52′30″N 8°52′00″W,DMS,31.8750,−8.8667,
,,Fault mirror,SG,"32°35'32.89""N","4°30'16.87""W",,,,8,"X=500900, Y=3574300",UTM,32.20,−5.90,Zone 29N
,,Turbidite/tempesitie,S,"32°35'27.91""N","4°30'17.97""W",,,,9,32°18′01″N 9°15′04″W,DMS,32.3003,−9.2511,
,,Synsedimentary Fd,SG,"32°35'27.13""N","4°30'17.78""W",,,,10,"X=640800, Y=3 687 500",UTM,33.25,−6.00,Zone 29N
,,Bioclastic limestone,PL,"32°35'26.17""N","4°30'18.02""W",,,,11,31°08′32″N 09°42′28″W,DMS,31.1422,−9.7078,
,,Current ripples,S,"32°35'25.07""N","4°30'18.23""W",,,,12,"X=754600, Y=3 759 900",UTM,33.70,−6.10,Zone 29N
,,Th. Burrows,PL,"32°35'25.01""N","4°30'17.65""W",,,,13,"X=585300, Y=3 283 600",UTM,29.65,−6.45,Zone 29N
,,Limestone-marls seq.,S,"32°35'24.18""N","4°30'17.14""W",,,,14,"X=453500, Y=3 273 000",UTM,29.60,−7.00,Zone 29N
,,Horst-graben structures,SG,"32°35'24.09""N","4°30'17.02""W",,,,15,35°54’N 5°25’ W,DMS,35.9000,−5.4167,
,,Bioclastic limestone,PL,"32°35'23.91""N","4°30'17.23""W",,,,16,"X=473500, Y=3 100 000",UTM,28.00,−7.50,Zone 29N
,,Rhizocorallium burrows,PL,"32°35'23.51""N","4°30'17.52""W",,,,17,"X=525000, Y=3 230 000",UTM,28.50,−7.00,Zone 29N
,,Tridactyl footpreints,PL,"32°35'21.66""N","4°30'16.30""W",,,,18,35°13′31″ N 5°08′26″ W,DMS,35.2253,−5.1406,
Central High Atlas,Draa-Tafilalet,Lac Tislit,H,"32°11'45""N","5°38'12""W","31°48'00""N","5°36'00""W",,19,"X=755874, Y=3 713 559",UTM,33.45,−6.12,Zone 29N
,,Imelouan Folds,SG,"32°09'21""N","5°35'54""W",,,,20,"X=765053, Y=3 569 130",UTM,32.20,−6.05,Zone 29N
,,"Ait Ali Ou-Ikkou ""Red beds""",S,"32°08'41""N","5°33'28""W",,,,21,"Intervalle 32°N–32°30′N, 5°50′W",Intervalle,32.25,−5.833,Point médian
,,Todgha Gorges,SG&H,"31°35'04""N","5°35'27""W",,,,22,"X=645000, Y=2 827 000",UTM,25.54,−13.32,Zone 28N
,,Tamlalet Monkey’s fingers structures,G,"31°26'36""N","5°58'41""W",,,,23,"X=592000, Y=3 699 600",UTM,33.00,−6.50,Zone 29N
,,Tissadrine Folds,SG,"31°31'46""N","5°55'33""W",,,,24,"X=560000, Y=3 610 000",UTM,32.75,−6.60,Zone 29N
,,"Msemrir ""Red Beds""",S&PL,"31°43'12""N","5°49'36""W",,,,25,"X=567500, Y=3 701 000",UTM,33.05,−6.55,Zone 29N
,,Ait Aritane Panoramic view,G,"31°32'32""N","5°34'01""W",,,,26,"X=573500, Y=3 583 500",UTM,32.70,−6.50,Zone 29N
,,Ait Snan Fault,SG,"31°23'43""N","5°35'51""W",,,,,,,,,
,,"Tamtetoucht ""Red beds""",PL,"31°43'02""N","5°30'28""W",,,,,,,,,
,,Ait Hani Triassic salt cave,G,"31°51'51""N","5°28'14""W",,,,,,,,,
,,Toumlilin Middle Jurassic strata,S,"32°51'24""N","5°27'56""W",,,,,,,,,
,,Ighrem N’Ougdal Middle Jurassic strata,G,"32°00'33""N","5°29'27""W",,,,,,,,,
,,Tinghir Paleozoic-Cretaceous unconformity,SG,"31°28'59""N","5°32'22""W",,,,,,,,,
,,Foum El Kouss Basalts,PT,"31°26'07""N","5°39'18""W",,,,,,,,,
,,Timaderouine Cretaceous-Tertiary strata,S,"31°24'42""N","5°43'20""W",,,,,,,,,
,,Imider Tertiary strata,S,"31°22'30""N","5°47'27""W",,,,,,,,,
,,Anou N’Izm Tertiary strata,S,"31°20'22""N","5°50'19""W",,,,,,,,,
,,Ait Youl Basalts,PT,"31°25'30""N","6°00'41""W",,,,,,,,,
,,Ait Ibriren Quaternary deposits,S,"31°26'31""N","6°00'39""W",,,,,,,,,
,,Tamlalet Monkey’s fingers structures,G,"31°26'36""N","5°58'41""W",,,,,,,,,
,,Ait Ouglef Allochthonous limestones,SG,"31°27'17""N","5°57'35""W",,,,,,,,,
,,Tissadrine Folds,SG,"31°31'46""N","5°55'33""W",,,,,,,,,
,,Taghia N’Ait Hammou Gorges,SG,"31°32'12""N","5°55'10""W",,,,,,,,,
,,Tilmi Folds,SG,"31°48'05""N","5°47'0514""W",,,,,,,,,
,,"Msemrir ""Red beds""",S,"31°43'12""N","5°49'36""W",,,,,,,,,
,,Ait Attou Oumoussa Jurassic strata,S,"31°51'42""N","5°42'29""W",,,,,,,,,
,,Imelouan Folds,SG,"32°09'21""N","5°35'54""W",,,,,,,,,
Central High Atlas,Draa-Tafilalet,Redbeds,SG&S,32.166,5.523,….,….,,,,,,,
,,Intraformational unc,S,32.193,5.639,,,,,,,,,
,,Isli Lake,H,32.222,5.550,,,,,,,,,
,,Tisli Lake,H,32.199,5.629,,,,,,,,,
,,Dolerite dykes and sills,PL,32.153,5.640,,,,,,,,,
,,Fairy chimneys,G,32.176,5.599,,,,,,,,,
,,Meandering Melloul river,G,32.159,5.603,,,,,,,,,
,,Sedimentary patterns,S,32.167,5.545,,,,,,,,,
,,Msadrid ridge,S,32.153,5.593,,,,,,,,,
,,Ait Ali Ou Ikkou's diapirsm,S,32.153,5.593,,,,,,,,,
,,Late Jurassic theropod tracks,PL,32.142,5.570,,,,,,,,,
,,Vertebrate tracks in the Isli Formation,PL,32.157,5.562,,,,,,,,,
,,Traces of Selenichnites- Tilmi syncline,PL,32.163,5.546,,,,,,,,,
,,Traces of Crocodylopodus meijidei,PL,32.183,5.458,,,,,,,,,
,,Tassent ridge,S,32.150,5.550,,,,,,,,,
,,Akhiam cave,G,31.958,5.696,,,,,,,,,
Central High Atlas,Béni Mellal-Khénifra,The cliff granaries of Aoujgal,S,….,….,31° 20′ 0″ N - 32° 40′ 0″ N,5° 20′ 0″ W- 7° 20′ 0″ W,,,,,,,
,,The architectural heritage of Zaouiat Ahansal,C,,,,,,,,,,,
,,Panorama of Zaouiat Ahansal,G,,,,,,,,,,,
,,The natural bridge of Imin Ifri,G,,,,,,,,,,,
,,The dinosaur geosites of Iouaridène,PL,,,,,,,,,,,
,,Dinosaur footprints,PL,,,,,,,,,,,
,,Aït Blal Rock engravings,C,,,,,,,,,,,
,,Tizi-n-Tighist Geo landscape,S,,,,,,,,,,,
,,Paleo-dam of Tizi-n-Tighza,S,,,,,,,,,,,
,,Ibaqualliwn Lamellibranches of Tizi-n-Tighist,PL,,,,,,,,,,,
,,Jbel Azoukri Ait Attab synclinal (1),S,,,,,,,,,,,
,,Ait Attab synclinal (2),S,,,,,,,,,,,
,,"The Bin El Ouidane dam ""Chocolate Marls""",S,,,,,,,,,,,
,,The Ouzoud waterfalls,G&H,,,,,,,,,,,
,,Cliff of Ait Abdi,SG,,,,,,,,,,,
,,The “Cathedral” Mastfrane,R,,,,,,,,,,,
,,Talmst Ride,SG,,,,,,,,,,,
,,Dinosaur footprints,PL,,,,,,,,,,,
Central High Atlas,Béni Mellal-Khénifra,Collective granary of Sidi Moussa,C,….,….,31° 20′ 0″ N,5° 20′ 0″ W,,,,,,,
,,"Granary, Ighrem",C,,,32° 40′ 0″ N,7° 20′ 0″ W,,,,,,,
,,Footprints of the carnivorous dinosaur (Tridactyl),PL,,,,,,,,,,,
,,Herbivorous dinosaur footprints,PL,,,,,,,,,,,
,,Izourar plateaus,SG&S,,,,,,,,,,,
,,Rock engravings of Tizi-n-Tighist,En,,,,,,,,,,,
Jbilet Massif,Marrakech-Saf,Archaeoctic limestone,PL&S,….,….,"31° 
52′ 30″N", 8° 52′ 00″W,,,,,,,
,,Sandstone-fault families,S&S,,,,,,,,,,,
,,"Faiult mirror-gradin 
 crystallization",S,,,,,,,,,,,
,,Karst networks of barite,S&M,,,,,,,,,,,
,,Calcite crystals,Pt,,,,,,,,,,,
,,"Cambrian sandstone & shale,Gray massive Cambrian limestones",S,,,,,,,,,,,
,,,,,,,,,,,,,,
,,The western tip of the Cambrian crest,S,,,,,,,,,,,
,,Jbel Irhoud anticline,S,,,,,,,,,,,
Meseta,Marrakech-Safi,Sidi Bouzid escarpment,"S,St&PL",32°18′01′′N,9°15′04′′W,….,….,,,,,,,
,,Chaâba valley,"S,S&PL",32°18′10′′N,9°13′51′W,,,,,,,,,
,,Sidi Abderrahmane clayquarry,S/St,32°19′57′′N,9°10′36′′W,,,,,,,,,
,,Sidi Abderrahmane dam,H,32°19′26′′N,9°10′49′′W,,,,,,,,,
,,Escarpment of Lalla Fatna,"S,PL&St",32°23′15′′N,9°15′54′′W,,,,,,,,,
,,Cap Beddouza,S/St/G,32°33′03′′N,9°16′22′′W,,,,,,,,,
,,El Goraan cave,G,32°33′27′′N,9°15′15′′W,,,,,,,,,
,,Souira Lgdima,"S,St&G",32°02′16′′N,9°20′26′′W,,,,,,,,,
,,Sidi Tiji Gypsum quarry,S&St,32°09′28′′N,08°51′55′′W,,,,,,,,,
,,Jorf Lihoudi,"S,St&PL",32°10′48′′N,9°15′36′′W,,,,,,,,,
,,The lagoon of Oualidia,H,32°44′21′′N,9°02′13′′W,,,,,,,,,
Meseta,Marrakech-Safi,Panoramic view of the cliff,G,….,….,32°18′01′′N,9°15′04′′W,,,,,,,
,,beach of Sidi Bouzide,G,,,,,,,,,,,
,,Marine fauna of the lower limestone,PL&S,,,,,,,,,,,
,,Yellow dolomite lower limestone Contact,S&SG,,,,,,,,,,,
,,Brown clay marine faun in the intercalated banks,PL&S,,,,,,,,,,,
,,The source Lalla Mira,H,,,,,,,,,,,
,,The wave of Saf,G,,,,,,,,,,,
,,Marabout Sidi Bouzid,R,,,,,,,,,,,
,,The marine fauna presented in the banks,PL,,,,,,,,,,,
Tabular Middle Atlas,Draa-Tafilalet & Fès-Méknès,Lake Afourgagh- charophytes tufas & gyrogonites,"SG,H & PL",33°37''N,04°53''W,….,….,,,,,,,
,,Lake Aoua (Dayet Aoua),SG&H,33°39'20''N,05°20''W,,,,,,,,,
,,Lake Ifrah (Dayet Ifrah),SG&H,33°33'45''N,04°55'' W,,,,,,,,,
,,Lake Aguelmame Sidi Ali,SG&H,33°04'34''N,05°00'13''W,,,,,,,,,
,,Bou Tegrrouine,G,….,….,,,,,,,,,
,,The caldera of the Michliffen,G,….,….,,,,,,,,,
,,Ruiniform landscape,G,….,….,,,,,,,,,
Central Hight Atlas,Béni Mellal-Khénifra,Alluvial terraces of Aït Mallal,G,….,….,….,….,,,,,,,
,,Aït Mallal valley,G,,,,,,,,,,,
,,Badlands of Igoulouane,G,,,,,,,,,,,
,,Arouss valley,G,,,,,,,,,,,
,,Canyon of Rougoult valley,G,,,,,,,,,,,
,,Canyon of Abachkou valley,G,,,,,,,,,,,
,,Canyon of High-Tessaout valley,G,,,,,,,,,,,
,,Glacial cirques and U-shaped valleys of Rat mountain,G,,,,,,,,,,,
,,Scree and talus deposits of Rat mountain,G,,,,,,,,,,,
,,Scree and talus deposits of Tarkeddid mountain,G,,,,,,,,,,,
,,Fairy chimneys of Assamar,G,,,,,,,,,,,
,,Canyon of Ikiss,G,,,,,,,,,,,
,,Rat syncline,G,,,,,,,,,,,
,,Peak and cliffs of Tarkeddid mountain,G,,,,,,,,,,,
,,Mount M’goun (4068 m),G,,,,,,,,,,,
,,The unconformity between Paleozoic basement and Mesozoic sedimentary cover of Aït Mallal,G,,,,,,,,,,,
,,,G,,,,,,,,,,,
,,Rougoult waterfall,G,,,,,,,,,,,
,,Springs of Oued Lakhdar (green river),G,,,,,,,,,,,
,,Springs and waterfall of Ikiss,G,,,,,,,,,,,
,,Sinkholes of the Rat mountain,G,,,,,,,,,,,
Central Hight Atlas,Béni Mellal-Khénifra,Dinosaur footprints deposits of Iouaridene,PL,….,….,….,….,,,,,,,
,,Dinosaur footprints deposits of Ait Mimoun Ouffelah,PL,,,,,,,,,,,
,,Dinosaur footprints deposits of Ait Bouguemaz,PL,,,,,,,,,,,
,,Dinosaur footprints deposits of Ait Bla,PL,,,,,,,,,,,
Central Hight Atlas,Beni Mellal-Khenifra,Lower Devonian quartzite bars of Bou Trou-Al Aççama,"S,St&G",33°22.04′N,5°29.41′W,….,….,,,,,,,
,,Lower Devonian paleosol of Bou Trou-Al Aççama,S&St,33°21.56′ N,5°29.51′W,,,,,,,,,
,,Lower Devonian dwarf brachiopods of Bou Trou Al Aççama,PL,33°21.57′N,5°29.45′W,,,,,,,,,
,,Emsien crinoids grassland of Bab Al Ari,PL&S,33°27.63′N,5°11.19′W,,,,,,,,,
,,Givetian calciturbidites of Ben Aarab,"S,S&PL",33°30.08′N,5°24.09′W,,,,,,,,,
,,Givetian-Famennian paleolapiaz of Bab Al Ari,PL&S,33°27.63’N,5°11.19’W,,,,,,,,,
,,Frasnian-Famennian Kellwasser black limestones of Bou Ounabdou,"S,St&PL",33°08.57’N,5°31.08′W,,,,,,,,,
,,Famennian Griottes limestones of Bou Ounabdou,"S,St&PL",33°08.56’N,5°31.05′W,,,,,,,,,
,,Famennian Zebra griottes limestones of Ziyar,S&St,33°02.55′N,5°44.32′W,,,,,,,,,
The Great Moroccan Atlantic Basin (MAP),Marrakech-Safi,Arich OuzellaFm,S&PL,….,….,31°08′32″N, 09°42′28″W,,,,,,,
,,Amsittene Fm,S,,,,,,,,,,,
,,Id ou Moulid Fm,S&PL,,,,,,,,,,,
,,Arich Ouzella cave,G,,,,,,,,,,,
,,Subvertical strata,S,,,,,,,,,,,
,,Triassic-Quaternary contact,S,,,,,,,,,,,
,,Quaternary-Jurassic contact,S,,,,,,,,,,,
,,Fold hinge,S,,,,,,,,,,,
,,Cretaceous Quaternary contact,S,,,,,,,,,,,
,,Triple point,S,,,,,,,,,,,
,,Macrofossils,PL,,,,,,,,,,,
,,Fossiliferous dunes,PL,,,,,,,,,,,
,,Folded structure1,S,,,,,,,,,,,
,,Folded structure 2,S,,,,,,,,,,,
,,Folded structure 3,S,,,,,,,,,,,
,,Amsittene folded structures,S,,,,,,,,,,,
,,Alluvial cone,S,,,,,,,,,,,
Middle Atlas,Fès-Meknès,Ammonitico-rosso of Taffert,PL,….,….,….,….,,,,,,,
,,Volcano of Bou-Iblane,V,,,,,,,,,,,
,,Reefs of Ich Maalam,PL,,,,,,,,,,,
,,Cornish limestones of Serhla,S,,,,,,,,,,,
,,Hayane canyon,SG,,,,,,,,,,,
,,Askour Cave,K,,,,,,,,,,,
,,Tamezyidan Rbi,K,,,,,,,,,,,
,,Guelta Tameda,K,,,,,,,,,,,
,,Source Oued el Bared,S,,,,,,,,,,,
,,Oued el Bared cave,K,,,,,,,,,,,
,,Discordance Ribata lKhayr,SG,,,,,,,,,,,
,,Tizi Bou-Zaabel,SG,,,,,,,,,,,
,,Bou-Iblane-Issouka,SG,,,,,,,,,,,
,,Periclinal Taffajight,SG,,,,,,,,,,,
,,Malachites of Talzemt,M,,,,,,,,,,,
,,Discordance Jbel Abdous,SG,,,,,,,,,,,
,,Mallal cascade,H,,,,,,,,,,,
,,Jbel el Kalaa,SG,,,,,,,,,,,
,,Tmourhout valley,SG,,,,,,,,,,,
,,Bizi canyon,SG,,,,,,,,,,,
,,Fault Tmourhout,S,,,,,,,,,,,
,,Cascade Sahbab,H,,,,,,,,,,,
,,Tmourhout Cascade,H,,,,,,,,,,,
,,Synclinal Zloul,SG,,,,,,,,,,,
,,Ain Sebou,H,,,,,,,,,,,
,,Synclinal Tilmirat,SG,,,,,,,,,,,
,,Ammonitico-rosso of Zra,PL,,,,,,,,,,,
,,Aghram Amellal reefs,PL,,,,,,,,,,,
,,Jider canyon,SG,,,,,,,,,,,
Middle Atlas,Fès-Meknès,Chiker polje,K&S,34°07′07″N,4°02′26″W,….,….,,,,,,,
,,Chiker cave,K,34°07′18″N,4°02′18″W,,,,,,,,,
,,Dolines of Ademame,K,34°02′37″N,4°05′42″W,,,,,,,,,
,,Ras El Oued cave,K,33°57′33″N,4°00′00″W,,,,,,,,,
,,Chaâra lapiaz,K,33°58′25″N,4°13′29″W,,,,,,,,,
,,Chaâra cave,K,33°57′21″N,4°14′46″W,,,,,,,,,
,,GueltaTameda Lake,K,33°49′04″N,4°04′54″W,,,,,,,,,
,,Taffert canyons,K,33°43′17″N,4°13′39″W,,,,,,,,,
,,Aïn Sebou,K,33°44′13″N,4°31′58″W,,,,,,,,,
Anti-Atlas,Souss-Massa,Addan onion peels,G,29.213335N,8.203033W,….,….,,,,,,,
,,Akka badlands,G,29.483864N,8.295043W,,,,,,,,,
,,Tata hearts,G,29.483864N,8.295043W,,,,,,,,,
,,Imitek Karsts,G,29.603338N,8.251098W,,,,,,,,,
,,Issafenflat-irons,G,29.854611N,8.533996W,,,,,,,,,
,,Tadakoust Pyramids,G,29.270107N,8.678496W,,,,,,,,,
,,Issafen chevrons,G,29.850649N,8.512572W,,,,,,,,,
,,Ait Ouabelli chasms,G,29.213335N,8.203033W,,,,,,,,,
,,Tagmout mask,G,29.270107N,8.678496W,,,,,,,,,
,,Alougoum Pyramid,G,29.442398N,8.264208W,,,,,,,,,
,,Messalite cave,G,29.442398N,8.264208W,,,,,,,,,
,,Tamzrart Petrified waterfall,G,29.339495N,8.527880W,,,,,,,,,
,,Foum Zguid water gap,G,30.140782N,6.877585W,,,,,,,,,
,,Tissint water gap,G,29.916420N,7.374716W,,,,,,,,,
,,Sidi Rezzoug water gap,G,29.748743N,7.659674W,,,,,,,,,
,,Tata water gap,G,29.705037N,7.986517W,,,,,,,,,
,,Akka water gap,G,29.475754N,8.277655W,,,,,,,,,
,,Ait Ouabelli water gap,G,29.240173N,8.538580W,,,,,,,,,
,,Icht water gap,G,29.086675N,8.851690W,,,,,,,,,
,,Fam El Hisn water gap,G,29.060270N,8.925848W,,,,,,,,,
,,Tizgui Ida Ou Baloul water gap,G,29.741683N,8.502050W,,,,,,,,,
,,Ibn Yaakoub water gap,G,30.068945N,7.954123W,,,,,,,,,
,,Rokan water gap,G,29.983764N,7.950610W,,,,,,,,,
,,Targant water gap,G,29.912618N,7.684191W,,,,,,,,,
,,Alougoum water gap,G,30.089514N,6.910584W,,,,,,,,,
,,Desert mermaid,G,29.646508N,7.756531W,,,,,,,,,
,,Tata oyster,G,29.646508N,7.756531W,,,,,,,,,
,,Akka Phillyrea,G,29.646508N,7.756531W,,,,,,,,,
,,Draa double winged eye,G,29.028776N,8.591492W,,,,,,,,,
,,Tagragra of Tata inlier,G,29.899215N,7.941650W,,,,,,,,,
,,Agouliz inlier,G,29.751482N,8.161377W,,,,,,,,,
,,Aigou inlier,G,29.737174N,8.320678W,,,,,,,,,
,,Tanmrout inlier,G,29.737174N,8.320678W,,,,,,,,,
,,Tagragra of Akka inlier,G,29.460147N,8.677734W,,,,,,,,,
,,Alougoum gorge,G,30.308991N,6.837444W,,,,,,,,,
,,Tlit gorge,G,30.278531N,7.062836W,,,,,,,,,
,,Aguinane gorge,G,30.195719N,7.540216W,,,,,,,,,
,,Tagmout gorge,G,29.971009N,8.257101W,,,,,,,,,
,,Agouliz gorge,G,29.732906N,8.189294W,,,,,,,,,
,,Aygou gorge,G,29.734488N,8.261025W,,,,,,,,,
,,Targant gorge,G,29.481527N,8.375144W,,,,,,,,,
,,Tamzrart gorge,G,29.361629N,8.518739W,,,,,,,,,
,,Tadakoust gorge,G,29.254602N,8.694864W,,,,,,,,,
,,Ighir Ighnain gorge,G,29.227937N,8.924098W,,,,,,,,,
,,Tamanart canyon,G,29.167098N,8.958087W,,,,,,,,,
,,Foum Zguid mesa,G,29.888118N,6.827353W,,,,,,,,,
Anti-Atlas,Souss-Massa,Addana Onion Peels,G,29° 12′ 52′′ N,8° 13′ 59′′W,….,….,,,,,,,
,,Foum Zguid stream,H,30° 5′ 46′′ N,6° 53′ 15′′ W,,,,,,,,,
,,"Badlands of Akka (glaciofluvial,
  fluviomarine, & stream alluviums)",G,29° 28′ 14′′N,8°17′ 35′′ W,,,,,,,,,
,,,,,,,,,,,,,,
,,Hearts of Tata,G,29° 22′ 2′′ N,8° 19′ 19′′ W,,,,,,,,,
,,Karsts of Imitek,G,29° 36′ 57′′ N,8° 15′ 40′′ W,,,,,,,,,
,,ssafen’s Flatiron,G,29° 50′ 50′′ N,8° 31′ 1′′ W,,,,,,,,,
,,Pyramids of Tadakoust,G,29° 19′ 35′′ N,8° 31′ 52′′ W,,,,,,,,,
Anti-Atlas,Souss-Massa,Oued Tamzrart flooded,G&H,….,….,….,….,,,,,,,
,,The alluvial plain of Tadakoust,S,,,,,,,,,,,
,,The desiccation cracks in the Mghimima region,S,,,,,,,,,,,
,,Deflation phenomenon in the Drâa plain,G,,,,,,,,,,,
,,Isolation of rocks by erosion facilitated by joints,G,,,,,,,,,,,
,,The Devonian Rich,G,,,,,,,,,,,
,,Engravings in Tamzrart region,En,,,,,,,,,,,
,,Slab of rock carvings in the carbonate sandstones,G,,,,,,,,,,,
,,engravings in Tadakous,En,,,,,,,,,,,
,,Tour of Ait Ouabelli,G,,,,,,,,,,,
,,Agadir Ou Adkhes,C,,,,,,,,,,,
,,Tour of Ait Ouabelli,G,,,,,,,,,,,
Rif,Tanger-Tétouan-Al Hoceïma,Jbel Younech Ruiniform aspects,G,35.896051N,5.390169W,35°54’N ,5° 25’ W,,,,,,,
,,Abdessamad cave,G,35.896051N,5.390169W,,,,,,,,,
,,The massive dolomites of the Tizgarine unit,M,,,,,,,,,,,
,,Calipso cave,G,,,,,,,,,,,
,,the source and catchment basin of the water,H&G,,,,,,,,,,,
,,Mujer Muerta,G&SG,35.908787N,5.389026W,,,,,,,,,
,,Laila Island,"SG,Hi",35.916551N,5.406037W,,,,,,,,,
,,The Terraces of Ras Leona,SG,35.920680N,5.401799W,,,,,,,,,
,,"Ras Leona rocky coast and Karst (Lapiés, doline and cave)","G,S",De… à?,,,,,,,,,,
,,Jbel Chendir,S&SG,35.906329N,5.38799W,,,,,,,,,
,,Socio-cultural complex,C,"35°54’22’’,45N","5°23’17’’,11W",,,,,,,,,
,,The travertine terraces of Bel Younech,"S,PL&C",35.907023N,5.393334W,,,,,,,,,
,,Low coast of the SBEI of Jbel Moussa and islands,G&C,35.909169N,5.393398W,,,,,,,,,
,,Predorsal sandstone of Bel Younech,S&PT,…,…,,,,,,,,,
,,The cliff of Ras Leona,SG&G,…,…,,,,,,,,,
Sahara,Laayoune-Dakhla,Akhfénir Cliff,SG,28°09'N,12°04'W,….,….,,,,,,,
,,Naїla Lagoon,H,28°03'N,12°06'W,,,,,,,,,
,,Sand dunes,G,28°09'N,12°06'W,,,,,,,,,
,,Steady dunes,G,28°03'N,12°16'W,,,,,,,,,
,,Tinouchad daya,H,28°03'N,12°07'W,,,,,,,,,
,,Tazgha salt Flats,M,27°54'N,12°20'W,,,,,,,,,
,,Khaoui Naàm Wadi,H,27°40'N,12°13'W,,,,,,,,,
,,Echguiguen Site,Ar,27°98'N,12°16'W,,,,,,,,,
,,Akhfennir Sinkhole,Sp,28°10'N,12°03'W,,,,,,,,,
Sahara,Guelmim-Oued Noun,Amtoudi travertines,S,29°14.361 ’N,9°10.108 'W,….,….,,,,,,,
,,Amtoudi waterfall and Bougaa source,H,29°14.36’N,9 ° 10.108’W,,,,,,,,,
,,Amtoudi's stratigraphy,St,,,,,,,,,,,
,,Adrar ZerZem,Ar,28 ° 926N,9 ° 042W,,,,,,,,,
,,Abaynou station,H&G,29°093N,10°019W,,,,,,,,,
,,Pigeon cave,G,29 ° 300N,9 ° 695W,,,,,,,,,
,,Assaka Basin,H,29 ° 07'N,10 ° 25'W,,,,,,,,,
,,Asrir Oasis,C,29 ° 074N,9 ° 432W,,,,,,,,,
Sahara,Dakhla-Oued Ed-Dahab,Coastal cliff of the Dakhla peninsula,G,,,….,….,,,,,,,
,,Dakhla lagoon,H,,,,,,,,,,,
,,Sphinx Rock,G,,,,,,,,,,,
,,Portorico beach,G&H,,,,,,,,,,,
,,Lower Eocene Izik Formation with chert nodules,S&PL,,,,,,,,,,,
,,Dewatering fold,S&SG,,,,,,,,,,,
,,Neptunian dyke in the Izik deposits,SG,,,,,,,,,,,
,,Shark tooth,PL,,,,,,,,,,,
,,Miocene-Pliocene succession,St,,,,,,,,,,,
,,Neolithic engravings on Lower Cretaceous sandstones,S&Hi,,,,,,,,,,,
,,Metabasite,PT,,,,,,,,,,,
,,metagabbro of the Adrar Souttouf massif,PT,,,,,,,,,,,
,,Dliyat En’our hill offers panorama,G,,,,,,,,,,,
,,Ordovician quartzites-archean basement Uncon,SG,,,,,,,,,,,
,,Undeformed kalsilite & nepheline aegyrine-bearing with syenite vertical magmatic lineation,SG,,,,,,,,,,,
,,,,,,,,,,,,,,
,,Foliated granites,SG,,,,,,,,,,,
,,Basic dyke swarm,SG,,,,,,,,,,,
,,Granite veins,SG,,,,,,,,,,,
,,Noticenthe isoclinal fold with shear bands,SG,,,,,,,,,,,
Rif,Tanger-Tétouan-Al Hoceïma,Water spring,H&G,,,,,,,,,,,
,,Panoramic view to the folded mountains,SG,,,,,,,,,,,
,,Petrified wood intruded by iron deposits,PL,,,,,,,,,,,
,,Stromatolites,PL,,,,,,,,,,,
,,Caristified cave stalactite,G,,,,,,,,,,,
,,Karastified limestone rocks eroded,SG,,,,,,,,,,,
,,Hill shades of limestone rocks,,,,,,,,,,,,
,,Karstification within the limestone strata,G,,,,,,,,,,,
Rif,Tanger-Tétouan-Al Hoceïma,Ali Thilat Dam,H,509000N,514480W,35°13′31″ N,5°08′26″ W,,,,,,,
,,Quarry of blocks,GM,508620N,515660W,,,,,,,,,
,,Rueda Nummilitic succession,SG,350673N,514050W,,,,,,,,,
,,Talâat Adrhosse Klippe,SG,516259N,519522W,,,,,,,,,
,,Oued Laou Gorge,G,514979N,519900W,,,,,,,,,
,,Ibouharen Fold,SG,516080N,521865W,,,,,,,,,
,,Tirinesse Basin,S,520261N,524360W,,,,,,,,,
,,Koudiat Achacha,SG,518931N,525190W,,,,,,,,,
,,"Dune,beachand cliffs of Kaâ Asrascoast",S,530456N,533994W,,,,,,,,,
,,Targha mica-shist,PT,534700N,533600W,,,,,,,,,
,,Stehat gneiss,PT,539420N,527430W,,,,,,,,,
,,Beni Bousera Kinzigites,PT,542348N,524230W,,,,,,,,,
,,Tihissasse fan delta,G,541513N,525900W,,,,,,,,,
,,BeniBousera Peridotitic Complex,PT,547357N,518453W,,,,,,,,,
,,Talambote bad lands,G,518527N,517151W,,,,,,,,,
,,Talambote Thrusting,SG,519820N,516443W,,,,,,,,,
,,Akchour landslide,SG,516559N,519522W,,,,,,,,,
,,Akchour Gorge,G,520220N,515270W,,,,,,,,,
,,Sidi Abdel Hamid,SG,511770N,508040W,,,,,,,,,
,,Ras Ma Spring,H,513050N,507250W,,,,,,,,,
,,BabTazaPhtanites,GM,519816N,496000W,,,,,,,,,
,,Bouhala Landslice,G,523579N,496355W,,,,,,,,,
,,Chrafate Spring,G,528900N,498200W,,,,,,,,,
,,Chrafate Alluvial Fan,S,526620N,496200W,,,,,,,,,
,,Beni Derkoul Radiolarites,PL,528971N,96626W,,,,,,,,,
,,Jbel Chrafate,S,528915N,497639W,,,,,,,,,
,,Ametrasse rocks fall,G,528915N,497640W,,,,,,,,,
,,AmetrasseTertiary Fm Succession,S,537441N,500341W,,,,,,,,,
,,Kodiat Sbaâ,G,532683N,496238W,,,,,,,,,
,,Raghdat Southern,G,522044N,498840W,,,,,,,,,
,,Jbel Bou Sliman,G,524115N,502322W,,,,,,,,,
,,Jbel Lakraa,S,351300N,515000W,,,,,,,,,
,,Oued Tassikisste Gorge,G,517264N,531806W,,,,,,,,,
,,Jbel Kelti,SG,528900N,498200W,,,,,,,,,
,,Khzanat Spring,H,512882N,531566W,,,,,,,,,
,,Jbel Tellouja karst,G,514550N,510800W,,,,,,,,,
,,Raghdat Arimlal,G,507660N,528564W,,,,,,,,,
,,Pont de Dieu and Farda River,G,520000N,512000W,,,,,,,,,
,,Oued ElKelaa Gorge and waterfall,G,524300N,511980W,,,,,,,,,
,,Tissimlane cherty limestone,S,514708N,508861W,,,,,,,,,
,,Jbel Tissouka,S,516616N,506668W,,,,,,,,,
Central Massif,Rabat-Salé-Kénitra,Upper Ordovician Quartzite slump balls,S&SG,33°35′56.56ʺN,6°06′36.94ʺW,….,….,,,,,,,
,,Givetian reefal lime stones Stromatoporas,S&PL,33°32′44.71ʺN,6°00′26.43ʺW,,,,,,,,,
,,Givetian reefal lime stones Algal laminitis,S&PL,33°33′24.41 ʺ N,6°2′21.78 ʺ W,,,,,,,,,
,,Givetian reefal lime stones Slump balls,S,33°32′54.82 ʺ N,6°01′48.62 ʺ W,,,,,,,,,
,,Famenno-Tournai sian calcareous (Mid Devonian reef limestones) rocks falls of Tiliouine,S,33°32′45 ʺ N,6°00′27 ʺ W,,,,,,,,,
,,,,,,,,,,,,,,
,,Middle Devonian reefal limestone olistoliths within the Tournisian turbid ites West of Tiliouine,SG,33°33′12 ʺ N,6°04′13 ʺ W,,,,,,,,,
,,Tournaisian reefal limestones Olistoliths of Tiddas,SG,33°31′42 ʺ N,6°15′06 ʺ W,,,,,,,,,
,,Westphalian red conglomerates,SG,33°31′26 ʺ N,6°15′23 ʺ W,,,,,,,,,
,,Granite of Zaer,SG,33°23′39.07 ʺ N,6°34′50.84 ʺ W,,,,,,,,,
,,Variscan synoro genic Granite of Oulmes,SG,33°26′28 ʺ N,6°03′09 ʺ W,,,,,,,,,
,,Oulmes Granite and metamorphism aureole contact,SG,33°26′28 ʺ N,6°03′09 ʺ W,,,,,,,,,
,,The El Karit mine: fillonien complex with the Tin and tungsten,SG,33°25′05 ʺ N,6°06′09 ʺ W,,,,,,,,,
,,The El Karit mine: giant andalusite,SG,33°25′21 ʺ N,6°06′07 ʺW,,,,,,,,,
,,Autunian fluviatile channels volcano-detritic Red serie of Souk Sebt,S,33°38′40.72 ʺ N,6°08′37.89 ʺ W,,,,,,,,,
,,Autunian Trachy andesite of Tiddas,SG,33°34′ 44 N,6°16′ 15 W,,,,,,,,,
,,Permian Rhyolite of Souk Sebt,SG,33°38′31.87 ʺ N,6°08′8.98 ʺ W,,,,,,,,,
,,Triassic Basalts of Jbel Merzaga-Maaziz,SG,33°41′9.71 ʺ N,6°26′36.50 ʺ W,,,,,,,,,
,,Upper Trias sic evaporate (gypsum) of Khemisset,SG,33° 37′ 19 ʺ N,6° 25′ 00 ʺ W,,,,,,,,,
,,Visean-Miocene uncon,SG,33°33′54.78 ʺ N,6°44′58.71 ʺ W,,,,,,,,,
,,Triassic-Miocene uncon of Maaziz,SG,33° 36′ 37 N,6° 24′ 18 W,,,,,,,,,
,,Quaternary Basal tic flow of El Harcha,SG,33°29′09 ʺ N,6°09′30’’W,,,,,,,,,
,,Quaternary Basal tic flow of Oued Boulahmayl lavas,SG,33°19′44.45 ʺ N,6°59′48.11 ʺ W,,,,,,,,,
Middle Atlas,Beni Mellal-Khenifra,Thedolerite sill of Ouzoud,PT,,,….,….,,,,,,,
,,Ouzoud waterfalls,G,,,,,,,,,,,
,,Ouzoud travertines,S,,,,,,,,,,,
,,Estuary of Oued Tassakht,H,,,,,,,,,,,
,,Oued EL Abid gorges and caves,G,,,,,,,,,,,
,,Azilal formation intruded by Tanaghmelt sill,SG&S,,,,,,,,,,,
,,Zaouit Tanaghmelt,R,,,,,,,,,,,
,,Basaltic flows of Ouzoud,PT,,,,,,,,,,,
,,Ouzoud springs,H,,,,,,,,,,,
Central High Atlas,Beni Mellal-Khénifra,Gabroic Intrusion of Idemrane,PT,32°12′10 ″N,6°7′12 ″W,….,….,,,,,,,
,,Sills of Idemrane,PT,32°16′30 ″N,6°15′32 ″W,,,,,,,,,
,,"Folded marly limstones of the Bine El OuidaneII
  Fm",SG,32°15′39 ″N,6°15′46 ″W,,,,,,,,,
,,Fossil wood of the Azilal Fm,PL,32°16′12 ″N,6°15′50 ″W,,,,,,,,,
,,Chaos alteration of gabbros,S,32°16′11″N,6°15′31″W,,,,,,,,,
,,Red facies of the Guettioua Fm,S,32°12′53″N,6°13′22″W,,,,,,,,,
,,Dinosaur bone deposi tat Agard-n-Sgat,PL,32°14′19 ″N,6°13′42 ″W,,,,,,,,,
,,Dinosaur footprints of Ait wissadane,PL,32°13′40 ″N,6°14′55 ″W,,,,,,,,,
,,Basaltic flow B1,PT,32°12′26 ″N,6°15′24 ″W,,,,,,,,,
,,Radiating dykes Taghia-n-Ait Boulmane,Mg,,,,,,,,,,,
,,Karstic landscapes Taghia-n-Ait Boulmane,G,32°14′11.92”N,6°07′09.24”W,,,,,,,,,
,,Gabbroic intrusion of Taghia-n-Ait Boulmane,Mg,32°14′11.92”N,6°07′09.24”W,,,,,,,,,
,,Dyke of Taguelft,Mg,32°12′33 ″N,6°07′08 ″W,,,,,,,,,
,,Fault-fold associated with the magmatic intrusion,SG,32°11′38 ″N,6°06′07 ″W,,,,,,,,,
,,Fossiliferous site of Tighalghalt,PL,6°4′35 ″N,32°11′30 ″W,,,,,,,,,
,,Travertines of Tighalghalt,K,6°5′12 ″N,32°11′16 ″,,,,,,,,,
,,Taghia-n-Ait Boulmane gorges,G,32°14′11.92”N,6°07′09.24”W,,,,,,,,,
,,Folded structures Taghia-n-Ait Boulmane,SG,32°14′11.92”N,6°07′09.24”W,,,,,,,,,
,,The community granaries of Taghia-n-Ait Boulmane,C,,,,,,,,,,,
,,Ammonites and sponges fossil of Jbel Taguendouft,PL,,,,,,,,,,,
Central High Atlas,Beni Mellal-Khénifra,"Watercourse, river, lake, dam",H,32°6′32.20″N,6°27′48.03″W,32°N - 32°30’N, 5°50’W,,,,,,,
,,Dinosaur footprints,PL,32° 6′24.89″N,6°27′29.98″W,,,,,,,,,
,,Panoramic view of the Ouaouizaght Syncline,SG&S,32° 7′54.04″N,6°23′49.67″W,,,,,,,,,
,,"Inverse fault, anticlinal fold and joint",SG,,,,,,,,,,,
,,Assif Assemssil Bridge,H,32° 6′29.98″N,6°28′21.93″W,,,,,,,,,
,,Oued Ahençal river,H,32° 4′11.81″N,6°25′26.51″W,,,,,,,,,
,,Oued el Abid Bridge,S,32° 8′1.74″N,6°18′42.41″W,,,,,,,,,
,,Panoramic view of badlands and cuesta,G,32° 5′30.55″N,6°19′53.61″W,,,,,,,,,
,,Ain Asserdoune-Tamgnounte,"H,K&C","32,3241 N","6,3375 W",,,,,,,,,
,,Ain El Ghazi cave,,,,,,,,,,,,
,,Moudj Canyon,"H,K&E","32,280556 N","6,2975 W",,,,,,,,,
,,Ruiniform landscape of Moudj,G&H,,,,,,,,,,,
,,Idemrane landslide,,,,,,,,,,,,
,,Adouz dejection cone,,,,,,,,,,,,
,,Ajojjar waterfall,,,,,,,,,,,,
,,Ouchrah site,H,,,,,,,,,,,
,,Tafrent Polje,,,,,,,,,,,,
,,Hançais,,,,,,,,,,,,
,,Ain Fachtals,,,,,,,,,,,,
,,Ain Ikhourba,,,,,,,,,,,,
,,Taghbaloute- n- Ouhlima,"H,K,C&E","32,55341501 N","6,01361989W",,,,,,,,,
,,Jbel Boutarwa,,,,,,,,,,,,
,,Tit-n-Ziza Geomorphosite,G,,,,,,,,,,,
,,Afla Ifran Geomorphosite,G,,,,,,,,,,,
,,Chkounda Geomorphosite,G,,,,,,,,,,,
,,Tichniwine Rocks,,,,,,,,,,,,
,,Iferd Ait Masaoud Polje,,,,,,,,,,,,
,,Ben Cherrou Valley,,,,,,,,,,,,
,,Jbel Tadawt Karst,,,,,,,,,,,,
,,Jbel Wawngarf karstic plateau,,,,,,,,,,,,
,,El Haounet karstic plateau,,,,,,,,,,,,
,,The Walous cliff granaries,,,,,,,,,,,,
,,Ain Askar,,,,,,,,,,,,
,,Oued El Abid meanders,,,,,,,,,,,,
,,Gabbroic intrusion of Idemrane,Mg,,,,,,,,,,,
,,Sills of Idemrane,Mg,,,,,,,,,,,
,,Folded marly limstones of the Bine El Ouidane II Fm,SG,,,,,,,,,,,
,,Fossil wood of the Azilal Fm,PL,,,,,,,,,,,
,,Chaos alteration of gabbros,S,,,,,,,,,,,
,,Red facies of the Guettioua Fm,S,,,,,,,,,,,
,,Dinosaur bone deposit of Agard-n-Sgat,PL,,,,,,,,,,,
,,Dinosaur footprints at Ait Wissadane,PL,,,,,,,,,,,
,,Basaltic flow B1,Mg,,,,,,,,,,,
,,The Taghia-n-Ait Boulmane intrusion,Mg,,,,,,,,,,,
,,Dyke of Taguelft,Mg,,,,,,,,,,,
,,Fault-fold associated with the magmatic intrusion of Ait Boulmane,SG,,,,,,,,,,,
,,Ouzoud waterfalls,H,,,,,,,,,,,
,,Karstic spring of Ouzoud,K,,,,,,,,,,,
,,Oued El Abid Gorges,G,,,,,,,,,,,
,,Estuary of Oued Tissakht (Ouzoud caves),H&K,,,,,,,,,,,
,,Doleritic sill of Ouzoud,SG,,,,,,,,,,,
,,Zauia of Tanaghmelt,R,,,,,,,,,,,
,,Basaltic flows of Ouzoud,Mg,,,,,,,,,,,
,,Chocolate marl intruded by Tanaghmelt sil,St,,,,,,,,,,,
,,Ouzoud travertines,K,,,,,,,,,,,
,,Moudj’s lapiez,,,,,,,,,,,,
,,Timskar Waterfalls,K,,,,,,,,,,,
,,Tazerkount Ruiniformes Landscapes,,,,,,,,,,,,
,,Caves of Orbiaa,K&Hi,,,,,,,,,,,
,,Ain Orbiaa,K&R,,,,,,,,,,,
,,Ruiniformes Landscapes of Tacmit,K,,,,,,,,,,,
,,Timskar’s travertines,K,,,,,,,,,,,
,,Tazzerkount Tepee Structures,,,,,,,,,,,,
,,travertines of El Ksiba,K,,,,,,,,,,,
,,Ruiniformes Landscapes of EL Ksiba,K,,,,,,,,,,,
,,Fossils of Moudj,PL,,,,,,,,,,,
,,Panoramic view of Rurate,,,,,,,,,,,,
,,Spring of Lala Kamria,K,,,,,,,,,,,
,,Panoramic view of overturned bar of Iferghas,,,,,,,,,,,,
,,Karst cliff of Ighir-n-Oumejjad,SG,,,,,,,,,,,
,,Panoramic view of the Ait Attab syncline,,,,,,,,,,,,
,,The tectonic deformations of Jbel Hassan,SG,,,,,,,,,,,
,,The ruiniform limestones with ammonite of the Ben Cherrou formation,PL,,,,,,,,,,,
,,Panoramic view of the Cretaceous cuestas,,,,,,,,,,,,
,,The bad land of Ait Ouabit,,,,,,,,,,,,
,,Gorges of Ait Ouabit,,,,,,,,,,,,
,,Conglomerate terraces of Oued El Abid,,,,,,,,,,,,
,,The footprints of sauropod dinosaurs of Ayt Bouiqban,,,,,,,,,,,,
,,Lower limit of the basaltic flow B2,,,,,,,,,,,,
,,Jurassic-Cretaceous unconformity and volcanic activities,,,,,,,,,,,,
,,Bioclastic limestone with ammonite of the Bine El Ouidane BIII formation,,,,,,,,,,,,
,,Panoramic view of Oued El Abid from the old Caida of Taounza,,,,,,,,,,,,
,,Caves of cats and the spring of Tisqui,,,,,,,,,,,,
,,Bioclastic marly limestone of Ait Tafelt formation,,,,,,,,,,,,
,,Eroded sandstone of Jbel Ilaghmane,,,,,,,,,,,,
,,Panoramic view of the red formations separated by the BI and BII magmatic events,,,,,,,,,,,,
,,Ruiniform reliefs of Jbel Al Maqçoura,,,,,,,,,,,,
Central High Atlas,Draa-Tafilalet,Jurassic tabular structures,G,,,32° 5’ 48” N and 32° 64’ 19” N,4° 11’ 72” W and 5° 46’ 20” W,,,,,,,
,,wadi Ziz canyon,G,,,,,,,,,,,
,,Hammat Moulay Ali Cherif,G,,,,,,,,,,,
,,Hassan Addakhil Dam Lake,G,,,,,,,,,,,
,,Tunnel Zaabel,G,,,,,,,,,,,
,,Ziz Valley Ait Atmane,G,,,,,,,,,,,
,,Waterfall,G,,,,,,,,,,,
,,Ziz gorges,G,,,,,,,,,,,
Meseta,Marrakech-Safi,Panoramic view from the Kettara intrusion,Mg,,,,,,,,,,,
,,Mineralized quartz-chlorite vein cutting the schists at a low angle in the Kettara gossan,M,,,,,,,,,,,
,,"Mineralized quartz-chlorite vein cutting the schists at a 
 low angle in the Kettara gossan",M,,,,,,,,,,,
,,,,,,,,,,,,,,
,,"Specimen from the drill core showing a mineralized quartz-chlorite 
 vein crosscut by a carbonate (CC) vein",M,,,,,,,,,,,
,,,,,,,,,,,,,,
,,Intrusion affected by subvertical schistosity,M,,,,,,,,,,,
,,Centimetre-scale layering in the ultramafic cumulates,M,,,,,,,,,,,
,,Doleritic dyke cross-cutting ultramafic cumulates,Mg&Pt,,,,,,,,,,,
,,Doleritic dyke cross-cutting the gabbro,Mg&Pt,,,,,,,,,,,
,,Basic dyke of massif leucogabbro sheared in a NE direction,Mg&Pt,,,,,,,,,,,
,,Coarse-grained gabbros,Mg,,,,,,,,,,,
,,Kettara Sharlef Shale,Me&Pt,,,,,,,,,,,
,,Panorama of a geological succession with several uncon formities (Tahannaout; Douar Sour),"S,PL&SG",,,,,,,,,,,
,,Normal faults with tilted blocks (Zawyat bou houta),SG,,,,,,,,,,,
,,"Syn-sedimentary tectonic geosite: Hemigraben perched on visean basement, graben, tilted block and normal faults (Tibizzit)",S&SG,,,,,,,,,,,
,,"Syn-sedimentary tectonic geosite of a 
 normal fault (Aghzane",S&SG,,,,,,,,,,,
,,Moulay Brahim landscape,"Mg,S,SG&C",,,,,,,,,,,
,,Asni anticlinorium,G,,,,,,,,,,,
,,Imlil landscape,S&SG,,,,,,,,,,,
,,Foot of Toubkal,,,,,,,,,,,,
,,Toubkal national Park,,,,,,,,,,,,
,,Aerial courses and B tree climbing in Terre d’Amanar tourist site (Tahannaout),,,,,,,,,,,,
Anti-Atlas,,Zenaga Inlier,GH,,,,,,,,,,,
,,"Neoproterozoic doleritic dykes (Zenaga, Central AA)",GH,,,,,,,,,,,
,,Tholeiitic dyke swarms (Zenaga inlier),GH,,,,,,,,,,,
,,Well preserved Pre-Pan-African sedimentary features,GH,,,,,,,,,,,
,,"Pan-African ophiolites of Bou Azzer and Siroua inliers, central AA)",GH,,,,,,,,,,,
,,Major Anti-Atlas Fault (central AA),GH,,,,,,,,,,,
,,"Pan-African Diamictites (Bou-Azzer and Siroua inliers, central AA)",GH,,,,,,,,,,,
,,Ediacarian Iknioun granodiorites,GH,,,,,,,,,,,
,,Late Neoproterozoic stromatolites,GH,,,,,,,,,,,
,,"Contacts Pan-African Groups: Saghro, Mgouna and Ouarzazate Groups",GH,,,,,,,,,,,
,,"Contacts Palaeoproterozoic Zenaga complex, late Neoproterozoic Ouarzazate Supergroup and the Cambrian Tata Group",GH,,,,,,,,,,,
,,,GH,,,,,,,,,,,
,,Appalachian type folding in western AA,GH,,,,,,,,,,,
,,Large Cambrian trilobite Paradoxides,GH&C,,,,,,,,,,,
,,Ordovician outcrop of Jbel Kissane,GH,,,,,,,,,,,
,,Large Ordovician trilobites (Asaphus) death assemblages,GH&C,,,,,,,,,,,
,,Silurian and lowermost Devonian Orthoceras-rich limestones and ammonite-rich limestones,GH&C,,,,,,,,,,,
,,,GH,,,,,,,,,,,
,,Early Devonian Kess Kess carbonate mounds,GH,,,,,,,,,,,
,,Middle Devonian coral stromatoporoid biostrome,GH,,,,,,,,,,,
,,Green eyes and red Devonian phacopid trilobite,GH,,,,,,,,,,,
,,Frasnian plants from the Drâa Valley,GH,,,,,,,,,,,
,,Well preserved shallow-water sedimentary features in Cambrian rocks,GH,,,,,,,,,,,
,,Foum-Zguid Jurassic dyke,GH,,,,,,,,,,,
Middle Atlas,Dakhla-Oued Eddahab,Typical coastal cliff of the Dakhla peninsula,S,"23°45'20"" N","15°55'30""W",….,….,,,,,,,
,,North border of the Dakhla lagoon north of the artesian well,S&Ar,"23°53'97""N","15°42'67""W",,,,,,,,,
,,Sphinx Rock,S,"23°53'97""N","15°42'67""W",,,,,,,,,
,,"Outcrops of Eocene for
 mations beneath Miocene deposits",S,"23°53'97""N","15°42'67""W",,,,,,,,,
,,Lower Eocene Izik Formation with chert nodules,S,"23°53'97""N","15°42'67""W",,,,,,,,,
,,Dewatering fold,S,"23°35'27""N","15°41'53""W",,,,,,,,,
,,Neptunian dyke in the Izik deposits,S,"23°35'27""N","15°41'53""W",,,,,,,,,
,,Shark tooth,PL,"23°35'27""N","15°41'53""W",,,,,,,,,
,,Miocene-Pliocene succession,S,"23°35'27""N","15°41'53""W",,,,,,,,,
,,Neolithic engravings on Lower Cretaceous sandstones,"S,SG&C","23°19'36""N","15°13'58""W",,,,,,,,,
,,Metabasite,Me&SG,"23°11'87""N","15°04'78""W",,,,,,,,,
,,Metagabbro of the Adrar Souttouf massif,Me&SG,"23°11'87""N","15°04'78""W",,,,,,,,,
,,Rounded hills of nepheline syenite,Me&Mg,"22°33'01""N","14°19'02""W",,,,,,,,,
,,Magmatic lineation,Me&Mg,"22°33'01""N","14°19'02""W",,,,,,,,,
,,Dliyat N’sour migmatite with large basic blocks crosscut by granite veins,"Me,Pt&SG","22°35'52""N","14°24'09""W",,,,,,,,,
,,Awsard panorama,SG,"22°37'38""N","14°24'29""W",,,,,,,,,
,,Oued Chebeika estuary,SG&Me,"28°17'44""N","11°31'30""W",,,,,,,,,
,,Cliffs of the west border of the Chebeika estuary,SG&Me,"28°17'44""N","11°31'30""W",,,,,,,,,
,,Lower Cretaceous f luvial sandstones (“Tan-Tan sands”) beneath the Hamada Plateau,"S,G&PG","28°28'45""N","11°12'15""W",,,,,,,,,
,,"Cross-bedding in the fluvial
  sandstones (“Tan-Tan sands”)","S,G&PG","28°28'45""N","11°12'15""W",,,,,,,,,
,,Transgression of the Lower Cretaceous redbeds on the Bas Draa Precambrian Massif,"SG,Mo&PG","28°23'24""N","11°01'01""W",,,,,,,,,
,,Upper Precambrian metaconglomerates (south-western tip of the Bas Draa inlier),SG,"28°20'46""N","10°56'03""W",,,,,,,,,
,,Vertical Cambrian quartzites (“Barre de Goulimine”) crossed by directional fault,St&SG,"28°16'40""N","10°54'07""W",,,,,,,,,
,,Cylindrical folds of Ordovician quartzites,St,"28°13'22""N","13°53'12""W",,,,,,,,,
,,Breached fold east of the sebkha,Mo,"28°13'22""N","13°53'12""W",,,,,,,,,
,,Lower Ordovician (Llanvirn) oolithic iron bed section,SG&Ec,"28°03'33""N","10°53'19""W",,,,,,,,,
,,"Perched syncline formed by Rich 1 and Rich 2 
  Jbel Rich fold train)",SG&Ec,"28°03'33""N","10°53'19""W",,,,,,,,,
,,Open folds of Jbel Rich,SG&Ec,"28°03'33""N","10°53'19""W",,,,,,,,,
,,Jbel Tazout cuesta (Tournaisian),SG,"28°00'58""N","10°49'01""W",,,,,,,,,
,,Jbel Ouarziz cuesta (Visean),SG,"28°00'58""N","10°49'01""W",,,,,,,,,
,,Laglat mica-schists showing superimposed structures,SG,"22°36'44""N","14°28'57""W",,,,,,,,,
Middle Atlas,,Accident of Izelfane,SG,33°21′25.4 ″N,4°02′39.3 ″W,….,….,,,,,,,
,,Fossils of Ighzer Izelfane,PL,33°21′28.4 ″N,4°01′46.7 ″W,,,,,,,,,
,,Diapir of Tittaouine,SG,33°22′04.3 ″N,4°01′00.1 ″W,,,,,,,,,
,,Salt mine of Tittaouine,GM,33°22′22.8 ″N,4°01′04.6 ″W,,,,,,,,,
,,Tittaouine Spring,H,33°22′28.6 ″N,4°01′16.4 ″W,,,,,,,,,
,,Jbel Aghanja’s fold,SG,33°22′43.9 ″N,4°00′37.9 ″W,,,,,,,,,
,,Kardoud and Abdel Ali springs,H,33°19′12.6 ″N,3°55′00.6 ″W,,,,,,,,,
,,Calcite quarry,GM,33°28′15.0 ″N,3°57′49.1 ″W,,,,,,,,,
,,Sauropod footprints,PL,33°28′48.8 ″N,4°01′25.5 ″W,,,,,,,,,
,,Jbel Bou Naceur,SG,33°34′14.7 ″N,3°53′16.8 ″W,,,,,,,,,
,,Ain Jdid,H,33°29′10.7 ″N,3°49′01.7 ″W,,,,,,,,,
Meseta,Doukkala-Abda,Late Precambrian rhyolites of Sidi Daoui,Pt,33°14′00″N,8°30′00″W,….,….,,,,,,,
,,Jbel Irhoud,"PL,St&T",….,….,,,,,,,,,
,,Sidi Saïd Mâachou Basin,"PL,St&Pt",33°00′33°15′N,8°00′8°15′W,,,,,,,,,
,,Lalla Fatna escarpment,PL&St,"32°23′54,15″N","9°15′44,54″W",,,,,,,,,
,,Sidi Bouzid escarpment,PL&St,32°18′01″N,9°15′04″W,,,,,,,,,
,,Jorf Lasfar escarpment,PL&St,"33°09′24,66″N","08°37′24,74″W",,,,,,,,,
,,Consolidated and unconsolidated dunes,G,….,….,,,,,,,,,
,,ElGoraan cave,GM,32°33′27″N,9°15′15″W,,,,,,,,,
,,ElKhénzira cave,GM,"33°09′24,64″N",08°37′23″W,,,,,,,,,
,,Oualidia caves,GM,"32°40′42″–32°47′07″,8°52′
  30″–9°02′50″",,,,,,,,,,
,,Oualidia Lagoon,E,"32°40′42″–32°47′07″,8°52′ 30″–9°02′50″",,,,,,,,,,
,,Sidi Moussa Lagoon,E,32°52′0″N,8°51′05″W,,,,,,,,,
,,Zima Lake,E,32°04’48″N,08°39’36″W,,,,,,,,,
,,Phosphate de posit of Ganntour,T,32°7′48″N,8°30′0″E,,,,,,,,,
,Béni Mellal-Khénifra,Phosphate layers (Ouled Abdoun basin),,,,,,,,,,,,
,,Phosphatherium escuilliei,,,,,,,,,,,,
,,Numidotherium koholense,,,,,,,,,,,,
Middle Atlas,,Boulemane,G&SG,"33°21'52""N","4°43'21""W",….,….,,,,,,,
,,Guigou valley,G&St,"33°24'17""N","4°43' 16""W",,,,,,,,,
,,Guigou valley,Pt,"33°27'39""N","4°40'21""W",,,,,,,,,
,,Taferdoust,G&I,"33°28'25""N","4°39'16""W",,,,,,,,,
,,Taghrout,"G,St&SG","33°28'59""N","4°36'27""W",,,,,,,,,
,,Anchrif,PL,"33°28'56""N","4°37'08""W",,,,,,,,,
,,Skoura,"H,S&G","33°30'58""N","4°32'23""W",,,,,,,,,
,,Tadaout,St,"33°31'09""N","4°3'020""W",,,,,,,,,
,,Tizi-n-Issoulitene,SG,"33°29'57""N","W4°27'29""W",,,,,,,,,
,,Mohammed Azeroual,PL,"33°29'55""N","42°8'08""W",,,,,,,,,
,,El Mers,PL&I,"33°26'40""N","4°27'00""W",,,,,,,,,
,,"The R’cham fold and surrounding panorama (Hafat Banat, Oued Rmel dam)",SG,,,,,,,,,,,
Rif,Tanger-Tétouan-Al Hoceïma,The flute casts of Punta Cires,S,,,35°54’N ,5° 25’ W,,,,,,,
,,Current patterns and inverted series of the Tizirène nappe at Ksar Sghir,SG,35°50’56‘’N,05°33’59‘’W,,,,,,,,,
,,The sandstone-mica flysch of the Oued Ledian coast,S,35°50’56‘’N,05°33’59‘’W,,,,,,,,,
,,Talaat Lakraa mixed flysch,G,,,,,,,,,,,
,,Beni Ider of Sidi Kankouch,S,,,,,,,,,,,
,,Cap Malabata,S,35° 46‘ and 35° 48’ N,5° 45‘ and 5° 49’ W,,,,,,,,,
,,The Upper Cretaceous of the Beni Ider nappe and the Italian Castle,S&SG,,,,,,,,,,,
,,Phoenician Necropolises and the Numidian,GeC,,,,,,,,,,,
,,The Numidian of Cap Spartel,S,,,,,,,,,,,
,,Achakar calcarenites,G,,,,,,,,,,,
,,Grotte Hercule,G,,,,,,,,,,,
Middle Atlas,Béni Mellal-Khénifra,"Ain Asserdoune, Béni Mellal city","H,G,K, C&Ec","32,3241 N","6,3375 W",,,,,,,,,
,,"Taghbaloute-n- Ouhlima, El Ksiba city","H,K,C&E","32,55341501 N","6,01361989 W",,,,,,,,,
,,"Ain Tamda, Zaouit Cheikh city","K,H,C&A","32,64057778 N","5,91269444 W",,,,,,,,,
,,"Sources d’Ouchrah, Tagzirte","G,K,H,E,C&R","32,42897599 N","6,170837578 W",,,,,,,,,
,,"Jbel Taçmit, Foum El Ancer","H,K&C","32,29302956 N","6,214958909 W",,,,,,,,,
,,"Canyon Moudj, Foum El Ancer","H,K&E","32,280556 N","6,2975 W",,,,,,,,,
Central High Atlas,Béni Mellal-Khénifra,Bine El Ouidane dam anchored in massive oncolithic limestones of the Fm BI,H,32°6′32.20″N,6°27′48.03″W,32° 06′ 24″Nto32°06′ 24″N,6° 27′ 50″ Wto6°27′ 50″ W,,,,,,,
,,"Panoramic view on the Tadla plain and the Afourer
  pumped storage power station (PSPS)",H,32°6′32.20″N,6°27′48.03″W,,,,,,,,,
,,"Rhynchonella-type brachiopods and big gasteropds ( marl-limestones of Fm
  BII)",PL,32° 6′24.89″N,6°27′29.98″W,,,,,,,,,
,,"Overfold affecting the marl-limestones of Fm
  BII",SG,32° 6′24.89″N,6°27′29.98″W,,,,,,,,,
,,"Large lamellibranchs, gasteropods, and polypiers (marl-limestones of Fm BII)",PL,32° 6′24.89″N,6°27′29.98″W,,,,,,,,,
,,Massive oncolitic limestones of Fm BIII ( beginning of Middle-Upper regression),PL,32° 6′23.08″N,6°27′6.69″W,,,,,,,,,
,,"Black limestone beds of Fm BII with large ammonites lamellibranchs, gasteropods, and polypiers",PL,32° 6′24.89″N,6°27′29.98″W,,,,,,,,,
,,Passage of the marine carbonate deposits from FmBIII to the red layers (Middle and Upper Jurassic regression),S,32° 6′24.85″N,6°26′49.91″W,,,,,,,,,
,,Footprints of Theropod & Sauropod dinosaurs ( Saurischia dinosaurs) in silt beds of Bathonian-age (165 Ma),PL,32° 6′24.85″N,6°26′49.91″W,,,,,,,,,
,,YellowishTilouguite Fm of Upper Bajocian-Lower Bathonian age,S,32° 6′24.85″N,6°26′49.91″W,,,,,,,,,
,,The first basalt flow (the major effusive event of Middle Jurassic),St,32°6′46.64″N,6°24′59.70″W,,,,,,,,,
,,Panoramic view of the Ouaouizaght syncline (Cretaceous formation),S&St,32° 7′54.04″N,6°23′49.67″ W,,,,,,,,,
,,Gypsum of the Iouaridene Fm of Lower Barremian (sabkha environment),S,32° 8′1.74″N,6°18′42.41″W,,,,,,,,,
,,Euphorbia resinifiera (in Arabic Zakoum) couvering the Iouardene Fm,S,32° 8′1.74″N,6°18′42.41″W,,,,,,,,,
,,The basaltic flow B2 (The Major effusive Upper Barremian event),Mg,32° 8′1.74″N,6°18′42.41″W,,,,,,,,,
,,Mio-Pliocene alluvial terraces,H,32° 7′58.88″N,6°18′0.93″W,,,,,,,,,
,,The acted conglomerates deposited by the ancient Oued El Abid River,H,32° 7′58.88″N,6°18′0.93″W,,,,,,,,,
,,The spectacular land scapes overlooking the entire Bine El Ouidane dam are panoramic,H,32° 5′30.55″N,6°19′53.61″W,,,,,,,,,
,,"Red layers, layers of gypsum, interstratified basalt flow B2",S&Mg,,,,,,,,,,,
,,Houses and the granaries cover the sum mits of the red brick hills surrounding the lake,C&Ar,,,,,,,,,,,
,,Silty and sandstone strata tracks of footprints of theropod and sauropod dinosaurs,St&PL,,,,,,,,,,,
,,Cross-stratification and current ripples) of Guettioua and Jbel Sidal Fms,S,,,,,,,,,,,
,,"Beautiful views of the lake, the outlet and the meanders of Ahansal river",,32° 4′11.81″N,6°25′26.51″W,,,,,,,,,
,,Panoramic view of the meanders,,32° 4′11.81″N,6°25′26.51″W,,,,,,,,,
,,Continental Guettioua Fm on the marine Fm BIII with a gap in the Tilougite Fm,St,32° 4′11.81″N,6°25′26.51″W,,,,,,,,,
,,Coffee built on the massive limestone of BIII,Ar,32° 4′11.81″N,6°25′26.51″W,,,,,,,,,
,,"Hotels, chalets and guest houses, coffee shop, and restaurants",Ar,32° 6′29.98″N,6°28′21.93″W,,,,,,,,,
,,Cavities and caves on the left bank of the Assif Assemsil,K,32° 6′29.98″N,6°28′21.93″W,,,,,,,,,
,,Deep gorges in Fm BIII limestones from the Assif Assemssil river,,32°4′49″N,6°27′36″W,,,,,,,,,
,,Troglodyte construction of the Ait Aloui and Ait Izza douars,C&Ar,,,,,,,,,,,
,,Ait Idir granary perched,C&Ar,,,,,,,,,,,
,,Well-distinguished fault making contact between the Fm m. BIII & the Guettioua Fm,St,32′4′22″N,6°26′43″W,,,,,,,,,
,,"Oblique, cross-stratification, bioclasts of brachiopods & lamellibranchs on granary stone",S&PL,32′4′22″N,6°26′43″W,,,,,,,,,
,,"Limestone banks rich in fossils of gastropods, lamellibranch, brachio pods, ammonites, & places polypiers in the Ouaouizaght syncline",PL,32′4′22″N,6°26′43″W,,,,,,,,,
Central High Atlas,Béni Mellal-Khénifra,Spring of Ain Asserdoune,"H,K&R",,," 32° 11'0""–32°35'0"" N","5° 55'0"" 6°35'0"" W",,,,,,,
,,Spring of Ain El Ghazi,"H,K&R",,,,,,,,,,,
,,Karren Moudj,"H,K&R",,,,,,,,,,,
,,Canyon of Hansala,,,,,,,,,,,,
,,Canyon of Moudj,,,,,,,,,,,,
,,Timskar Waterfalls,,,,,,,,,,,,
,,Tazerkount ruiniformes landscapes,K,,,,,,,,,,,
,,Ruiniformes Landscapes of Oribaa,K,,,,,,,,,,,
,,Caves of Orbiaa,K,,,,,,,,,,,
,,Caves of Ain El ghazi,K,,,,,,,,,,,
,,Ain Orbiaa,,,,,,,,,,,,
,,Ruiniformes Landscapes of Tassemit,K,,,,,,,,,,,
,,Travertines of Timskar,K,,,,,,,,,,,
,,Tazzerkount Tepee Structures,K,,,,,,,,,,,
,,Travertines of El Ksiba,K,,,,,,,,,,,
,,Ruiniformes landscapes of El Ksiba,K,,,,,,,,,,,
,,Fossils of Moudj,PL,,,,,,,,,,,
,,Panoramic view of rurate,"H,K&R",,,,,,,,,,,
,,Spring of lala Kamria,"H,K&R",,,,,,,,,,,
,,Spring of Tamoudjout,"H,K&R",,,,,,,,,,,
,,Spring of Ouchrah,"H,K&R",,,,,,,,,,,
,,Sinkholes river at the level of El Ksiba,K&H,,,,,,,,,,,
,,Sinkhole at the Orbia,K&H,,,,,,,,,,,
,,Polje at the level of Tassemit,K,,,,,,,,,,,
,,Polje at the site of Tazerkount.,K,,,,,,,,,,,
,,Giant Polje at El Ksiba,K,,,,,,,,,,,
,,Moudj waterfall,H,,,,,,,,,,,
,,Panoramic view of the Orbia,G,,,,,,,,,,,
,,The ruiniform landscapes of the Ain el Ghazi,K,,,,,,,,,,,
,,Panoramic view of the Ain el Ghazi,G,,,,,,,,,,,
,,Panoramic view of Beni Mellal city,G,,,,,,,,,,,
,,Caves of the cliffs of Timoulilte,K,,,,,,,,,,,
,,Caves of the cliffs of Tit n’ziza at dir d’El Ksiba,K,,,,,,,,,,,
,,Cave of the cliffs of Tanougha,K,,,,,,,,,,,
,,Cave of Tazart n’amar at Tanougha,K,,,,,,,,,,,
,,Cave of Foum El Ancer,K,,,,,,,,,,,
,,Cave of Orbiaa,K,,,,,,,,,,,
,,Stalactites inside Orbiaa cave,K,,,,,,,,,,,
,,"Giant grikes of Moudj 
 of liass lower Sineurian age fossilized from the Gastropods and lamellibranchs.",K,,,,,,,,,,,
,,Incipient karren of Moudj,H&K,,,,,,,,,,,
,,Freeze and thaw karren at Moudj site,H&K,,,,,,,,,,,
,,Grikes at Moudj site,K,,,,,,,,,,,
,,Limestones and carbonates(Liass lower Sineurian) with Gastropods and lamellibranchs at Moudj,St&PL,,,,,,,,,,,
Central High Atlas,Béni Mellal-Khénifra,Fairy chimneys of Assamar,G,…,…, 31°30′0″–32°30′30″N,6°23′30″–6°47′30″W ,,,,,,,
,,Alluvial terraces of Aït Mallal,G,…,…,,,,,,,,,
,,Aït Mallal valley,G,…,…,,,,,,,,,
,,Badlands of Igoulouane,G,…,…,,,,,,,,,
,,Arouss valley,G,…,…,,,,,,,,,
,,Canyon of High-Tessaout valley,G,…,…,,,,,,,,,
,,Canyon of Ikiss,G,…,…,,,,,,,,,
,,Canyon of Abachkou valley,G,…,…,,,,,,,,,
,,Canyon of Rougoult valley,G,…,…,,,,,,,,,
,,Rat syncline,G,…,…,,,,,,,,,
,,Peak and cliffs of Tarkeddid mountain,G,…,…,,,,,,,,,
,,Mount M’goun (4068 m),G,…,…,,,,,,,,,
,,The unconf Paleozoic basement-Mesozoic sedimentary cover of Aït Mallal,G,…,…,,,,,,,,,
,,Rougoult waterfall,G,…,…,,,,,,,,,
,,Springs of Oued Lakhdar (green river),G,…,…,,,,,,,,,
,,Springs and waterfall of Ikiss,G,…,…,,,,,,,,,
,,Sinkholes of the Rat mountain,G,…,…,,,,,,,,,
,,Glacial cirques and U-shaped valleys of M’goun,G,…,…,,,,,,,,,
,,Glacial cirques and U-shaped valleys of Rat mountain,G,…,…,,,,,,,,,
,,Scree and talus deposits of Rat mountain,G,…,…,,,,,,,,,
,,Scree and talus deposits of Tarkeddid mountain,G,…,…,,,,,,,,,
,,Troglodyte caves of Igoulouane,G,…,…,,,,,,,,,
,,Rock engravings of Tizi-n-Tirghyst,G,…,…,,,,,,,,,
,,Lake sediment of Aït Bougmez valley,G,…,…,,,,,,,,,
Central Morocco,Marrakech-Safi,unconf of Tahannaout; Douar Sour,PL,,,,,,,,,,,
,,Normal faults with tilted blocks of Zawyat bou houta,SG,,,,,,,,,,,
,,"Hemigraben perched on visean basement, graben, tilted block and normal faults (Tibizzit)",SG,,,,,,,,,,,
,,Syn-sedimentary tectonic geosite of a normal fault (Aghzane),SG&S,,,,,,,,,,,
,,Asni anticlinorium,SG,,,,,,,,,,,
,,Syn-sedimentary tectonic geosite and normal faults of Tinitine,SG&S,,,,,,,,,,,
,,Aerial courses and tree climbing in Terre d’Amanar tourist site (Tahannaout),,,,,,,,,,,,
,,restaurants and D coffees in Moulay Brahim Village,,,,,,,,,,,,
,,Imlil landscape,,,,,,,,,,,,
,,The foot of Toubkal,,,,,,,,,,,,
,,The Toubkal National Park,,,,,,,,,,,,
,,,,,,,,,,,,,,
,,,PL,,,,,,,,,,,
,,,PL,,,,,,,,,,,
,,46 articles,,,,,,,,,,,,
,,,,,,,,,,,,,,
,,1 article de conférence manquant,,,,,,,,,,,,
,,,,,,,,,,,,,,
,,4 articles ont des styles différents des autres (pas de valorisation des géosites),,,,,,,,,,,,
,,,,,,,,,,,,,,
,,,,,,,,,,,,,,
,,,,,,,,,,,,,,
,,,,,,,,,,,,,,
,,,,,,,,,,,,,,
,,,,,,,,,,,,,,
,,,,,,,,,,,,,,
,,,,,,,,,,,,,,
,,,,,,,,,,,,,,
,,,,,,,,,,,,,,
,,,,,,,,,,,,,,
,,,,,,,,,,,,,,
,,,,,,,,,,,,,,
,,,,,,,,,,,,,,
,,,,,,,,,,,,,,
,,,,,,,,,,,,,,
,,,,,,,,,,,,,,
,,,,,,,,,,,,,,
,,,,,,,,,,,,,,
,,,,,,,,,,,,,,
,,,,,,,,,,,,,,
,,,,,,,,,,,,,,
,,,,,,,,,,,,,,
,,,,,,,,,,,,,,
,,,,,,,,,,,,,,
,,,,,,,,,,,,,,
,,,,,,,,,,,,,,
,,,,,,,,,,,,,,
,,,,,,,,,,,,,,
,,,,,,,,,,,,,,
,,,,,,,,,,,,,,
,,,,,,,,,,,,,,
,,,,,,,,,,,,,,
,,,,,,,,,,,,,,
,,,,,,,,,,,,,,
,,,,,,,,,,,,,,
,,,,,,,,,,,,,,
,,,,,,,,,,,,,,
,,,,,,,,,,,,,,
,,,,,,,,,,,,,,
,,,,,,,,,,,,,,
,,,,,,,,,,,,,,
,,,,,,,,,,,,,,
,,,,,,,,,,,,,,
,,,,,,,,,,,,,,
,,,,,,,,,,,,,,
,,,,,,,,,,,,,,
,,,,,,,,,,,,,,
,,,,,,,,,,,,,,
,,,,,,,,,,,,,,
,,,,,,,,,,,,,,
,,,,,,,,,,,,,,
,,,,,,,,,,,,,,
,,,,,,,,,,,,,,
,,,,,,,,,,,,,,
,,,,,,,,,,,,,,
,,,,,,,,,,,,,,
,,,,,,,,,,,,,,
,,,,,,,,,,,,,,
,,,,,,,,,,,,,,
,,,,,,,,,,,,,,
,,,,,,,,,,,,,,
,,,,,,,,,,,,,,
,,,,,,,,,,,,,,
,,,,,,,,,,,,,,
,,,,,,,,,,,,,,
,,,,,,,,,,,,,,
,,,,,,,,,,,,,,
,,,,,,,,,,,,,,
,,,,,,,,,,,,,,
,,,,,,,,,,,,,,
,,,,,,,,,,,,,,
,,,,,,,,,,,,,,
,,,,,,,,,,,,,,
,,,,,,,,,,,,,,
,,,,,,,,,,,,,,
,,,,,,,,,,,,,,
,,,,,,,,,,,,,,
,,,,,,,,,,,,,,
,,,,,,,,,,,,,,
,,,,,,,,,,,,,,
,,,,,,,,,,,,,,
,,,,,,,,,,,,,,
,,,,,,,,,,,,,,
,,,,,,,,,,,,,,
,,,,,,,,,,,,,,
,,,,,,,,,,,,,,
,,,,,,,,,,,,,,
,,,,,,,,,,,,,,
,,,,,,,,,,,,,,
,,,,,,,,,,,,,,
,,,,,,,,,,,,,,
,,,,,,,,,,,,,,
,,,,,,,,,,,,,,
,,,,,,,,,,,,,,
,,,,,,,,,,,,,,
,,,,,,,,,,,,,,
,,,,,,,,,,,,,,
,,,,,,,,,,,,,,
,,,,,,,,,,,,,,
,,,,,,,,,,,,,,
,,,,,,,,,,,,,,
,,,,,,,,,,,,,,
,,,,,,,,,,,,,,
,,,,,,,,,,,,,,
,,,,,,,,,,,,,,
,,,,,,,,,,,,,,
,,,,,,,,,,,,,,
,,,,,,,,,,,,,,
,,,,,,,,,,,,,,
,,,,,,,,,,,,,,
,,,,,,,,,,,,,,
,,,,,,,,,,,,,,
,,,,,,,,,,,,,,
,,,,,,,,,,,,,,
,,,,,,,,,,,,,,
,,,,,,,,,,,,,,
,,,,,,,,,,,,,,
,,,,,,,,,,,,,,
,,,,,,,,,,,,,,
,,,,,,,,,,,,,,
,,,,,,,,,,,,,,
,,,,,,,,,,,,,,
,,,,,,,,,,,,,,
,,,,,,,,,,,,,,
,,,,,,,,,,,,,,
,,,,,,,,,,,,,,
,,,,,,,,,,,,,,
,,,,,,,,,,,,,,
,,,,,,,,,,,,,,
,,,,,,,,,,,,,,
,,,,,,,,,,,,,,
,,,,,,,,,,,,,,
,,,,,,,,,,,,,,
,,,,,,,,,,,,,,
,,,,,,,,,,,,,,
,,,,,,,,,,,,,,
,,,,,,,,,,,,,,
,,,,,,,,,,,,,,
,,,,,,,,,,,,,,
,,,,,,,,,,,,,,
,,,,,,,,,,,,,,
,,,,,,,,,,,,,,
,,,,,,,,,,,,,,
,,,,,,,,,,,,,,
,,,,,,,,,,,,,,
,,,,,,,,,,,,,,
,,,,,,,,,,,,,,
,,,,,,,,,,,,,,
,,,,,,,,,,,,,,
,,,,,,,,,,,,,,
,,,,,,,,,,,,,,
,,,,,,,,,,,,,,
,,,,,,,,,,,,,,
,,,,,,,,,,,,,,
,,,,,,,,,,,,,,
,,,,,,,,,,,,,,
,,,,,,,,,,,,,,
,,,,,,,,,,,,,,
,,,,,,,,,,,,,,
,,,,,,,,,,,,,,
,,,,,,,,,,,,,,
,,,,,,,,,,,,,,
,,,,,,,,,,,,,,
,,,,,,,,,,,,,,
,,,,,,,,,,,,,,
,,,,,,,,,,,,,,
,,,,,,,,,,,,,,
,,,,,,,,,,,,,,
,,,,,,,,,,,,,,
,,,,,,,,,,,,,,
,,,,,,,,,,,,,,
,,,,,,,,,,,,,,
,,,,,,,,,,,,,,
,,,,,,,,,,,,,,
,,,,,,,,,,,,,,
,,,,,,,,,,,,,,
,,,,,,,,,,,,,,
,,,,,,,,,,,,,,
,,,,,,,,,,,,,,
,,,,,,,,,,,,,,
,,,,,,,,,,,,,,
,,,,,,,,,,,,,,
,,,,,,,,,,,,,,
,,,,,,,,,,,,,,
,,,,,,,,,,,,,,
,,,,,,,,,,,,,,
,,,,,,,,,,,,,,
,,,,,,,,,,,,,,
,,,,,,,,,,,,,,
,,,,,,,,,,,,,,
,,,,,,,,,,,,,,
,,,,,,,,,,,,,,
,,,,,,,,,,,,,,
,,,,,,,,,,,,,,
,,,,,,,,,,,,,,
,,,,,,,,,,,,,,
,,,,,,,,,,,,,,
,,,,,,,,,,,,,,
,,,,,,,,,,,,,,
,,,,,,,,,,,,,,
,,,,,,,,,,,,,,
,,,,,,,,,,,,,,
,,,,,,,,,,,,,,
,,,,,,,,,,,,,,
,,,,,,,,,,,,,,
,,,,,,,,,,,,,,
,,,,,,,,,,,,,,
,,,,,,,,,,,,,,
,,,,,,,,,,,,,,
,,,,,,,,,,,,,,
,,,,,,,,,,,,,,
,,,,,,,,,,,,,,
,,,,,,,,,,,,,,
,,,,,,,,,,,,,,
,,,,,,,,,,,,,,
,,,,,,,,,,,,,,
,,,,,,,,,,,,,,
,,,,,,,,,,,,,,
,,,,,,,,,,,,,,
,,,,,,,,,,,,,,
,,,,,,,,,,,,,,
,,,,,,,,,,,,,,
,,,,,,,,,,,,,,
,,,,,,,,,,,,,,
,,,,,,,,,,,,,,
,,,,,,,,,,,,,,
,,,,,,,,,,,,,,
,,,,,,,,,,,,,,
,,,,,,,,,,,,,,
,,,,,,,,,,,,,,
,,,,,,,,,,,,,,
,,,,,,,,,,,,,,
,,,,,,,,,,,,,,
,,,,,,,,,,,,,,
,,,,,,,,,,,,,,
,,,,,,,,,,,,,,
,,,,,,,,,,,,,,
,,,,,,,,,,,,,,
,,,,,,,,,,,,,,
,,,,,,,,,,,,,,
,,,,,,,,,,,,,,
,,,,,,,,,,,,,,
,,,,,,,,,,,,,,
,,,,,,,,,,,,,,
,,,,,,,,,,,,,,
,,,,,,,,,,,,,,
,,,,,,,,,,,,,,
,,,,,,,,,,,,,,
,,,,,,,,,,,,,,
,,,,,,,,,,,,,,
,,,,,,,,,,,,,,
,,,,,,,,,,,,,,
,,,,,,,,,,,,,,
,,,,,,,,,,,,,,
,,,,,,,,,,,,,,
,,,,,,,,,,,,,,
,,,,,,,,,,,,,,
,,,,,,,,,,,,,,
,,,,,,,,,,,,,,
,,,,,,,,,,,,,,
,,,,,,,,,,,,,,
,,,,,,,,,,,,,,
,,,,,,,,,,,,,,
,,,,,,,,,,,,,,
,,,,,,,,,,,,,,
,,,,,,,,,,,,,,
,,,,,,,,,,,,,,
,,,,,,,,,,,,,,
,,,,,,,,,,,,,,
,,,,,,,,,,,,,,
,,,,,,,,,,,,,,
,,,,,,,,,,,,,,
,,,,,,,,,,,,,,
,,,,,,,,,,,,,,
,,,,,,,,,,,,,,
,,,,,,,,,,,,,,
,,,,,,,,,,,,,,
,,,,,,,,,,,,,,
,,,,,,,,,,,,,,
,,,,,,,,,,,,,,
,,,,,,,,,,,,,,
,,,,,,,,,,,,,,
,,,,,,,,,,,,,,
,,,,,,,,,,,,,,
,,,,,,,,,,,,,,
,,,,,,,,,,,,,,
,,,,,,,,,,,,,,
,,,,,,,,,,,,,,
,,,,,,,,,,,,,,
,,,,,,,,,,,,,,
,,,,,,,,,,,,,,
,,,,,,,,,,,,,,
,,,,,,,,,,,,,,
,,,,,,,,,,,,,,
,,,,,,,,,,,,,,
,,,,,,,,,,,,,,
,,,,,,,,,,,,,,
,,,,,,,,,,,,,,
,,,,,,,,,,,,,,
,,,,,,,,,,,,,,
,,,,,,,,,,,,,,
,,,,,,,,,,,,,,
,,,,,,,,,,,,,,
,,,,,,,,,,,,,,
,,,,,,,,,,,,,,
,,,,,,,,,,,,,,
,,,,,,,,,,,,,,
,,,,,,,,,,,,,,
,,,,,,,,,,,,,,
,,,,,,,,,,,,,,
,,,,,,,,,,,,,,
,,,,,,,,,,,,,,
,,,,,,,,,,,,,,
,,,,,,,,,,,,,,
,,,,,,,,,,,,,,
,,,,,,,,,,,,,,
,,,,,,,,,,,,,,
,,,,,,,,,,,,,,
,,,,,,,,,,,,,,
,,,,,,,,,,,,,,
,,,,,,,,,,,,,,
,,,,,,,,,,,,,,
,,,,,,,,,,,,,,
,,,,,,,,,,,,,,
,,,,,,,,,,,,,,
,,,,,,,,,,,,,,
,,,,,,,,,,,,,,
,,,,,,,,,,,,,,
,,,,,,,,,,,,,,
,,,,,,,,,,,,,,
,,,,,,,,,,,,,,
,,,,,,,,,,,,,,
,,,,,,,,,,,,,,
,,,,,,,,,,,,,,
,,,,,,,,,,,,,,
,,,,,,,,,,,,,,
,,,,,,,,,,,,,,
,,,,,,,,,,,,,,
,,,,,,,,,,,,,,
,,,,,,,,,,,,,,
,,,,,,,,,,,,,,
,,,,,,,,,,,,,,
,,,,,,,,,,,,,,
,,,,,,,,,,,,,,
,,,,,,,,,,,,,,
,,,,,,,,,,,,,,
,,,,,,,,,,,,,,
,,,,,,,,,,,,,,
,,,,,,,,,,,,,,
,,,,,,,,,,,,,,
