Excel_Row_Index,Geosite_Name,Geosite_Type,Geological_Domain,Administrative_Region,Latitude_WGS84,Longitude_WGS84,Elevation_m,Slope_deg,Ruggedness,Dist_to_Dam_m,Dist_to_River_m,LULC_Class,Soil_Class,Geology_Class,Domain_Geosite_Count,Region_Geosite_Count,Dist_to_Highway_m,Dist_to_Piste_m,Accessibility,Accessibility_v1,Fuzzy_Accessibility_Score,Fuzzy_Accessibility_Category,Is_Inside_Boundary,V_sci,V_vuln,V_geo,Cluster_ID,Management_Profile
279,Jbel Younech Ruiniform aspects,G,Rif,Tanger-Tétouan-Al Hoceïma,35.896051,-5.390169,60.45918273925781,1.2697172164916992,49.75267028808594,0.0,0.0,11.0,10.0,7.0,40.0,40.0,0.0,0.0,Easy,Moderate,0.962,Easy,True,3.7,3.95,3.61,3,Promotion Éducative (Grand Public)
284,Mujer Muerta,G&SG,Rif,Tanger-Tétouan-Al Hoceïma,35.908787,-5.389026,39.88265228271485,1.071091890335083,48.95479202270508,0.0,1183.4320068359375,13.0,10.0,7.0,40.0,40.0,0.0,0.0,Easy,Easy,0.9628,Easy,True,3.07,2.38,2.77,2,Conservation Active (Sensibilité physique)
285,Laila Island,"SG,Hi",Rif,Tanger-Tétouan-Al Hoceïma,35.916551,-5.406037,60.45918273925781,2.4889614582061768,58.81288909912109,0.0,2599.881591796875,4.0,10.0,,40.0,40.0,1183.432,0.0,Easy,Easy,0.8509,Easy,True,3.42,3.1,3.85,3,Promotion Éducative (Grand Public)
286,The Terraces of Ras Leona,SG,Rif,Tanger-Tétouan-Al Hoceïma,35.92068,-5.401799,60.45918273925781,2.4889614582061768,58.81288909912109,0.0,2599.881591796875,4.0,10.0,,40.0,40.0,1183.432,0.0,Easy,Easy,0.8509,Easy,True,4.43,2.36,4.31,0,Préservation Absolue (Sanctuaire)
288,Jbel Chendir ,S&SG,Rif,Tanger-Tétouan-Al Hoceïma,35.906329,-5.38799,39.88265228271485,1.071091890335083,48.95479202270508,0.0,1183.4320068359375,13.0,10.0,7.0,40.0,40.0,0.0,0.0,Easy,Easy,0.9628,Easy,True,2.41,2.32,3.65,2,Conservation Active (Sensibilité physique)
289,Socio-cultural complex,C,Rif,Tanger-Tétouan-Al Hoceïma,35.90611111111111,-5.388055555555556,39.88265228271485,1.071091890335083,48.95479202270508,0.0,1183.4320068359375,13.0,10.0,7.0,40.0,40.0,0.0,0.0,Easy,Easy,0.9628,Easy,True,2.69,1.83,4.65,2,Conservation Active (Sensibilité physique)
290,The travertine terraces of Bel Younech,"S,PL&C",Rif,Tanger-Tétouan-Al Hoceïma,35.907023,-5.393334,39.88265228271485,1.071091890335083,48.95479202270508,0.0,1183.4320068359375,13.0,10.0,7.0,40.0,40.0,0.0,0.0,Easy,Easy,0.9628,Easy,True,4.01,2.01,4.63,0,Préservation Absolue (Sanctuaire)
291,Low coast of the SBEI of Jbel Moussa and islands,G&C,Rif,Tanger-Tétouan-Al Hoceïma,35.909169,-5.393398,39.88265228271485,1.071091890335083,48.95479202270508,0.0,1183.4320068359375,13.0,10.0,7.0,40.0,40.0,0.0,0.0,Easy,Easy,0.9628,Easy,True,4.38,1.43,2.37,0,Préservation Absolue (Sanctuaire)
339,Ali Thilat Dam,H,Rif,Tanger-Tétouan-Al Hoceïma,35.181758358106,-5.239428901052023,883.5203857421875,9.48238468170166,296.58758544921875,28384.021484375,1656.8048095703125,13.0,9.0,,40.0,40.0,3347.2512,0.0,Moderate,Difficult,0.4593,Moderate,True,2.73,2.82,1.96,4,Promotion Géotouristique Locale
340,Quarry of blocks ,GM,Rif,Tanger-Tétouan-Al Hoceïma,35.17831677014425,-5.226483300457814,862.94384765625,8.028785705566406,295.12908935546875,29800.470703125,2366.864013671875,13.0,9.0,32.0,40.0,40.0,3742.3406,1183.432,Difficult,Difficult,0.156,Difficult,True,3.78,2.43,2.35,1,Préservation Passive (Accès difficile)
341,Rueda Nummilitic succession ,SG,Rif,Tanger-Tétouan-Al Hoceïma,33.75431809475165,-5.246702609118411,1830.040771484375,1.0565228462219238,46.58594131469727,13250.76953125,11834.3203125,15.0,3.0,71.0,40.0,40.0,1183.432,1183.432,Easy,Moderate,0.8586,Easy,False,4.54,3.08,4.49,3,Promotion Éducative (Grand Public)
342,Talâat Adrhosse Klippe ,SG,Rif,Tanger-Tétouan-Al Hoceïma,35.24709269284413,-5.183919234627224,862.94384765625,6.806554317474365,245.12306213378903,22455.85546875,1183.4320068359375,15.0,3.0,,40.0,40.0,0.0,0.0,Easy,Difficult,0.7029,Easy,True,2.9,3.19,4.57,4,Promotion Géotouristique Locale
343,Oued Laou Gorge ,G,Rif,Tanger-Tétouan-Al Hoceïma,35.235550758142985,-5.1797965490221145,1027.55615234375,8.408731460571289,296.7176818847656,23398.931640625,1656.8048095703125,13.0,,,40.0,40.0,1183.432,0.0,Easy,Difficult,0.5629,Easy,True,2.84,1.73,2.49,2,Conservation Active (Sensibilité physique)
344,Ibouharen Fold,SG,Rif,Tanger-Tétouan-Al Hoceïma,35.24543329036464,-5.15818572568217,616.0255126953125,4.535290718078613,147.63320922851562,23883.310546875,0.0,15.0,,32.0,40.0,40.0,2366.864,0.0,Easy,Difficult,0.6488,Easy,True,2.66,4.1,2.91,4,Promotion Géotouristique Locale
345,Tirinesse Basin ,S,Rif,Tanger-Tétouan-Al Hoceïma,35.28305489894164,-5.130659902793731,1151.0152587890625,9.890663146972656,350.2606201171875,22481.53515625,3313.609619140625,15.0,9.0,69.0,40.0,40.0,5917.16,1183.432,Difficult,Difficult,0.1437,Difficult,True,2.93,4.14,3.44,4,Promotion Géotouristique Locale
346,Koudiat Achacha ,SG,Rif,Tanger-Tétouan-Al Hoceïma,35.2710502173657,-5.12157746130065,883.5203857421875,6.001735687255859,222.47625732421875,24138.33984375,1656.8048095703125,13.0,9.0,69.0,40.0,40.0,6372.9766,0.0,Easy,Difficult,0.5517,Easy,True,4.75,3.11,2.66,3,Promotion Éducative (Grand Public)
347,"Dune,beachand cliffs of Kaâ Asrascoast",S,Rif,Tanger-Tétouan-Al Hoceïma,35.3746530740449,-5.024382099022211,1253.89794921875,12.05183219909668,325.01422119140625,25299.759765625,3783.313720703125,8.0,,25.0,40.0,40.0,1183.432,0.0,Easy,Difficult,0.5013,Easy,True,4.35,2.46,3.19,1,Préservation Passive (Accès difficile)
348,Targha mica-shist ,PT,Rif,Tanger-Tétouan-Al Hoceïma,35.412906152617786,-5.028550441283678,1171.591796875,15.854135513305664,384.19769287109375,24600.708984375,1656.8048095703125,13.0,9.0,,40.0,40.0,1183.432,1673.6256,Moderate,Difficult,0.4081,Moderate,False,2.81,2.39,3.85,4,Promotion Géotouristique Locale
349,Stehat gneiss,PT,Rif,Tanger-Tétouan-Al Hoceïma,35.45561402078408,-5.096308659865039,1953.5,2.7823052406311035,263.2817077636719,17751.48046875,3783.313720703125,13.0,3.0,25.0,40.0,40.0,0.0,0.0,Easy,Difficult,0.7021,Easy,True,4.36,1.91,3.3,0,Préservation Absolue (Sanctuaire)
350,Beni Bousera Kinzigites ,PT,Rif,Tanger-Tétouan-Al Hoceïma,35.48207414879903,-5.131463767369714,1809.4642333984373,8.227495193481445,225.6839599609375,14667.2177734375,1656.8048095703125,11.0,9.0,25.0,40.0,40.0,0.0,0.0,Easy,Difficult,0.7198,Easy,True,3.06,2.13,3.9,2,Conservation Active (Sensibilité physique)
351,Tihissasse fan delta,G,Rif,Tanger-Tétouan-Al Hoceïma,35.474510865016946,-5.113093485521536,1830.040771484375,10.357747077941896,266.01129150390625,15617.6328125,1656.8048095703125,8.0,9.0,25.0,40.0,40.0,0.0,1183.432,Easy,Difficult,0.637,Easy,True,3.44,2.04,3.37,2,Conservation Active (Sensibilité physique)
352,BeniBousera Peridotitic Complex ,PT,Rif,Tanger-Tétouan-Al Hoceïma,35.52732169189336,-5.194990926733846,513.1428833007812,8.212812423706055,232.3250732421875,10883.9052734375,0.0,10.0,,25.0,40.0,40.0,0.0,0.0,Easy,Difficult,0.7093,Easy,True,4.66,1.82,1.9,0,Préservation Absolue (Sanctuaire)
353,Talambote bad lands ,G,Rif,Tanger-Tétouan-Al Hoceïma,35.26757228863778,-5.2099195120724495,986.403076171875,5.660786151885986,209.4752349853516,19382.6015625,3783.313720703125,15.0,,32.0,40.0,40.0,1183.432,1183.432,Easy,Difficult,0.6846,Easy,True,4.36,4.2,3.01,3,Promotion Éducative (Grand Public)
354,Talambote Thrusting,SG,Rif,Tanger-Tétouan-Al Hoceïma,35.27923536008803,-5.217673993338394,965.8265380859376,4.562334537506104,180.96875,17966.15234375,3313.609619140625,8.0,3.0,,40.0,40.0,1183.432,0.0,Easy,Difficult,0.7342,Easy,True,3.21,4.17,3.28,3,Promotion Éducative (Grand Public)
355,Akchour landslide ,SG,Rif,Tanger-Tétouan-Al Hoceïma,35.24979614976434,-5.183912408238101,862.94384765625,6.806554317474365,245.12306213378903,22455.85546875,1183.4320068359375,15.0,3.0,,40.0,40.0,0.0,0.0,Easy,Difficult,0.7029,Easy,True,3.62,3.09,3.93,3,Promotion Éducative (Grand Public)
356,Akchour Gorge,G,Rif,Tanger-Tétouan-Al Hoceïma,35.282857705057545,-5.230557221259563,862.94384765625,4.9001078605651855,209.5753173828125,17733.134765625,2599.881591796875,13.0,,24.0,40.0,40.0,0.0,0.0,Easy,Difficult,0.7728,Easy,True,4.09,3.49,3.79,3,Promotion Éducative (Grand Public)
357,Sidi Abdel Hamid,SG,Rif,Tanger-Tétouan-Al Hoceïma,35.206791028756705,-5.310092889130856,471.9898071289063,4.149006366729736,149.98239135742188,25085.08984375,0.0,8.0,9.0,32.0,40.0,40.0,0.0,0.0,Easy,Moderate,0.8738,Easy,True,2.41,2.32,3.3,2,Conservation Active (Sensibilité physique)
358,Ras Ma Spring ,H,Rif,Tanger-Tétouan-Al Hoceïma,35.21833195677501,-5.318756095870113,533.7193603515625,5.2799391746521,161.56761169433594,23901.65625,1183.4320068359375,15.0,9.0,32.0,40.0,40.0,0.0,0.0,Easy,Moderate,0.8509,Easy,True,3.01,1.58,3.15,2,Conservation Active (Sensibilité physique)
359,BabTazaPhtanites ,GM,Rif,Tanger-Tétouan-Al Hoceïma,35.2793230292996,-5.442327293994906,471.9898071289063,1.2450677156448364,133.69613647460938,16782.720703125,1183.4320068359375,11.0,,,40.0,40.0,1183.432,0.0,Easy,Difficult,0.8069,Easy,True,4.31,2.69,2.15,0,Préservation Absolue (Sanctuaire)
360,Bouhala Landslice,G,Rif,Tanger-Tétouan-Al Hoceïma,35.313233448135364,-5.438441306152264,780.6377563476562,9.50128173828125,288.9940490722656,18199.169921875,3313.609619140625,8.0,,24.0,40.0,40.0,3742.3406,0.0,Moderate,Difficult,0.4637,Moderate,True,2.44,2.83,2.67,4,Promotion Géotouristique Locale
361,Chrafate Spring ,G,Rif,Tanger-Tétouan-Al Hoceïma,35.36118505312328,-5.418168222746441,1171.591796875,14.022329330444336,299.1166076660156,13483.7861328125,5199.76318359375,15.0,,70.0,40.0,40.0,3550.296,0.0,Moderate,Difficult,0.3987,Moderate,True,3.84,1.57,4.54,1,Préservation Passive (Accès difficile)
362,Chrafate Alluvial Fan ,S,Rif,Tanger-Tétouan-Al Hoceïma,35.340635355491365,-5.440158153083255,862.94384765625,10.818002700805664,263.554443359375,16797.39453125,4256.6865234375,7.0,9.0,24.0,40.0,40.0,6034.343,0.0,Moderate,Difficult,0.4694,Moderate,True,3.85,2.88,1.97,1,Préservation Passive (Accès difficile)
363,Beni Derkoul Radiolarites,PL,Rif,Tanger-Tétouan-Al Hoceïma,35.3618211825068,-5.435482141506588,1027.55615234375,12.386090278625488,332.0784912109375,14426.86328125,4256.6865234375,13.0,,70.0,40.0,40.0,4733.728,0.0,Moderate,Difficult,0.4102,Moderate,True,2.65,4.28,2.01,4,Promotion Géotouristique Locale
364,Jbel Chrafate,S,Rif,Tanger-Tétouan-Al Hoceïma,35.361319189135315,-5.424339137879596,1171.591796875,14.022329330444336,299.1166076660156,13483.7861328125,5199.76318359375,15.0,,70.0,40.0,40.0,3550.296,0.0,Moderate,Difficult,0.3987,Moderate,True,3.32,2.49,2.69,1,Préservation Passive (Accès difficile)
365,Ametrasse rocks fall ,G,Rif,Tanger-Tétouan-Al Hoceïma,35.36131919122874,-5.424328138081956,1171.591796875,14.022329330444336,299.1166076660156,13483.7861328125,5199.76318359375,15.0,,70.0,40.0,40.0,3550.296,0.0,Moderate,Difficult,0.3987,Moderate,True,2.49,2.31,3.53,4,Promotion Géotouristique Locale
366,AmetrasseTertiary Fm Succession ,S,Rif,Tanger-Tétouan-Al Hoceïma,35.43814464119641,-5.394612761384898,780.6377563476562,9.757123947143556,334.9364624023437,8284.0244140625,4256.6865234375,15.0,,,40.0,40.0,0.0,0.0,Easy,Difficult,0.5938,Easy,True,4.54,3.72,4.67,3,Promotion Éducative (Grand Public)
367,Kodiat Sbaâ,G,Rif,Tanger-Tétouan-Al Hoceïma,35.3952673598756,-5.43976561160645,862.94384765625,6.142615795135498,295.22100830078125,13716.8056640625,1183.4320068359375,11.0,,,40.0,40.0,1673.6256,0.0,Moderate,Difficult,0.484,Moderate,True,4.75,3.56,4.68,3,Promotion Éducative (Grand Public)
368,Raghdat Southern,G,Rif,Tanger-Tétouan-Al Hoceïma,35.299406646993035,-5.411120390022425,574.8724365234375,10.226445198059082,259.1453552246094,17026.744140625,0.0,13.0,,,40.0,40.0,1673.6256,0.0,Moderate,Difficult,0.4798,Moderate,True,2.54,2.24,4.68,4,Promotion Géotouristique Locale
369,Jbel Bou Sliman,G,Rif,Tanger-Tétouan-Al Hoceïma,35.31806624622103,-5.372840869212867,924.6734619140624,9.938739776611328,314.5191650390625,14656.2119140625,1656.8048095703125,13.0,,,40.0,40.0,0.0,1183.432,Easy,Difficult,0.6015,Easy,True,4.54,3.2,2.21,3,Promotion Éducative (Grand Public)
370,Jbel Lakraa,S,Rif,Tanger-Tétouan-Al Hoceïma,35.21666666666667,-5.25,1315.6275634765625,12.178386688232422,287.11016845703125,24600.708984375,2599.881591796875,15.0,8.0,,40.0,40.0,4266.925,0.0,Moderate,Difficult,0.4343,Moderate,True,3.78,2.92,3.76,1,Préservation Passive (Accès difficile)
371,Oued Tassikisste Gorge ,G,Rif,Tanger-Tétouan-Al Hoceïma,35.25584836067911,-5.048941605258649,1315.6275634765625,10.62480926513672,248.6056060791016,29338.1015625,1656.8048095703125,13.0,9.0,24.0,40.0,40.0,5917.16,1183.432,Difficult,Difficult,0.1605,Difficult,True,4.18,2.19,3.37,1,Préservation Passive (Accès difficile)
373,Khzanat Spring,H,Rif,Tanger-Tétouan-Al Hoceïma,35.21636688344947,-5.05173898180192,883.5203857421875,13.657771110534668,355.3737487792969,32422.361328125,3313.609619140625,15.0,9.0,,40.0,40.0,5917.16,1673.6256,Difficult,Difficult,0.0248,Difficult,True,3.91,1.63,2.38,1,Préservation Passive (Accès difficile)
374,Jbel Tellouja karst ,G,Rif,Tanger-Tétouan-Al Hoceïma,35.23181859593759,-5.279753047641164,1171.591796875,12.493728637695312,346.1594543457031,22951.2421875,1183.4320068359375,13.0,,32.0,40.0,40.0,2366.864,1183.432,Difficult,Difficult,0.1569,Difficult,True,3.8,2.24,4.54,1,Préservation Passive (Accès difficile)
375,Raghdat Arimlal ,G,Rif,Tanger-Tétouan-Al Hoceïma,35.16939288330852,-5.084877527601663,595.448974609375,6.734619617462158,192.32882690429688,27917.98828125,1183.4320068359375,15.0,,,40.0,40.0,8284.024,2366.864,Difficult,Difficult,0.0025,Difficult,True,2.45,2.67,2.58,4,Promotion Géotouristique Locale
376,Pont de Dieu and Farda River,G,Rif,Tanger-Tétouan-Al Hoceïma,35.28091801260875,-5.266496643168397,965.8265380859376,7.813151836395264,233.3141632080078,17267.099609375,2366.864013671875,13.0,8.0,,40.0,40.0,2366.864,1183.432,Difficult,Difficult,0.2046,Difficult,True,2.9,3.28,4.7,4,Promotion Géotouristique Locale
377,Oued ElKelaa Gorge and waterfall,G,Rif,Tanger-Tétouan-Al Hoceïma,35.3196662940637,-5.266656014410412,595.448974609375,4.309171676635742,150.64476013183594,12533.373046875,1183.4320068359375,11.0,3.0,,40.0,40.0,4266.925,1183.432,Difficult,Difficult,0.2136,Difficult,True,3.71,2.06,3.53,1,Préservation Passive (Accès difficile)
378,Tissimlane cherty limestone,S,Rif,Tanger-Tétouan-Al Hoceïma,35.23326080094855,-5.301047739972288,657.1785888671875,5.3606157302856445,274.7101745605469,22485.208984375,2366.864013671875,15.0,9.0,32.0,40.0,40.0,0.0,0.0,Easy,Difficult,0.6766,Easy,True,4.25,3.22,2.41,3,Promotion Éducative (Grand Public)
379,Jbel Tissouka,S,Rif,Tanger-Tétouan-Al Hoceïma,35.25047137989931,-5.325119157861406,513.1428833007812,4.652425289154053,142.3348846435547,20584.37890625,0.0,6.0,9.0,32.0,40.0,40.0,0.0,0.0,Easy,Difficult,0.8813,Easy,True,3.0,1.9,2.98,2,Conservation Active (Sensibilité physique)
645,The flute casts of Punta Cires,S,Rif,Tanger-Tétouan-Al Hoceïma,35.9,-5.416666666666667,163.3418426513672,4.480707168579102,263.4773254394531,1183.4320068359375,2366.864013671875,11.0,,,40.0,40.0,1673.6256,0.0,Easy,Difficult,0.5147,Easy,True,3.09,3.27,2.43,4,Promotion Géotouristique Locale
646,Current patterns and inverted series of the Tizirène nappe at Ksar Sghir,SG,Rif,Tanger-Tétouan-Al Hoceïma,35.848888888888894,-5.566388888888889,225.0714263916016,1.026761531829834,94.20365142822266,8513.373046875,4733.72802734375,4.0,3.0,8.0,40.0,40.0,0.0,0.0,Easy,Moderate,0.9417,Easy,False,4.45,3.63,3.05,3,Promotion Éducative (Grand Public)
650,Cap Malabata,S,Rif,Tanger-Tétouan-Al Hoceïma,35.78333333333333,-0.0333333333333332,965.8265380859376,2.7823052406311035,91.82048034667967,16782.720703125,1183.4320068359375,,,,40.0,40.0,186036.11,192594.23,Difficult,,0.0,Difficult,False,4.74,3.64,3.57,1,Préservation Passive (Accès difficile)
